user_id,campaign_id,category,event_type,occurred_at
user-0009,115,Y tế,VIEW,2025-01-01T00:00:00+00:00
user-0041,869,Văn hóa,VIEW,2025-01-01T02:00:00+00:00
user-0235,169,Giáo dục,FOLLOW,2025-01-01T04:00:00+00:00
user-0096,348,Giáo dục,FOLLOW,2025-01-01T06:00:00+00:00
user-0078,542,Y tế,CONTRIBUTE,2025-01-01T08:00:00+00:00
user-0017,317,Giáo dục,CONTRIBUTE,2025-01-01T10:00:00+00:00
user-0144,246,Khởi nghiệp,VIEW,2025-01-01T12:00:00+00:00
user-0255,973,Khởi nghiệp,VIEW,2025-01-01T14:00:00+00:00
user-0258,712,Văn hóa,VIEW,2025-01-01T16:00:00+00:00
user-0079,522,Y tế,VIEW,2025-01-01T18:00:00+00:00
user-0149,744,Giáo dục,VIEW,2025-01-01T20:00:00+00:00
user-0264,244,Y tế,SEARCH,2025-01-01T22:00:00+00:00
user-0204,601,Môi trường,VIEW,2025-01-02T00:00:00+00:00
user-0076,396,Y tế,VIEW,2025-01-02T02:00:00+00:00
user-0294,275,Môi trường,VIEW,2025-01-02T04:00:00+00:00
user-0206,948,Văn hóa,CONTRIBUTE,2025-01-02T06:00:00+00:00
user-0108,119,Công nghệ,SEARCH,2025-01-02T08:00:00+00:00
user-0292,515,Y tế,VIEW,2025-01-02T10:00:00+00:00
user-0249,237,Y tế,VIEW,2025-01-02T12:00:00+00:00
user-0169,523,Văn hóa,VIEW,2025-01-02T14:00:00+00:00
user-0002,804,Y tế,SEARCH,2025-01-02T16:00:00+00:00
user-0035,462,Môi trường,SEARCH,2025-01-02T18:00:00+00:00
user-0116,189,Khởi nghiệp,FOLLOW,2025-01-02T20:00:00+00:00
user-0023,722,Công nghệ,FOLLOW,2025-01-02T22:00:00+00:00
user-0181,602,Giáo dục,VIEW,2025-01-03T00:00:00+00:00
user-0174,937,Môi trường,VIEW,2025-01-03T02:00:00+00:00
user-0006,993,Khởi nghiệp,VIEW,2025-01-03T04:00:00+00:00
user-0008,466,Môi trường,VIEW,2025-01-03T06:00:00+00:00
user-0072,597,Khởi nghiệp,FOLLOW,2025-01-03T08:00:00+00:00
user-0195,364,Giáo dục,SEARCH,2025-01-03T10:00:00+00:00
user-0130,948,Văn hóa,VIEW,2025-01-03T12:00:00+00:00
user-0179,64,Y tế,VIEW,2025-01-03T14:00:00+00:00
user-0269,555,Văn hóa,VIEW,2025-01-03T16:00:00+00:00
user-0296,343,Khởi nghiệp,FOLLOW,2025-01-03T18:00:00+00:00
user-0016,913,Y tế,VIEW,2025-01-03T20:00:00+00:00
user-0046,859,Môi trường,VIEW,2025-01-03T22:00:00+00:00
user-0133,577,Giáo dục,SEARCH,2025-01-04T00:00:00+00:00
user-0124,39,Văn hóa,FOLLOW,2025-01-04T02:00:00+00:00
user-0279,532,Văn hóa,VIEW,2025-01-04T04:00:00+00:00
user-0227,580,Giáo dục,VIEW,2025-01-04T06:00:00+00:00
user-0177,934,Văn hóa,SEARCH,2025-01-04T08:00:00+00:00
user-0121,550,Khởi nghiệp,SEARCH,2025-01-04T10:00:00+00:00
user-0109,884,Công nghệ,VIEW,2025-01-04T12:00:00+00:00
user-0016,707,Giáo dục,VIEW,2025-01-04T14:00:00+00:00
user-0203,801,Giáo dục,FOLLOW,2025-01-04T16:00:00+00:00
user-0135,46,Y tế,SEARCH,2025-01-04T18:00:00+00:00
user-0244,763,Môi trường,VIEW,2025-01-04T20:00:00+00:00
user-0022,717,Văn hóa,VIEW,2025-01-04T22:00:00+00:00
user-0108,60,Khởi nghiệp,SEARCH,2025-01-05T00:00:00+00:00
user-0257,622,Văn hóa,SEARCH,2025-01-05T02:00:00+00:00
user-0247,628,Y tế,VIEW,2025-01-05T04:00:00+00:00
user-0150,705,Khởi nghiệp,VIEW,2025-01-05T06:00:00+00:00
user-0014,253,Y tế,FOLLOW,2025-01-05T08:00:00+00:00
user-0068,98,Giáo dục,FOLLOW,2025-01-05T10:00:00+00:00
user-0266,685,Văn hóa,VIEW,2025-01-05T12:00:00+00:00
user-0092,952,Khởi nghiệp,VIEW,2025-01-05T14:00:00+00:00
user-0300,13,Y tế,VIEW,2025-01-05T16:00:00+00:00
user-0292,140,Văn hóa,FOLLOW,2025-01-05T18:00:00+00:00
user-0216,891,Khởi nghiệp,CONTRIBUTE,2025-01-05T20:00:00+00:00
user-0081,279,Văn hóa,VIEW,2025-01-05T22:00:00+00:00
user-0037,839,Y tế,FOLLOW,2025-01-06T00:00:00+00:00
user-0051,881,Khởi nghiệp,SEARCH,2025-01-06T02:00:00+00:00
user-0288,125,Khởi nghiệp,SEARCH,2025-01-06T04:00:00+00:00
user-0045,927,Y tế,VIEW,2025-01-06T06:00:00+00:00
user-0005,542,Y tế,SEARCH,2025-01-06T08:00:00+00:00
user-0244,648,Môi trường,SEARCH,2025-01-06T10:00:00+00:00
user-0272,789,Công nghệ,VIEW,2025-01-06T12:00:00+00:00
user-0277,227,Môi trường,VIEW,2025-01-06T14:00:00+00:00
user-0294,422,Văn hóa,VIEW,2025-01-06T16:00:00+00:00
user-0277,505,Khởi nghiệp,VIEW,2025-01-06T18:00:00+00:00
user-0221,207,Khởi nghiệp,VIEW,2025-01-06T20:00:00+00:00
user-0022,884,Công nghệ,VIEW,2025-01-06T22:00:00+00:00
user-0231,867,Công nghệ,FOLLOW,2025-01-07T00:00:00+00:00
user-0023,376,Môi trường,VIEW,2025-01-07T02:00:00+00:00
user-0068,752,Văn hóa,VIEW,2025-01-07T04:00:00+00:00
user-0094,218,Giáo dục,SEARCH,2025-01-07T06:00:00+00:00
user-0273,500,Công nghệ,VIEW,2025-01-07T08:00:00+00:00
user-0052,845,Công nghệ,VIEW,2025-01-07T10:00:00+00:00
user-0094,636,Công nghệ,VIEW,2025-01-07T12:00:00+00:00
user-0207,930,Văn hóa,FOLLOW,2025-01-07T14:00:00+00:00
user-0022,225,Công nghệ,SEARCH,2025-01-07T16:00:00+00:00
user-0057,532,Văn hóa,VIEW,2025-01-07T18:00:00+00:00
user-0039,55,Công nghệ,VIEW,2025-01-07T20:00:00+00:00
user-0299,666,Công nghệ,VIEW,2025-01-07T22:00:00+00:00
user-0141,415,Văn hóa,CONTRIBUTE,2025-01-08T00:00:00+00:00
user-0237,794,Y tế,FOLLOW,2025-01-08T02:00:00+00:00
user-0218,836,Giáo dục,VIEW,2025-01-08T04:00:00+00:00
user-0112,188,Y tế,VIEW,2025-01-08T06:00:00+00:00
user-0226,22,Y tế,VIEW,2025-01-08T08:00:00+00:00
user-0126,551,Môi trường,VIEW,2025-01-08T10:00:00+00:00
user-0171,687,Văn hóa,VIEW,2025-01-08T12:00:00+00:00
user-0041,771,Văn hóa,FOLLOW,2025-01-08T14:00:00+00:00
user-0030,186,Giáo dục,VIEW,2025-01-08T16:00:00+00:00
user-0001,86,Văn hóa,FOLLOW,2025-01-08T18:00:00+00:00
user-0233,838,Văn hóa,VIEW,2025-01-08T20:00:00+00:00
user-0183,53,Giáo dục,SEARCH,2025-01-08T22:00:00+00:00
user-0073,800,Môi trường,VIEW,2025-01-09T00:00:00+00:00
user-0115,133,Khởi nghiệp,VIEW,2025-01-09T02:00:00+00:00
user-0097,859,Môi trường,CONTRIBUTE,2025-01-09T04:00:00+00:00
user-0200,396,Y tế,FOLLOW,2025-01-09T06:00:00+00:00
user-0186,33,Y tế,VIEW,2025-01-09T08:00:00+00:00
user-0270,225,Công nghệ,VIEW,2025-01-09T10:00:00+00:00
user-0020,244,Y tế,VIEW,2025-01-09T12:00:00+00:00
user-0056,423,Khởi nghiệp,VIEW,2025-01-09T14:00:00+00:00
user-0204,726,Môi trường,VIEW,2025-01-09T16:00:00+00:00
user-0169,199,Môi trường,VIEW,2025-01-09T18:00:00+00:00
user-0219,158,Khởi nghiệp,FOLLOW,2025-01-09T20:00:00+00:00
user-0151,720,Văn hóa,VIEW,2025-01-09T22:00:00+00:00
user-0277,578,Khởi nghiệp,FOLLOW,2025-01-10T00:00:00+00:00
user-0164,9,Môi trường,VIEW,2025-01-10T02:00:00+00:00
user-0136,679,Văn hóa,CONTRIBUTE,2025-01-10T04:00:00+00:00
user-0215,750,Công nghệ,VIEW,2025-01-10T06:00:00+00:00
user-0110,286,Công nghệ,FOLLOW,2025-01-10T08:00:00+00:00
user-0287,52,Giáo dục,FOLLOW,2025-01-10T10:00:00+00:00
user-0071,643,Khởi nghiệp,VIEW,2025-01-10T12:00:00+00:00
user-0293,755,Công nghệ,SEARCH,2025-01-10T14:00:00+00:00
user-0174,108,Giáo dục,VIEW,2025-01-10T16:00:00+00:00
user-0219,718,Công nghệ,VIEW,2025-01-10T18:00:00+00:00
user-0138,30,Giáo dục,VIEW,2025-01-10T20:00:00+00:00
user-0149,680,Khởi nghiệp,SEARCH,2025-01-10T22:00:00+00:00
user-0036,991,Công nghệ,VIEW,2025-01-11T00:00:00+00:00
user-0258,559,Công nghệ,CONTRIBUTE,2025-01-11T02:00:00+00:00
user-0105,999,Khởi nghiệp,SEARCH,2025-01-11T04:00:00+00:00
user-0136,868,Công nghệ,SEARCH,2025-01-11T06:00:00+00:00
user-0032,990,Y tế,VIEW,2025-01-11T08:00:00+00:00
user-0221,41,Khởi nghiệp,VIEW,2025-01-11T10:00:00+00:00
user-0047,963,Khởi nghiệp,VIEW,2025-01-11T12:00:00+00:00
user-0252,618,Công nghệ,VIEW,2025-01-11T14:00:00+00:00
user-0093,531,Môi trường,FOLLOW,2025-01-11T16:00:00+00:00
user-0216,956,Khởi nghiệp,SEARCH,2025-01-11T18:00:00+00:00
user-0274,123,Môi trường,CONTRIBUTE,2025-01-11T20:00:00+00:00
user-0067,353,Y tế,VIEW,2025-01-11T22:00:00+00:00
user-0247,368,Giáo dục,VIEW,2025-01-12T00:00:00+00:00
user-0005,985,Y tế,VIEW,2025-01-12T02:00:00+00:00
user-0183,156,Khởi nghiệp,FOLLOW,2025-01-12T04:00:00+00:00
user-0216,543,Khởi nghiệp,VIEW,2025-01-12T06:00:00+00:00
user-0221,69,Khởi nghiệp,VIEW,2025-01-12T08:00:00+00:00
user-0007,192,Văn hóa,FOLLOW,2025-01-12T10:00:00+00:00
user-0240,783,Y tế,FOLLOW,2025-01-12T12:00:00+00:00
user-0053,834,Công nghệ,VIEW,2025-01-12T14:00:00+00:00
user-0193,819,Môi trường,FOLLOW,2025-01-12T16:00:00+00:00
user-0169,944,Môi trường,SEARCH,2025-01-12T18:00:00+00:00
user-0235,664,Công nghệ,SEARCH,2025-01-12T20:00:00+00:00
user-0166,192,Văn hóa,SEARCH,2025-01-12T22:00:00+00:00
user-0251,54,Giáo dục,SEARCH,2025-01-13T00:00:00+00:00
user-0056,114,Khởi nghiệp,SEARCH,2025-01-13T02:00:00+00:00
user-0056,88,Khởi nghiệp,SEARCH,2025-01-13T04:00:00+00:00
user-0117,737,Văn hóa,SEARCH,2025-01-13T06:00:00+00:00
user-0269,482,Văn hóa,SEARCH,2025-01-13T08:00:00+00:00
user-0165,23,Giáo dục,VIEW,2025-01-13T10:00:00+00:00
user-0097,348,Giáo dục,SEARCH,2025-01-13T12:00:00+00:00
user-0260,249,Công nghệ,SEARCH,2025-01-13T14:00:00+00:00
user-0044,845,Công nghệ,VIEW,2025-01-13T16:00:00+00:00
user-0159,591,Khởi nghiệp,VIEW,2025-01-13T18:00:00+00:00
user-0160,451,Văn hóa,FOLLOW,2025-01-13T20:00:00+00:00
user-0025,311,Y tế,VIEW,2025-01-13T22:00:00+00:00
user-0204,955,Môi trường,SEARCH,2025-01-14T00:00:00+00:00
user-0093,574,Môi trường,CONTRIBUTE,2025-01-14T02:00:00+00:00
user-0288,175,Giáo dục,SEARCH,2025-01-14T04:00:00+00:00
user-0048,291,Giáo dục,SEARCH,2025-01-14T06:00:00+00:00
user-0054,98,Giáo dục,FOLLOW,2025-01-14T08:00:00+00:00
user-0056,827,Công nghệ,VIEW,2025-01-14T10:00:00+00:00
user-0134,710,Môi trường,VIEW,2025-01-14T12:00:00+00:00
user-0200,300,Y tế,SEARCH,2025-01-14T14:00:00+00:00
user-0153,759,Môi trường,VIEW,2025-01-14T16:00:00+00:00
user-0015,736,Môi trường,CONTRIBUTE,2025-01-14T18:00:00+00:00
user-0249,958,Y tế,SEARCH,2025-01-14T20:00:00+00:00
user-0204,620,Khởi nghiệp,VIEW,2025-01-14T22:00:00+00:00
user-0143,417,Văn hóa,SEARCH,2025-01-15T00:00:00+00:00
user-0108,718,Công nghệ,FOLLOW,2025-01-15T02:00:00+00:00
user-0299,706,Công nghệ,SEARCH,2025-01-15T04:00:00+00:00
user-0210,181,Môi trường,VIEW,2025-01-15T06:00:00+00:00
user-0275,244,Y tế,SEARCH,2025-01-15T08:00:00+00:00
user-0124,485,Y tế,SEARCH,2025-01-15T10:00:00+00:00
user-0089,17,Môi trường,VIEW,2025-01-15T12:00:00+00:00
user-0237,872,Y tế,VIEW,2025-01-15T14:00:00+00:00
user-0089,426,Môi trường,SEARCH,2025-01-15T16:00:00+00:00
user-0299,935,Công nghệ,SEARCH,2025-01-15T18:00:00+00:00
user-0068,555,Văn hóa,VIEW,2025-01-15T20:00:00+00:00
user-0131,698,Môi trường,SEARCH,2025-01-15T22:00:00+00:00
user-0029,378,Y tế,CONTRIBUTE,2025-01-16T00:00:00+00:00
user-0042,516,Khởi nghiệp,FOLLOW,2025-01-16T02:00:00+00:00
user-0178,931,Giáo dục,VIEW,2025-01-16T04:00:00+00:00
user-0244,449,Môi trường,VIEW,2025-01-16T06:00:00+00:00
user-0096,815,Y tế,VIEW,2025-01-16T08:00:00+00:00
user-0207,86,Văn hóa,VIEW,2025-01-16T10:00:00+00:00
user-0170,29,Văn hóa,VIEW,2025-01-16T12:00:00+00:00
user-0066,258,Văn hóa,FOLLOW,2025-01-16T14:00:00+00:00
user-0037,279,Văn hóa,CONTRIBUTE,2025-01-16T16:00:00+00:00
user-0179,815,Y tế,VIEW,2025-01-16T18:00:00+00:00
user-0043,105,Văn hóa,VIEW,2025-01-16T20:00:00+00:00
user-0221,757,Khởi nghiệp,SEARCH,2025-01-16T22:00:00+00:00
user-0126,857,Giáo dục,SEARCH,2025-01-17T00:00:00+00:00
user-0279,662,Y tế,VIEW,2025-01-17T02:00:00+00:00
user-0121,837,Khởi nghiệp,VIEW,2025-01-17T04:00:00+00:00
user-0119,85,Giáo dục,FOLLOW,2025-01-17T06:00:00+00:00
user-0022,39,Văn hóa,VIEW,2025-01-17T08:00:00+00:00
user-0049,522,Y tế,VIEW,2025-01-17T10:00:00+00:00
user-0173,18,Khởi nghiệp,FOLLOW,2025-01-17T12:00:00+00:00
user-0056,429,Khởi nghiệp,SEARCH,2025-01-17T14:00:00+00:00
user-0178,384,Giáo dục,SEARCH,2025-01-17T16:00:00+00:00
user-0229,815,Y tế,VIEW,2025-01-17T18:00:00+00:00
user-0041,489,Văn hóa,SEARCH,2025-01-17T20:00:00+00:00
user-0207,776,Công nghệ,VIEW,2025-01-17T22:00:00+00:00
user-0280,84,Khởi nghiệp,SEARCH,2025-01-18T00:00:00+00:00
user-0225,285,Giáo dục,FOLLOW,2025-01-18T02:00:00+00:00
user-0007,312,Văn hóa,FOLLOW,2025-01-18T04:00:00+00:00
user-0073,379,Công nghệ,VIEW,2025-01-18T06:00:00+00:00
user-0285,182,Môi trường,VIEW,2025-01-18T08:00:00+00:00
user-0214,301,Khởi nghiệp,VIEW,2025-01-18T10:00:00+00:00
user-0072,32,Khởi nghiệp,VIEW,2025-01-18T12:00:00+00:00
user-0175,1000,Khởi nghiệp,VIEW,2025-01-18T14:00:00+00:00
user-0194,882,Khởi nghiệp,SEARCH,2025-01-18T16:00:00+00:00
user-0109,558,Công nghệ,VIEW,2025-01-18T18:00:00+00:00
user-0219,134,Công nghệ,VIEW,2025-01-18T20:00:00+00:00
user-0042,677,Y tế,SEARCH,2025-01-18T22:00:00+00:00
user-0276,145,Công nghệ,VIEW,2025-01-19T00:00:00+00:00
user-0150,978,Công nghệ,VIEW,2025-01-19T02:00:00+00:00
user-0240,693,Y tế,SEARCH,2025-01-19T04:00:00+00:00
user-0089,828,Văn hóa,SEARCH,2025-01-19T06:00:00+00:00
user-0104,346,Giáo dục,VIEW,2025-01-19T08:00:00+00:00
user-0271,157,Môi trường,SEARCH,2025-01-19T10:00:00+00:00
user-0017,470,Giáo dục,FOLLOW,2025-01-19T12:00:00+00:00
user-0200,902,Khởi nghiệp,FOLLOW,2025-01-19T14:00:00+00:00
user-0054,608,Công nghệ,SEARCH,2025-01-19T16:00:00+00:00
user-0125,860,Văn hóa,VIEW,2025-01-19T18:00:00+00:00
user-0178,425,Giáo dục,VIEW,2025-01-19T20:00:00+00:00
user-0096,550,Khởi nghiệp,VIEW,2025-01-19T22:00:00+00:00
user-0246,590,Y tế,VIEW,2025-01-20T00:00:00+00:00
user-0163,317,Giáo dục,SEARCH,2025-01-20T02:00:00+00:00
user-0240,485,Y tế,VIEW,2025-01-20T04:00:00+00:00
user-0171,375,Công nghệ,VIEW,2025-01-20T06:00:00+00:00
user-0080,772,Công nghệ,VIEW,2025-01-20T08:00:00+00:00
user-0140,47,Giáo dục,VIEW,2025-01-20T10:00:00+00:00
user-0260,521,Môi trường,VIEW,2025-01-20T12:00:00+00:00
user-0053,145,Công nghệ,VIEW,2025-01-20T14:00:00+00:00
user-0059,162,Khởi nghiệp,FOLLOW,2025-01-20T16:00:00+00:00
user-0073,817,Y tế,SEARCH,2025-01-20T18:00:00+00:00
user-0237,707,Giáo dục,CONTRIBUTE,2025-01-20T20:00:00+00:00
user-0243,498,Khởi nghiệp,VIEW,2025-01-20T22:00:00+00:00
user-0046,602,Giáo dục,VIEW,2025-01-21T00:00:00+00:00
user-0171,792,Công nghệ,FOLLOW,2025-01-21T02:00:00+00:00
user-0195,86,Văn hóa,FOLLOW,2025-01-21T04:00:00+00:00
user-0190,362,Khởi nghiệp,SEARCH,2025-01-21T06:00:00+00:00
user-0216,939,Khởi nghiệp,CONTRIBUTE,2025-01-21T08:00:00+00:00
user-0289,334,Giáo dục,VIEW,2025-01-21T10:00:00+00:00
user-0071,983,Khởi nghiệp,VIEW,2025-01-21T12:00:00+00:00
user-0113,646,Khởi nghiệp,SEARCH,2025-01-21T14:00:00+00:00
user-0207,689,Công nghệ,VIEW,2025-01-21T16:00:00+00:00
user-0178,425,Giáo dục,SEARCH,2025-01-21T18:00:00+00:00
user-0077,312,Văn hóa,FOLLOW,2025-01-21T20:00:00+00:00
user-0102,275,Môi trường,VIEW,2025-01-21T22:00:00+00:00
user-0186,359,Giáo dục,SEARCH,2025-01-22T00:00:00+00:00
user-0087,205,Y tế,VIEW,2025-01-22T02:00:00+00:00
user-0032,539,Môi trường,VIEW,2025-01-22T04:00:00+00:00
user-0060,311,Y tế,SEARCH,2025-01-22T06:00:00+00:00
user-0129,56,Khởi nghiệp,FOLLOW,2025-01-22T08:00:00+00:00
user-0279,555,Văn hóa,SEARCH,2025-01-22T10:00:00+00:00
user-0242,986,Giáo dục,SEARCH,2025-01-22T12:00:00+00:00
user-0278,802,Môi trường,VIEW,2025-01-22T14:00:00+00:00
user-0271,227,Môi trường,FOLLOW,2025-01-22T16:00:00+00:00
user-0141,399,Văn hóa,VIEW,2025-01-22T18:00:00+00:00
user-0231,742,Công nghệ,VIEW,2025-01-22T20:00:00+00:00
user-0137,649,Khởi nghiệp,VIEW,2025-01-22T22:00:00+00:00
user-0284,572,Giáo dục,VIEW,2025-01-23T00:00:00+00:00
user-0083,408,Y tế,VIEW,2025-01-23T02:00:00+00:00
user-0215,792,Công nghệ,VIEW,2025-01-23T04:00:00+00:00
user-0259,321,Môi trường,SEARCH,2025-01-23T06:00:00+00:00
user-0061,437,Văn hóa,VIEW,2025-01-23T08:00:00+00:00
user-0217,691,Công nghệ,VIEW,2025-01-23T10:00:00+00:00
user-0227,211,Công nghệ,VIEW,2025-01-23T12:00:00+00:00
user-0293,534,Khởi nghiệp,VIEW,2025-01-23T14:00:00+00:00
user-0178,280,Khởi nghiệp,SEARCH,2025-01-23T16:00:00+00:00
user-0274,490,Môi trường,SEARCH,2025-01-23T18:00:00+00:00
user-0094,494,Công nghệ,SEARCH,2025-01-23T20:00:00+00:00
user-0266,516,Khởi nghiệp,SEARCH,2025-01-23T22:00:00+00:00
user-0135,300,Y tế,CONTRIBUTE,2025-01-24T00:00:00+00:00
user-0251,720,Văn hóa,CONTRIBUTE,2025-01-24T02:00:00+00:00
user-0300,901,Văn hóa,SEARCH,2025-01-24T04:00:00+00:00
user-0171,760,Công nghệ,SEARCH,2025-01-24T06:00:00+00:00
user-0189,52,Giáo dục,VIEW,2025-01-24T08:00:00+00:00
user-0273,722,Công nghệ,VIEW,2025-01-24T10:00:00+00:00
user-0272,608,Công nghệ,VIEW,2025-01-24T12:00:00+00:00
user-0083,102,Giáo dục,SEARCH,2025-01-24T14:00:00+00:00
user-0125,817,Y tế,VIEW,2025-01-24T16:00:00+00:00
user-0276,584,Y tế,SEARCH,2025-01-24T18:00:00+00:00
user-0151,805,Khởi nghiệp,FOLLOW,2025-01-24T20:00:00+00:00
user-0040,550,Khởi nghiệp,FOLLOW,2025-01-24T22:00:00+00:00
user-0190,617,Y tế,FOLLOW,2025-01-25T00:00:00+00:00
user-0232,575,Môi trường,SEARCH,2025-01-25T02:00:00+00:00
user-0291,533,Văn hóa,SEARCH,2025-01-25T04:00:00+00:00
user-0052,613,Công nghệ,VIEW,2025-01-25T06:00:00+00:00
user-0050,678,Y tế,FOLLOW,2025-01-25T08:00:00+00:00
user-0238,812,Khởi nghiệp,SEARCH,2025-01-25T10:00:00+00:00
user-0139,897,Môi trường,VIEW,2025-01-25T12:00:00+00:00
user-0044,703,Công nghệ,VIEW,2025-01-25T14:00:00+00:00
user-0104,239,Giáo dục,FOLLOW,2025-01-25T16:00:00+00:00
user-0069,614,Môi trường,SEARCH,2025-01-25T18:00:00+00:00
user-0291,262,Y tế,SEARCH,2025-01-25T20:00:00+00:00
user-0005,152,Môi trường,SEARCH,2025-01-25T22:00:00+00:00
user-0212,996,Môi trường,CONTRIBUTE,2025-01-26T00:00:00+00:00
user-0143,52,Giáo dục,VIEW,2025-01-26T02:00:00+00:00
user-0185,526,Văn hóa,FOLLOW,2025-01-26T04:00:00+00:00
user-0037,755,Công nghệ,VIEW,2025-01-26T06:00:00+00:00
user-0044,87,Văn hóa,VIEW,2025-01-26T08:00:00+00:00
user-0146,921,Khởi nghiệp,VIEW,2025-01-26T10:00:00+00:00
user-0040,721,Y tế,FOLLOW,2025-01-26T12:00:00+00:00
user-0241,174,Văn hóa,FOLLOW,2025-01-26T14:00:00+00:00
user-0190,509,Văn hóa,VIEW,2025-01-26T16:00:00+00:00
user-0238,643,Khởi nghiệp,FOLLOW,2025-01-26T18:00:00+00:00
user-0204,651,Môi trường,VIEW,2025-01-26T20:00:00+00:00
user-0111,159,Y tế,VIEW,2025-01-26T22:00:00+00:00
user-0293,131,Công nghệ,VIEW,2025-01-27T00:00:00+00:00
user-0094,272,Công nghệ,SEARCH,2025-01-27T02:00:00+00:00
user-0182,348,Giáo dục,VIEW,2025-01-27T04:00:00+00:00
user-0154,993,Khởi nghiệp,VIEW,2025-01-27T06:00:00+00:00
user-0078,189,Khởi nghiệp,FOLLOW,2025-01-27T08:00:00+00:00
user-0025,360,Công nghệ,SEARCH,2025-01-27T10:00:00+00:00
user-0082,486,Công nghệ,FOLLOW,2025-01-27T12:00:00+00:00
user-0019,769,Văn hóa,SEARCH,2025-01-27T14:00:00+00:00
user-0132,193,Y tế,FOLLOW,2025-01-27T16:00:00+00:00
user-0223,749,Khởi nghiệp,VIEW,2025-01-27T18:00:00+00:00
user-0185,966,Công nghệ,SEARCH,2025-01-27T20:00:00+00:00
user-0169,34,Môi trường,VIEW,2025-01-27T22:00:00+00:00
user-0254,513,Giáo dục,CONTRIBUTE,2025-01-28T00:00:00+00:00
user-0163,898,Giáo dục,VIEW,2025-01-28T02:00:00+00:00
user-0156,496,Khởi nghiệp,SEARCH,2025-01-28T04:00:00+00:00
user-0226,916,Giáo dục,SEARCH,2025-01-28T06:00:00+00:00
user-0257,289,Văn hóa,SEARCH,2025-01-28T08:00:00+00:00
user-0042,837,Khởi nghiệp,FOLLOW,2025-01-28T10:00:00+00:00
user-0283,888,Giáo dục,SEARCH,2025-01-28T12:00:00+00:00
user-0177,509,Văn hóa,CONTRIBUTE,2025-01-28T14:00:00+00:00
user-0268,534,Khởi nghiệp,VIEW,2025-01-28T16:00:00+00:00
user-0020,160,Văn hóa,FOLLOW,2025-01-28T18:00:00+00:00
user-0026,750,Công nghệ,CONTRIBUTE,2025-01-28T20:00:00+00:00
user-0083,195,Y tế,FOLLOW,2025-01-28T22:00:00+00:00
user-0288,245,Công nghệ,VIEW,2025-01-29T00:00:00+00:00
user-0237,782,Y tế,SEARCH,2025-01-29T02:00:00+00:00
user-0239,628,Y tế,VIEW,2025-01-29T04:00:00+00:00
user-0074,525,Giáo dục,VIEW,2025-01-29T06:00:00+00:00
user-0102,553,Văn hóa,SEARCH,2025-01-29T08:00:00+00:00
user-0270,451,Văn hóa,VIEW,2025-01-29T10:00:00+00:00
user-0272,19,Giáo dục,CONTRIBUTE,2025-01-29T12:00:00+00:00
user-0012,194,Môi trường,CONTRIBUTE,2025-01-29T14:00:00+00:00
user-0208,564,Công nghệ,FOLLOW,2025-01-29T16:00:00+00:00
user-0156,901,Văn hóa,FOLLOW,2025-01-29T18:00:00+00:00
user-0003,694,Văn hóa,SEARCH,2025-01-29T20:00:00+00:00
user-0120,820,Khởi nghiệp,VIEW,2025-01-29T22:00:00+00:00
user-0177,36,Văn hóa,SEARCH,2025-01-30T00:00:00+00:00
user-0082,895,Công nghệ,VIEW,2025-01-30T02:00:00+00:00
user-0269,812,Khởi nghiệp,VIEW,2025-01-30T04:00:00+00:00
user-0097,177,Giáo dục,FOLLOW,2025-01-30T06:00:00+00:00
user-0022,730,Văn hóa,FOLLOW,2025-01-30T08:00:00+00:00
user-0185,616,Giáo dục,SEARCH,2025-01-30T10:00:00+00:00
user-0243,917,Y tế,FOLLOW,2025-01-30T12:00:00+00:00
user-0158,210,Giáo dục,SEARCH,2025-01-30T14:00:00+00:00
user-0112,299,Y tế,CONTRIBUTE,2025-01-30T16:00:00+00:00
user-0267,487,Môi trường,SEARCH,2025-01-30T18:00:00+00:00
user-0039,443,Môi trường,VIEW,2025-01-30T20:00:00+00:00
user-0195,239,Giáo dục,VIEW,2025-01-30T22:00:00+00:00
user-0003,932,Công nghệ,FOLLOW,2025-01-31T00:00:00+00:00
user-0172,888,Giáo dục,FOLLOW,2025-01-31T02:00:00+00:00
user-0222,242,Giáo dục,VIEW,2025-01-31T04:00:00+00:00
user-0110,791,Văn hóa,CONTRIBUTE,2025-01-31T06:00:00+00:00
user-0284,478,Giáo dục,VIEW,2025-01-31T08:00:00+00:00
user-0193,261,Khởi nghiệp,VIEW,2025-01-31T10:00:00+00:00
user-0049,374,Y tế,SEARCH,2025-01-31T12:00:00+00:00
user-0169,893,Giáo dục,VIEW,2025-01-31T14:00:00+00:00
user-0295,679,Văn hóa,SEARCH,2025-01-31T16:00:00+00:00
user-0241,254,Y tế,FOLLOW,2025-01-31T18:00:00+00:00
user-0104,571,Giáo dục,VIEW,2025-01-31T20:00:00+00:00
user-0035,651,Môi trường,SEARCH,2025-01-31T22:00:00+00:00
user-0006,753,Giáo dục,SEARCH,2025-02-01T00:00:00+00:00
user-0170,75,Khởi nghiệp,SEARCH,2025-02-01T02:00:00+00:00
user-0048,514,Công nghệ,FOLLOW,2025-02-01T04:00:00+00:00
user-0224,925,Văn hóa,SEARCH,2025-02-01T06:00:00+00:00
user-0157,766,Y tế,VIEW,2025-02-01T08:00:00+00:00
user-0298,302,Công nghệ,SEARCH,2025-02-01T10:00:00+00:00
user-0068,386,Giáo dục,VIEW,2025-02-01T12:00:00+00:00
user-0028,124,Khởi nghiệp,VIEW,2025-02-01T14:00:00+00:00
user-0207,977,Văn hóa,CONTRIBUTE,2025-02-01T16:00:00+00:00
user-0298,907,Môi trường,FOLLOW,2025-02-01T18:00:00+00:00
user-0137,442,Khởi nghiệp,VIEW,2025-02-01T20:00:00+00:00
user-0054,755,Công nghệ,CONTRIBUTE,2025-02-01T22:00:00+00:00
user-0266,398,Văn hóa,CONTRIBUTE,2025-02-02T00:00:00+00:00
user-0272,864,Giáo dục,FOLLOW,2025-02-02T02:00:00+00:00
user-0030,252,Giáo dục,CONTRIBUTE,2025-02-02T04:00:00+00:00
user-0222,893,Giáo dục,VIEW,2025-02-02T06:00:00+00:00
user-0031,988,Khởi nghiệp,VIEW,2025-02-02T08:00:00+00:00
user-0043,279,Văn hóa,VIEW,2025-02-02T10:00:00+00:00
user-0279,555,Văn hóa,VIEW,2025-02-02T12:00:00+00:00
user-0076,970,Y tế,VIEW,2025-02-02T14:00:00+00:00
user-0014,404,Môi trường,VIEW,2025-02-02T16:00:00+00:00
user-0172,407,Công nghệ,SEARCH,2025-02-02T18:00:00+00:00
user-0294,566,Y tế,VIEW,2025-02-02T20:00:00+00:00
user-0227,1,Giáo dục,VIEW,2025-02-02T22:00:00+00:00
user-0121,88,Khởi nghiệp,FOLLOW,2025-02-03T00:00:00+00:00
user-0300,141,Văn hóa,CONTRIBUTE,2025-02-03T02:00:00+00:00
user-0298,881,Khởi nghiệp,SEARCH,2025-02-03T04:00:00+00:00
user-0239,500,Công nghệ,VIEW,2025-02-03T06:00:00+00:00
user-0107,34,Môi trường,SEARCH,2025-02-03T08:00:00+00:00
user-0172,864,Giáo dục,SEARCH,2025-02-03T10:00:00+00:00
user-0091,713,Y tế,VIEW,2025-02-03T12:00:00+00:00
user-0161,819,Môi trường,FOLLOW,2025-02-03T14:00:00+00:00
user-0180,640,Văn hóa,VIEW,2025-02-03T16:00:00+00:00
user-0276,482,Văn hóa,VIEW,2025-02-03T18:00:00+00:00
user-0254,814,Công nghệ,SEARCH,2025-02-03T20:00:00+00:00
user-0023,101,Môi trường,FOLLOW,2025-02-03T22:00:00+00:00
user-0123,906,Văn hóa,VIEW,2025-02-04T00:00:00+00:00
user-0046,182,Môi trường,VIEW,2025-02-04T02:00:00+00:00
user-0051,673,Công nghệ,VIEW,2025-02-04T04:00:00+00:00
user-0048,188,Y tế,SEARCH,2025-02-04T06:00:00+00:00
user-0004,789,Công nghệ,SEARCH,2025-02-04T08:00:00+00:00
user-0176,668,Môi trường,VIEW,2025-02-04T10:00:00+00:00
user-0174,354,Giáo dục,VIEW,2025-02-04T12:00:00+00:00
user-0266,219,Giáo dục,SEARCH,2025-02-04T14:00:00+00:00
user-0058,830,Văn hóa,VIEW,2025-02-04T16:00:00+00:00
user-0130,145,Công nghệ,FOLLOW,2025-02-04T18:00:00+00:00
user-0185,606,Khởi nghiệp,SEARCH,2025-02-04T20:00:00+00:00
user-0177,663,Văn hóa,CONTRIBUTE,2025-02-04T22:00:00+00:00
user-0233,308,Văn hóa,VIEW,2025-02-05T00:00:00+00:00
user-0153,955,Môi trường,SEARCH,2025-02-05T02:00:00+00:00
user-0172,548,Giáo dục,SEARCH,2025-02-05T04:00:00+00:00
user-0101,967,Môi trường,VIEW,2025-02-05T06:00:00+00:00
user-0065,611,Văn hóa,SEARCH,2025-02-05T08:00:00+00:00
user-0188,648,Môi trường,SEARCH,2025-02-05T10:00:00+00:00
user-0086,268,Khởi nghiệp,FOLLOW,2025-02-05T12:00:00+00:00
user-0088,511,Công nghệ,FOLLOW,2025-02-05T14:00:00+00:00
user-0134,461,Môi trường,SEARCH,2025-02-05T16:00:00+00:00
user-0040,973,Khởi nghiệp,SEARCH,2025-02-05T18:00:00+00:00
user-0220,953,Môi trường,FOLLOW,2025-02-05T20:00:00+00:00
user-0074,581,Giáo dục,VIEW,2025-02-05T22:00:00+00:00
user-0091,62,Công nghệ,VIEW,2025-02-06T00:00:00+00:00
user-0010,896,Giáo dục,FOLLOW,2025-02-06T02:00:00+00:00
user-0084,475,Khởi nghiệp,FOLLOW,2025-02-06T04:00:00+00:00
user-0181,945,Khởi nghiệp,VIEW,2025-02-06T06:00:00+00:00
user-0078,659,Y tế,VIEW,2025-02-06T08:00:00+00:00
user-0120,370,Văn hóa,SEARCH,2025-02-06T10:00:00+00:00
user-0278,833,Công nghệ,VIEW,2025-02-06T12:00:00+00:00
user-0037,783,Y tế,VIEW,2025-02-06T14:00:00+00:00
user-0001,408,Y tế,VIEW,2025-02-06T16:00:00+00:00
user-0129,821,Khởi nghiệp,SEARCH,2025-02-06T18:00:00+00:00
user-0159,515,Y tế,SEARCH,2025-02-06T20:00:00+00:00
user-0151,645,Khởi nghiệp,VIEW,2025-02-06T22:00:00+00:00
user-0262,658,Công nghệ,SEARCH,2025-02-07T00:00:00+00:00
user-0133,560,Giáo dục,SEARCH,2025-02-07T02:00:00+00:00
user-0225,148,Giáo dục,VIEW,2025-02-07T04:00:00+00:00
user-0041,798,Công nghệ,VIEW,2025-02-07T06:00:00+00:00
user-0191,877,Môi trường,SEARCH,2025-02-07T08:00:00+00:00
user-0013,41,Khởi nghiệp,SEARCH,2025-02-07T10:00:00+00:00
user-0099,7,Công nghệ,FOLLOW,2025-02-07T12:00:00+00:00
user-0208,153,Công nghệ,CONTRIBUTE,2025-02-07T14:00:00+00:00
user-0143,239,Giáo dục,SEARCH,2025-02-07T16:00:00+00:00
user-0158,319,Giáo dục,VIEW,2025-02-07T18:00:00+00:00
user-0019,297,Văn hóa,FOLLOW,2025-02-07T20:00:00+00:00
user-0234,639,Công nghệ,VIEW,2025-02-07T22:00:00+00:00
user-0152,458,Môi trường,VIEW,2025-02-08T00:00:00+00:00
user-0240,165,Y tế,VIEW,2025-02-08T02:00:00+00:00
user-0129,695,Môi trường,VIEW,2025-02-08T04:00:00+00:00
user-0129,841,Khởi nghiệp,SEARCH,2025-02-08T06:00:00+00:00
user-0098,879,Văn hóa,SEARCH,2025-02-08T08:00:00+00:00
user-0272,786,Công nghệ,FOLLOW,2025-02-08T10:00:00+00:00
user-0042,190,Khởi nghiệp,SEARCH,2025-02-08T12:00:00+00:00
user-0094,868,Công nghệ,SEARCH,2025-02-08T14:00:00+00:00
user-0225,795,Giáo dục,VIEW,2025-02-08T16:00:00+00:00
user-0159,161,Khởi nghiệp,VIEW,2025-02-08T18:00:00+00:00
user-0175,142,Giáo dục,FOLLOW,2025-02-08T20:00:00+00:00
user-0047,437,Văn hóa,SEARCH,2025-02-08T22:00:00+00:00
user-0192,775,Công nghệ,VIEW,2025-02-09T00:00:00+00:00
user-0262,216,Khởi nghiệp,FOLLOW,2025-02-09T02:00:00+00:00
user-0082,556,Giáo dục,CONTRIBUTE,2025-02-09T04:00:00+00:00
user-0246,681,Khởi nghiệp,SEARCH,2025-02-09T06:00:00+00:00
user-0034,159,Y tế,VIEW,2025-02-09T08:00:00+00:00
user-0039,798,Công nghệ,FOLLOW,2025-02-09T10:00:00+00:00
user-0215,87,Văn hóa,FOLLOW,2025-02-09T12:00:00+00:00
user-0227,427,Công nghệ,VIEW,2025-02-09T14:00:00+00:00
user-0278,552,Công nghệ,SEARCH,2025-02-09T16:00:00+00:00
user-0104,734,Giáo dục,VIEW,2025-02-09T18:00:00+00:00
user-0003,548,Giáo dục,SEARCH,2025-02-09T20:00:00+00:00
user-0107,531,Môi trường,SEARCH,2025-02-09T22:00:00+00:00
user-0166,712,Văn hóa,CONTRIBUTE,2025-02-10T00:00:00+00:00
user-0216,348,Giáo dục,VIEW,2025-02-10T02:00:00+00:00
user-0211,540,Giáo dục,SEARCH,2025-02-10T04:00:00+00:00
user-0041,827,Công nghệ,VIEW,2025-02-10T06:00:00+00:00
user-0291,702,Y tế,FOLLOW,2025-02-10T08:00:00+00:00
user-0054,809,Y tế,FOLLOW,2025-02-10T10:00:00+00:00
user-0130,680,Khởi nghiệp,FOLLOW,2025-02-10T12:00:00+00:00
user-0030,541,Văn hóa,VIEW,2025-02-10T14:00:00+00:00
user-0010,181,Môi trường,VIEW,2025-02-10T16:00:00+00:00
user-0135,117,Môi trường,VIEW,2025-02-10T18:00:00+00:00
user-0174,535,Môi trường,SEARCH,2025-02-10T20:00:00+00:00
user-0037,641,Công nghệ,SEARCH,2025-02-10T22:00:00+00:00
user-0152,570,Giáo dục,VIEW,2025-02-11T00:00:00+00:00
user-0036,392,Giáo dục,VIEW,2025-02-11T02:00:00+00:00
user-0068,957,Văn hóa,FOLLOW,2025-02-11T04:00:00+00:00
user-0059,118,Văn hóa,VIEW,2025-02-11T06:00:00+00:00
user-0084,343,Khởi nghiệp,VIEW,2025-02-11T08:00:00+00:00
user-0296,498,Khởi nghiệp,SEARCH,2025-02-11T10:00:00+00:00
user-0169,987,Giáo dục,SEARCH,2025-02-11T12:00:00+00:00
user-0213,499,Giáo dục,SEARCH,2025-02-11T14:00:00+00:00
user-0105,286,Công nghệ,SEARCH,2025-02-11T16:00:00+00:00
user-0176,663,Văn hóa,SEARCH,2025-02-11T18:00:00+00:00
user-0088,990,Y tế,SEARCH,2025-02-11T20:00:00+00:00
user-0244,363,Môi trường,SEARCH,2025-02-11T22:00:00+00:00
user-0220,320,Công nghệ,FOLLOW,2025-02-12T00:00:00+00:00
user-0136,934,Văn hóa,VIEW,2025-02-12T02:00:00+00:00
user-0028,168,Giáo dục,FOLLOW,2025-02-12T04:00:00+00:00
user-0104,924,Giáo dục,SEARCH,2025-02-12T06:00:00+00:00
user-0011,886,Giáo dục,CONTRIBUTE,2025-02-12T08:00:00+00:00
user-0163,148,Giáo dục,SEARCH,2025-02-12T10:00:00+00:00
user-0011,428,Văn hóa,FOLLOW,2025-02-12T12:00:00+00:00
user-0022,94,Công nghệ,VIEW,2025-02-12T14:00:00+00:00
user-0289,428,Văn hóa,VIEW,2025-02-12T16:00:00+00:00
user-0098,977,Văn hóa,VIEW,2025-02-12T18:00:00+00:00
user-0167,230,Y tế,VIEW,2025-02-12T20:00:00+00:00
user-0061,571,Giáo dục,VIEW,2025-02-12T22:00:00+00:00
user-0143,278,Giáo dục,SEARCH,2025-02-13T00:00:00+00:00
user-0096,985,Y tế,SEARCH,2025-02-13T02:00:00+00:00
user-0289,328,Văn hóa,SEARCH,2025-02-13T04:00:00+00:00
user-0198,965,Văn hóa,VIEW,2025-02-13T06:00:00+00:00
user-0299,214,Công nghệ,VIEW,2025-02-13T08:00:00+00:00
user-0266,289,Văn hóa,VIEW,2025-02-13T10:00:00+00:00
user-0219,242,Giáo dục,FOLLOW,2025-02-13T12:00:00+00:00
user-0133,222,Giáo dục,SEARCH,2025-02-13T14:00:00+00:00
user-0050,754,Khởi nghiệp,SEARCH,2025-02-13T16:00:00+00:00
user-0192,750,Công nghệ,SEARCH,2025-02-13T18:00:00+00:00
user-0056,18,Khởi nghiệp,VIEW,2025-02-13T20:00:00+00:00
user-0103,538,Giáo dục,VIEW,2025-02-13T22:00:00+00:00
user-0191,900,Môi trường,VIEW,2025-02-14T00:00:00+00:00
user-0128,897,Môi trường,CONTRIBUTE,2025-02-14T02:00:00+00:00
user-0289,319,Giáo dục,SEARCH,2025-02-14T04:00:00+00:00
user-0181,640,Văn hóa,SEARCH,2025-02-14T06:00:00+00:00
user-0025,727,Y tế,SEARCH,2025-02-14T08:00:00+00:00
user-0223,279,Văn hóa,SEARCH,2025-02-14T10:00:00+00:00
user-0212,390,Môi trường,VIEW,2025-02-14T12:00:00+00:00
user-0157,332,Công nghệ,FOLLOW,2025-02-14T14:00:00+00:00
user-0037,630,Y tế,FOLLOW,2025-02-14T16:00:00+00:00
user-0268,904,Y tế,VIEW,2025-02-14T18:00:00+00:00
user-0284,48,Y tế,FOLLOW,2025-02-14T20:00:00+00:00
user-0093,802,Môi trường,SEARCH,2025-02-14T22:00:00+00:00
user-0169,525,Giáo dục,SEARCH,2025-02-15T00:00:00+00:00
user-0273,536,Công nghệ,SEARCH,2025-02-15T02:00:00+00:00
user-0299,792,Công nghệ,FOLLOW,2025-02-15T04:00:00+00:00
user-0245,413,Y tế,VIEW,2025-02-15T06:00:00+00:00
user-0122,910,Giáo dục,VIEW,2025-02-15T08:00:00+00:00
user-0066,85,Giáo dục,VIEW,2025-02-15T10:00:00+00:00
user-0263,614,Môi trường,VIEW,2025-02-15T12:00:00+00:00
user-0165,986,Giáo dục,SEARCH,2025-02-15T14:00:00+00:00
user-0038,940,Môi trường,VIEW,2025-02-15T16:00:00+00:00
user-0197,502,Công nghệ,VIEW,2025-02-15T18:00:00+00:00
user-0176,965,Văn hóa,SEARCH,2025-02-15T20:00:00+00:00
user-0092,464,Công nghệ,FOLLOW,2025-02-15T22:00:00+00:00
user-0298,907,Môi trường,VIEW,2025-02-16T00:00:00+00:00
user-0172,946,Giáo dục,VIEW,2025-02-16T02:00:00+00:00
user-0130,958,Y tế,SEARCH,2025-02-16T04:00:00+00:00
user-0167,157,Môi trường,SEARCH,2025-02-16T06:00:00+00:00
user-0104,785,Giáo dục,VIEW,2025-02-16T08:00:00+00:00
user-0298,115,Y tế,VIEW,2025-02-16T10:00:00+00:00
user-0059,998,Văn hóa,SEARCH,2025-02-16T12:00:00+00:00
user-0058,567,Văn hóa,SEARCH,2025-02-16T14:00:00+00:00
user-0136,908,Giáo dục,VIEW,2025-02-16T16:00:00+00:00
user-0191,905,Môi trường,FOLLOW,2025-02-16T18:00:00+00:00
user-0033,673,Công nghệ,VIEW,2025-02-16T20:00:00+00:00
user-0040,511,Công nghệ,VIEW,2025-02-16T22:00:00+00:00
user-0220,259,Môi trường,FOLLOW,2025-02-17T00:00:00+00:00
user-0178,71,Giáo dục,VIEW,2025-02-17T02:00:00+00:00
user-0065,384,Giáo dục,VIEW,2025-02-17T04:00:00+00:00
user-0120,940,Môi trường,VIEW,2025-02-17T06:00:00+00:00
user-0168,764,Khởi nghiệp,VIEW,2025-02-17T08:00:00+00:00
user-0217,119,Công nghệ,FOLLOW,2025-02-17T10:00:00+00:00
user-0278,377,Môi trường,VIEW,2025-02-17T12:00:00+00:00
user-0068,928,Công nghệ,SEARCH,2025-02-17T14:00:00+00:00
user-0290,713,Y tế,SEARCH,2025-02-17T16:00:00+00:00
user-0165,489,Văn hóa,VIEW,2025-02-17T18:00:00+00:00
user-0045,169,Giáo dục,VIEW,2025-02-17T20:00:00+00:00
user-0059,752,Văn hóa,VIEW,2025-02-17T22:00:00+00:00
user-0025,107,Y tế,FOLLOW,2025-02-18T00:00:00+00:00
user-0152,186,Giáo dục,VIEW,2025-02-18T02:00:00+00:00
user-0193,187,Khởi nghiệp,VIEW,2025-02-18T04:00:00+00:00
user-0048,610,Công nghệ,VIEW,2025-02-18T06:00:00+00:00
user-0157,658,Công nghệ,VIEW,2025-02-18T08:00:00+00:00
user-0293,559,Công nghệ,VIEW,2025-02-18T10:00:00+00:00
user-0099,846,Công nghệ,VIEW,2025-02-18T12:00:00+00:00
user-0040,761,Y tế,SEARCH,2025-02-18T14:00:00+00:00
user-0010,697,Công nghệ,SEARCH,2025-02-18T16:00:00+00:00
user-0297,488,Giáo dục,CONTRIBUTE,2025-02-18T18:00:00+00:00
user-0147,930,Văn hóa,VIEW,2025-02-18T20:00:00+00:00
user-0054,528,Công nghệ,VIEW,2025-02-18T22:00:00+00:00
user-0019,385,Giáo dục,VIEW,2025-02-19T00:00:00+00:00
user-0054,542,Y tế,VIEW,2025-02-19T02:00:00+00:00
user-0145,633,Giáo dục,VIEW,2025-02-19T04:00:00+00:00
user-0295,312,Văn hóa,SEARCH,2025-02-19T06:00:00+00:00
user-0028,158,Khởi nghiệp,VIEW,2025-02-19T08:00:00+00:00
user-0149,505,Khởi nghiệp,VIEW,2025-02-19T10:00:00+00:00
user-0164,900,Môi trường,SEARCH,2025-02-19T12:00:00+00:00
user-0241,626,Văn hóa,VIEW,2025-02-19T14:00:00+00:00
user-0289,1,Giáo dục,FOLLOW,2025-02-19T16:00:00+00:00
user-0085,115,Y tế,VIEW,2025-02-19T18:00:00+00:00
user-0018,830,Văn hóa,VIEW,2025-02-19T20:00:00+00:00
user-0068,174,Văn hóa,VIEW,2025-02-19T22:00:00+00:00
user-0237,235,Y tế,SEARCH,2025-02-20T00:00:00+00:00
user-0290,479,Khởi nghiệp,FOLLOW,2025-02-20T02:00:00+00:00
user-0115,124,Khởi nghiệp,VIEW,2025-02-20T04:00:00+00:00
user-0293,542,Y tế,SEARCH,2025-02-20T06:00:00+00:00
user-0179,267,Giáo dục,VIEW,2025-02-20T08:00:00+00:00
user-0081,717,Văn hóa,VIEW,2025-02-20T10:00:00+00:00
user-0048,100,Công nghệ,VIEW,2025-02-20T12:00:00+00:00
user-0275,825,Y tế,VIEW,2025-02-20T14:00:00+00:00
user-0220,458,Môi trường,SEARCH,2025-02-20T16:00:00+00:00
user-0199,143,Môi trường,VIEW,2025-02-20T18:00:00+00:00
user-0239,862,Giáo dục,VIEW,2025-02-20T20:00:00+00:00
user-0152,972,Môi trường,VIEW,2025-02-20T22:00:00+00:00
user-0132,628,Y tế,VIEW,2025-02-21T00:00:00+00:00
user-0273,709,Y tế,VIEW,2025-02-21T02:00:00+00:00
user-0028,70,Công nghệ,SEARCH,2025-02-21T04:00:00+00:00
user-0255,505,Khởi nghiệp,SEARCH,2025-02-21T06:00:00+00:00
user-0195,959,Văn hóa,SEARCH,2025-02-21T08:00:00+00:00
user-0221,440,Y tế,SEARCH,2025-02-21T10:00:00+00:00
user-0108,36,Văn hóa,VIEW,2025-02-21T12:00:00+00:00
user-0035,568,Văn hóa,VIEW,2025-02-21T14:00:00+00:00
user-0117,11,Văn hóa,SEARCH,2025-02-21T16:00:00+00:00
user-0205,1,Giáo dục,CONTRIBUTE,2025-02-21T18:00:00+00:00
user-0268,546,Y tế,VIEW,2025-02-21T20:00:00+00:00
user-0286,47,Giáo dục,VIEW,2025-02-21T22:00:00+00:00
user-0188,603,Môi trường,VIEW,2025-02-22T00:00:00+00:00
user-0109,685,Văn hóa,VIEW,2025-02-22T02:00:00+00:00
user-0069,846,Công nghệ,SEARCH,2025-02-22T04:00:00+00:00
user-0243,962,Khởi nghiệp,VIEW,2025-02-22T06:00:00+00:00
user-0117,968,Y tế,VIEW,2025-02-22T08:00:00+00:00
user-0091,339,Công nghệ,VIEW,2025-02-22T10:00:00+00:00
user-0065,661,Giáo dục,VIEW,2025-02-22T12:00:00+00:00
user-0174,198,Giáo dục,CONTRIBUTE,2025-02-22T14:00:00+00:00
user-0107,176,Môi trường,VIEW,2025-02-22T16:00:00+00:00
user-0150,326,Khởi nghiệp,SEARCH,2025-02-22T18:00:00+00:00
user-0237,272,Công nghệ,CONTRIBUTE,2025-02-22T20:00:00+00:00
user-0055,70,Công nghệ,VIEW,2025-02-22T22:00:00+00:00
user-0222,113,Giáo dục,VIEW,2025-02-23T00:00:00+00:00
user-0098,21,Văn hóa,SEARCH,2025-02-23T02:00:00+00:00
user-0133,385,Giáo dục,VIEW,2025-02-23T04:00:00+00:00
user-0200,530,Văn hóa,SEARCH,2025-02-23T06:00:00+00:00
user-0298,952,Khởi nghiệp,VIEW,2025-02-23T08:00:00+00:00
user-0228,635,Giáo dục,SEARCH,2025-02-23T10:00:00+00:00
user-0214,599,Khởi nghiệp,FOLLOW,2025-02-23T12:00:00+00:00
user-0055,438,Công nghệ,VIEW,2025-02-23T14:00:00+00:00
user-0030,532,Văn hóa,SEARCH,2025-02-23T16:00:00+00:00
user-0020,99,Y tế,SEARCH,2025-02-23T18:00:00+00:00
user-0084,124,Khởi nghiệp,SEARCH,2025-02-23T20:00:00+00:00
user-0033,205,Y tế,SEARCH,2025-02-23T22:00:00+00:00
user-0054,559,Công nghệ,VIEW,2025-02-24T00:00:00+00:00
user-0059,189,Khởi nghiệp,FOLLOW,2025-02-24T02:00:00+00:00
user-0115,681,Khởi nghiệp,SEARCH,2025-02-24T04:00:00+00:00
user-0262,240,Khởi nghiệp,VIEW,2025-02-24T06:00:00+00:00
user-0198,526,Văn hóa,VIEW,2025-02-24T08:00:00+00:00
user-0161,905,Môi trường,VIEW,2025-02-24T10:00:00+00:00
user-0127,849,Công nghệ,VIEW,2025-02-24T12:00:00+00:00
user-0038,248,Y tế,SEARCH,2025-02-24T14:00:00+00:00
user-0048,719,Y tế,SEARCH,2025-02-24T16:00:00+00:00
user-0208,180,Công nghệ,FOLLOW,2025-02-24T18:00:00+00:00
user-0156,87,Văn hóa,CONTRIBUTE,2025-02-24T20:00:00+00:00
user-0202,586,Giáo dục,SEARCH,2025-02-24T22:00:00+00:00
user-0124,369,Y tế,CONTRIBUTE,2025-02-25T00:00:00+00:00
user-0086,498,Khởi nghiệp,FOLLOW,2025-02-25T02:00:00+00:00
user-0095,201,Y tế,SEARCH,2025-02-25T04:00:00+00:00
user-0027,750,Công nghệ,VIEW,2025-02-25T06:00:00+00:00
user-0146,769,Văn hóa,VIEW,2025-02-25T08:00:00+00:00
user-0181,336,Giáo dục,VIEW,2025-02-25T10:00:00+00:00
user-0109,894,Giáo dục,SEARCH,2025-02-25T12:00:00+00:00
user-0009,844,Y tế,FOLLOW,2025-02-25T14:00:00+00:00
user-0041,249,Công nghệ,VIEW,2025-02-25T16:00:00+00:00
user-0066,451,Văn hóa,SEARCH,2025-02-25T18:00:00+00:00
user-0249,958,Y tế,SEARCH,2025-02-25T20:00:00+00:00
user-0296,517,Y tế,VIEW,2025-02-25T22:00:00+00:00
user-0179,285,Giáo dục,VIEW,2025-02-26T00:00:00+00:00
user-0083,413,Y tế,SEARCH,2025-02-26T02:00:00+00:00
user-0275,646,Khởi nghiệp,SEARCH,2025-02-26T04:00:00+00:00
user-0101,462,Môi trường,SEARCH,2025-02-26T06:00:00+00:00
user-0071,643,Khởi nghiệp,VIEW,2025-02-26T08:00:00+00:00
user-0044,641,Công nghệ,SEARCH,2025-02-26T10:00:00+00:00
user-0081,555,Văn hóa,VIEW,2025-02-26T12:00:00+00:00
user-0186,580,Giáo dục,SEARCH,2025-02-26T14:00:00+00:00
user-0033,375,Công nghệ,FOLLOW,2025-02-26T16:00:00+00:00
user-0074,478,Giáo dục,SEARCH,2025-02-26T18:00:00+00:00
user-0209,478,Giáo dục,FOLLOW,2025-02-26T20:00:00+00:00
user-0236,406,Môi trường,VIEW,2025-02-26T22:00:00+00:00
user-0077,718,Công nghệ,VIEW,2025-02-27T00:00:00+00:00
user-0171,702,Y tế,SEARCH,2025-02-27T02:00:00+00:00
user-0137,379,Công nghệ,SEARCH,2025-02-27T04:00:00+00:00
user-0230,236,Giáo dục,SEARCH,2025-02-27T06:00:00+00:00
user-0297,861,Giáo dục,VIEW,2025-02-27T08:00:00+00:00
user-0054,968,Y tế,VIEW,2025-02-27T10:00:00+00:00
user-0094,947,Công nghệ,SEARCH,2025-02-27T12:00:00+00:00
user-0153,489,Văn hóa,VIEW,2025-02-27T14:00:00+00:00
user-0108,196,Công nghệ,FOLLOW,2025-02-27T16:00:00+00:00
user-0030,894,Giáo dục,SEARCH,2025-02-27T18:00:00+00:00
user-0190,256,Khởi nghiệp,SEARCH,2025-02-27T20:00:00+00:00
user-0040,629,Khởi nghiệp,SEARCH,2025-02-27T22:00:00+00:00
user-0098,174,Văn hóa,VIEW,2025-02-28T00:00:00+00:00
user-0120,29,Văn hóa,CONTRIBUTE,2025-02-28T02:00:00+00:00
user-0270,173,Môi trường,SEARCH,2025-02-28T04:00:00+00:00
user-0045,644,Y tế,VIEW,2025-02-28T06:00:00+00:00
user-0130,927,Y tế,FOLLOW,2025-02-28T08:00:00+00:00
user-0022,283,Văn hóa,VIEW,2025-02-28T10:00:00+00:00
user-0155,16,Công nghệ,VIEW,2025-02-28T12:00:00+00:00
user-0163,364,Giáo dục,VIEW,2025-02-28T14:00:00+00:00
user-0279,951,Văn hóa,SEARCH,2025-02-28T16:00:00+00:00
user-0249,25,Môi trường,VIEW,2025-02-28T18:00:00+00:00
user-0139,749,Khởi nghiệp,SEARCH,2025-02-28T20:00:00+00:00
user-0147,875,Y tế,VIEW,2025-02-28T22:00:00+00:00
user-0054,721,Y tế,CONTRIBUTE,2025-03-01T00:00:00+00:00
user-0053,845,Công nghệ,SEARCH,2025-03-01T02:00:00+00:00
user-0182,991,Công nghệ,VIEW,2025-03-01T04:00:00+00:00
user-0134,365,Môi trường,VIEW,2025-03-01T06:00:00+00:00
user-0252,71,Giáo dục,VIEW,2025-03-01T08:00:00+00:00
user-0230,168,Giáo dục,VIEW,2025-03-01T10:00:00+00:00
user-0209,45,Khởi nghiệp,FOLLOW,2025-03-01T12:00:00+00:00
user-0145,864,Giáo dục,FOLLOW,2025-03-01T14:00:00+00:00
user-0009,263,Khởi nghiệp,FOLLOW,2025-03-01T16:00:00+00:00
user-0132,66,Y tế,SEARCH,2025-03-01T18:00:00+00:00
user-0254,589,Công nghệ,VIEW,2025-03-01T20:00:00+00:00
user-0207,297,Văn hóa,FOLLOW,2025-03-01T22:00:00+00:00
user-0234,624,Công nghệ,FOLLOW,2025-03-02T00:00:00+00:00
user-0016,974,Khởi nghiệp,VIEW,2025-03-02T02:00:00+00:00
user-0298,851,Y tế,SEARCH,2025-03-02T04:00:00+00:00
user-0082,208,Giáo dục,SEARCH,2025-03-02T06:00:00+00:00
user-0295,184,Văn hóa,SEARCH,2025-03-02T08:00:00+00:00
user-0049,144,Y tế,SEARCH,2025-03-02T10:00:00+00:00
user-0255,761,Y tế,SEARCH,2025-03-02T12:00:00+00:00
user-0213,84,Khởi nghiệp,VIEW,2025-03-02T14:00:00+00:00
user-0281,695,Môi trường,VIEW,2025-03-02T16:00:00+00:00
user-0262,158,Khởi nghiệp,FOLLOW,2025-03-02T18:00:00+00:00
user-0211,309,Giáo dục,CONTRIBUTE,2025-03-02T20:00:00+00:00
user-0016,635,Giáo dục,VIEW,2025-03-02T22:00:00+00:00
user-0065,104,Văn hóa,SEARCH,2025-03-03T00:00:00+00:00
user-0119,726,Môi trường,VIEW,2025-03-03T02:00:00+00:00
user-0244,391,Môi trường,SEARCH,2025-03-03T04:00:00+00:00
user-0236,667,Y tế,VIEW,2025-03-03T06:00:00+00:00
user-0034,219,Giáo dục,FOLLOW,2025-03-03T08:00:00+00:00
user-0290,543,Khởi nghiệp,VIEW,2025-03-03T10:00:00+00:00
user-0064,326,Khởi nghiệp,VIEW,2025-03-03T12:00:00+00:00
user-0183,237,Y tế,VIEW,2025-03-03T14:00:00+00:00
user-0230,894,Giáo dục,SEARCH,2025-03-03T16:00:00+00:00
user-0202,914,Môi trường,VIEW,2025-03-03T18:00:00+00:00
user-0261,357,Môi trường,VIEW,2025-03-03T20:00:00+00:00
user-0054,968,Y tế,VIEW,2025-03-03T22:00:00+00:00
user-0089,980,Khởi nghiệp,SEARCH,2025-03-04T00:00:00+00:00
user-0082,675,Giáo dục,SEARCH,2025-03-04T02:00:00+00:00
user-0050,297,Văn hóa,VIEW,2025-03-04T04:00:00+00:00
user-0248,614,Môi trường,VIEW,2025-03-04T06:00:00+00:00
user-0296,205,Y tế,FOLLOW,2025-03-04T08:00:00+00:00
user-0261,60,Khởi nghiệp,CONTRIBUTE,2025-03-04T10:00:00+00:00
user-0028,196,Công nghệ,VIEW,2025-03-04T12:00:00+00:00
user-0042,498,Khởi nghiệp,SEARCH,2025-03-04T14:00:00+00:00
user-0035,600,Văn hóa,VIEW,2025-03-04T16:00:00+00:00
user-0192,350,Y tế,VIEW,2025-03-04T18:00:00+00:00
user-0211,560,Giáo dục,VIEW,2025-03-04T20:00:00+00:00
user-0171,100,Công nghệ,VIEW,2025-03-04T22:00:00+00:00
user-0128,462,Môi trường,SEARCH,2025-03-05T00:00:00+00:00
user-0169,461,Môi trường,VIEW,2025-03-05T02:00:00+00:00
user-0126,523,Văn hóa,FOLLOW,2025-03-05T04:00:00+00:00
user-0253,179,Giáo dục,SEARCH,2025-03-05T06:00:00+00:00
user-0275,300,Y tế,CONTRIBUTE,2025-03-05T08:00:00+00:00
user-0247,74,Giáo dục,VIEW,2025-03-05T10:00:00+00:00
user-0146,568,Văn hóa,VIEW,2025-03-05T12:00:00+00:00
user-0036,464,Công nghệ,SEARCH,2025-03-05T14:00:00+00:00
user-0125,727,Y tế,CONTRIBUTE,2025-03-05T16:00:00+00:00
user-0145,227,Môi trường,FOLLOW,2025-03-05T18:00:00+00:00
user-0261,944,Môi trường,VIEW,2025-03-05T20:00:00+00:00
user-0139,404,Môi trường,VIEW,2025-03-05T22:00:00+00:00
user-0039,410,Giáo dục,VIEW,2025-03-06T00:00:00+00:00
user-0007,509,Văn hóa,SEARCH,2025-03-06T02:00:00+00:00
user-0210,85,Giáo dục,VIEW,2025-03-06T04:00:00+00:00
user-0013,103,Môi trường,SEARCH,2025-03-06T06:00:00+00:00
user-0193,907,Môi trường,FOLLOW,2025-03-06T08:00:00+00:00
user-0058,555,Văn hóa,SEARCH,2025-03-06T10:00:00+00:00
user-0058,738,Môi trường,VIEW,2025-03-06T12:00:00+00:00
user-0186,376,Môi trường,VIEW,2025-03-06T14:00:00+00:00
user-0114,833,Công nghệ,VIEW,2025-03-06T16:00:00+00:00
user-0109,17,Môi trường,VIEW,2025-03-06T18:00:00+00:00
user-0162,887,Văn hóa,VIEW,2025-03-06T20:00:00+00:00
user-0051,690,Môi trường,FOLLOW,2025-03-06T22:00:00+00:00
user-0128,169,Giáo dục,CONTRIBUTE,2025-03-07T00:00:00+00:00
user-0179,394,Văn hóa,VIEW,2025-03-07T02:00:00+00:00
user-0012,691,Công nghệ,VIEW,2025-03-07T04:00:00+00:00
user-0049,169,Giáo dục,VIEW,2025-03-07T06:00:00+00:00
user-0099,375,Công nghệ,CONTRIBUTE,2025-03-07T08:00:00+00:00
user-0229,112,Công nghệ,FOLLOW,2025-03-07T10:00:00+00:00
user-0042,37,Khởi nghiệp,VIEW,2025-03-07T12:00:00+00:00
user-0291,22,Y tế,VIEW,2025-03-07T14:00:00+00:00
user-0003,567,Văn hóa,FOLLOW,2025-03-07T16:00:00+00:00
user-0276,950,Văn hóa,VIEW,2025-03-07T18:00:00+00:00
user-0090,264,Khởi nghiệp,VIEW,2025-03-07T20:00:00+00:00
user-0027,575,Môi trường,VIEW,2025-03-07T22:00:00+00:00
user-0075,901,Văn hóa,FOLLOW,2025-03-08T00:00:00+00:00
user-0065,933,Giáo dục,SEARCH,2025-03-08T02:00:00+00:00
user-0290,361,Khởi nghiệp,VIEW,2025-03-08T04:00:00+00:00
user-0120,247,Văn hóa,CONTRIBUTE,2025-03-08T06:00:00+00:00
user-0290,677,Y tế,VIEW,2025-03-08T08:00:00+00:00
user-0164,325,Môi trường,VIEW,2025-03-08T10:00:00+00:00
user-0051,523,Văn hóa,FOLLOW,2025-03-08T12:00:00+00:00
user-0247,576,Công nghệ,SEARCH,2025-03-08T14:00:00+00:00
user-0209,716,Giáo dục,VIEW,2025-03-08T16:00:00+00:00
user-0085,339,Công nghệ,VIEW,2025-03-08T18:00:00+00:00
user-0160,691,Công nghệ,VIEW,2025-03-08T20:00:00+00:00
user-0004,528,Công nghệ,CONTRIBUTE,2025-03-08T22:00:00+00:00
user-0216,441,Y tế,VIEW,2025-03-09T00:00:00+00:00
user-0232,447,Y tế,VIEW,2025-03-09T02:00:00+00:00
user-0031,56,Khởi nghiệp,SEARCH,2025-03-09T04:00:00+00:00
user-0013,189,Khởi nghiệp,VIEW,2025-03-09T06:00:00+00:00
user-0036,665,Giáo dục,SEARCH,2025-03-09T08:00:00+00:00
user-0173,681,Khởi nghiệp,VIEW,2025-03-09T10:00:00+00:00
user-0062,256,Khởi nghiệp,VIEW,2025-03-09T12:00:00+00:00
user-0060,789,Công nghệ,VIEW,2025-03-09T14:00:00+00:00
user-0284,724,Giáo dục,FOLLOW,2025-03-09T16:00:00+00:00
user-0149,936,Giáo dục,VIEW,2025-03-09T18:00:00+00:00
user-0072,783,Y tế,VIEW,2025-03-09T20:00:00+00:00
user-0268,189,Khởi nghiệp,VIEW,2025-03-09T22:00:00+00:00
user-0241,214,Công nghệ,SEARCH,2025-03-10T00:00:00+00:00
user-0236,676,Văn hóa,SEARCH,2025-03-10T02:00:00+00:00
user-0296,18,Khởi nghiệp,SEARCH,2025-03-10T04:00:00+00:00
user-0288,164,Công nghệ,SEARCH,2025-03-10T06:00:00+00:00
user-0231,911,Công nghệ,VIEW,2025-03-10T08:00:00+00:00
user-0122,583,Giáo dục,FOLLOW,2025-03-10T10:00:00+00:00
user-0094,430,Công nghệ,VIEW,2025-03-10T12:00:00+00:00
user-0124,762,Y tế,SEARCH,2025-03-10T14:00:00+00:00
user-0194,558,Công nghệ,VIEW,2025-03-10T16:00:00+00:00
user-0244,462,Môi trường,SEARCH,2025-03-10T18:00:00+00:00
user-0134,687,Văn hóa,CONTRIBUTE,2025-03-10T20:00:00+00:00
user-0170,606,Khởi nghiệp,VIEW,2025-03-10T22:00:00+00:00
user-0038,340,Y tế,SEARCH,2025-03-11T00:00:00+00:00
user-0082,119,Công nghệ,VIEW,2025-03-11T02:00:00+00:00
user-0163,996,Môi trường,VIEW,2025-03-11T04:00:00+00:00
user-0003,588,Văn hóa,VIEW,2025-03-11T06:00:00+00:00
user-0120,764,Khởi nghiệp,VIEW,2025-03-11T08:00:00+00:00
user-0222,979,Y tế,CONTRIBUTE,2025-03-11T10:00:00+00:00
user-0220,726,Môi trường,SEARCH,2025-03-11T12:00:00+00:00
user-0056,516,Khởi nghiệp,VIEW,2025-03-11T14:00:00+00:00
user-0009,579,Văn hóa,SEARCH,2025-03-11T16:00:00+00:00
user-0229,733,Môi trường,VIEW,2025-03-11T18:00:00+00:00
user-0036,626,Văn hóa,SEARCH,2025-03-11T20:00:00+00:00
user-0269,758,Công nghệ,FOLLOW,2025-03-11T22:00:00+00:00
user-0165,906,Văn hóa,VIEW,2025-03-12T00:00:00+00:00
user-0241,616,Giáo dục,VIEW,2025-03-12T02:00:00+00:00
user-0113,352,Khởi nghiệp,VIEW,2025-03-12T04:00:00+00:00
user-0025,974,Khởi nghiệp,SEARCH,2025-03-12T06:00:00+00:00
user-0140,242,Giáo dục,CONTRIBUTE,2025-03-12T08:00:00+00:00
user-0289,380,Văn hóa,FOLLOW,2025-03-12T10:00:00+00:00
user-0032,42,Giáo dục,VIEW,2025-03-12T12:00:00+00:00
user-0234,930,Văn hóa,VIEW,2025-03-12T14:00:00+00:00
user-0224,859,Môi trường,VIEW,2025-03-12T16:00:00+00:00
user-0142,691,Công nghệ,VIEW,2025-03-12T18:00:00+00:00
user-0217,733,Môi trường,SEARCH,2025-03-12T20:00:00+00:00
user-0093,172,Môi trường,FOLLOW,2025-03-12T22:00:00+00:00
user-0292,276,Công nghệ,SEARCH,2025-03-13T00:00:00+00:00
user-0159,708,Khởi nghiệp,FOLLOW,2025-03-13T02:00:00+00:00
user-0146,754,Khởi nghiệp,VIEW,2025-03-13T04:00:00+00:00
user-0031,264,Khởi nghiệp,VIEW,2025-03-13T06:00:00+00:00
user-0216,645,Khởi nghiệp,VIEW,2025-03-13T08:00:00+00:00
user-0218,809,Y tế,FOLLOW,2025-03-13T10:00:00+00:00
user-0213,488,Giáo dục,SEARCH,2025-03-13T12:00:00+00:00
user-0092,43,Công nghệ,VIEW,2025-03-13T14:00:00+00:00
user-0263,800,Môi trường,SEARCH,2025-03-13T16:00:00+00:00
user-0293,882,Khởi nghiệp,VIEW,2025-03-13T18:00:00+00:00
user-0148,541,Văn hóa,SEARCH,2025-03-13T20:00:00+00:00
user-0216,416,Khởi nghiệp,SEARCH,2025-03-13T22:00:00+00:00
user-0182,443,Môi trường,CONTRIBUTE,2025-03-14T00:00:00+00:00
user-0129,265,Khởi nghiệp,VIEW,2025-03-14T02:00:00+00:00
user-0132,963,Khởi nghiệp,FOLLOW,2025-03-14T04:00:00+00:00
user-0114,811,Công nghệ,SEARCH,2025-03-14T06:00:00+00:00
user-0236,453,Y tế,SEARCH,2025-03-14T08:00:00+00:00
user-0154,868,Công nghệ,SEARCH,2025-03-14T10:00:00+00:00
user-0192,425,Giáo dục,SEARCH,2025-03-14T12:00:00+00:00
user-0032,549,Môi trường,VIEW,2025-03-14T14:00:00+00:00
user-0263,911,Công nghệ,SEARCH,2025-03-14T16:00:00+00:00
user-0253,593,Môi trường,FOLLOW,2025-03-14T18:00:00+00:00
user-0276,350,Y tế,CONTRIBUTE,2025-03-14T20:00:00+00:00
user-0198,765,Văn hóa,FOLLOW,2025-03-14T22:00:00+00:00
user-0148,370,Văn hóa,VIEW,2025-03-15T00:00:00+00:00
user-0094,500,Công nghệ,VIEW,2025-03-15T02:00:00+00:00
user-0239,336,Giáo dục,VIEW,2025-03-15T04:00:00+00:00
user-0158,51,Giáo dục,VIEW,2025-03-15T06:00:00+00:00
user-0013,340,Y tế,SEARCH,2025-03-15T08:00:00+00:00
user-0015,20,Văn hóa,FOLLOW,2025-03-15T10:00:00+00:00
user-0022,533,Văn hóa,VIEW,2025-03-15T12:00:00+00:00
user-0241,195,Y tế,VIEW,2025-03-15T14:00:00+00:00
user-0067,265,Khởi nghiệp,VIEW,2025-03-15T16:00:00+00:00
user-0266,925,Văn hóa,VIEW,2025-03-15T18:00:00+00:00
user-0079,467,Y tế,VIEW,2025-03-15T20:00:00+00:00
user-0300,9,Môi trường,SEARCH,2025-03-15T22:00:00+00:00
user-0006,362,Khởi nghiệp,SEARCH,2025-03-16T00:00:00+00:00
user-0200,440,Y tế,VIEW,2025-03-16T02:00:00+00:00
user-0276,477,Văn hóa,VIEW,2025-03-16T04:00:00+00:00
user-0042,850,Văn hóa,FOLLOW,2025-03-16T06:00:00+00:00
user-0298,941,Y tế,FOLLOW,2025-03-16T08:00:00+00:00
user-0260,147,Công nghệ,SEARCH,2025-03-16T10:00:00+00:00
user-0172,85,Giáo dục,VIEW,2025-03-16T12:00:00+00:00
user-0256,546,Y tế,VIEW,2025-03-16T14:00:00+00:00
user-0279,526,Văn hóa,VIEW,2025-03-16T16:00:00+00:00
user-0026,325,Môi trường,FOLLOW,2025-03-16T18:00:00+00:00
user-0048,195,Y tế,VIEW,2025-03-16T20:00:00+00:00
user-0228,491,Giáo dục,VIEW,2025-03-16T22:00:00+00:00
user-0288,73,Công nghệ,VIEW,2025-03-17T00:00:00+00:00
user-0250,1000,Khởi nghiệp,FOLLOW,2025-03-17T02:00:00+00:00
user-0029,532,Văn hóa,FOLLOW,2025-03-17T04:00:00+00:00
user-0250,478,Giáo dục,SEARCH,2025-03-17T06:00:00+00:00
user-0029,897,Môi trường,VIEW,2025-03-17T08:00:00+00:00
user-0241,12,Văn hóa,VIEW,2025-03-17T10:00:00+00:00
user-0139,611,Văn hóa,VIEW,2025-03-17T12:00:00+00:00
user-0280,249,Công nghệ,VIEW,2025-03-17T14:00:00+00:00
user-0031,711,Giáo dục,VIEW,2025-03-17T16:00:00+00:00
user-0095,775,Công nghệ,VIEW,2025-03-17T18:00:00+00:00
user-0174,976,Giáo dục,SEARCH,2025-03-17T20:00:00+00:00
user-0090,362,Khởi nghiệp,VIEW,2025-03-17T22:00:00+00:00
user-0135,487,Môi trường,VIEW,2025-03-18T00:00:00+00:00
user-0258,758,Công nghệ,FOLLOW,2025-03-18T02:00:00+00:00
user-0226,633,Giáo dục,SEARCH,2025-03-18T04:00:00+00:00
user-0085,381,Y tế,FOLLOW,2025-03-18T06:00:00+00:00
user-0236,869,Văn hóa,VIEW,2025-03-18T08:00:00+00:00
user-0096,70,Công nghệ,VIEW,2025-03-18T10:00:00+00:00
user-0142,103,Môi trường,VIEW,2025-03-18T12:00:00+00:00
user-0154,918,Khởi nghiệp,VIEW,2025-03-18T14:00:00+00:00
user-0016,908,Giáo dục,CONTRIBUTE,2025-03-18T16:00:00+00:00
user-0300,160,Văn hóa,VIEW,2025-03-18T18:00:00+00:00
user-0160,843,Công nghệ,VIEW,2025-03-18T20:00:00+00:00
user-0056,420,Khởi nghiệp,VIEW,2025-03-18T22:00:00+00:00
user-0274,907,Môi trường,SEARCH,2025-03-19T00:00:00+00:00
user-0154,498,Khởi nghiệp,SEARCH,2025-03-19T02:00:00+00:00
user-0213,47,Giáo dục,FOLLOW,2025-03-19T04:00:00+00:00
user-0161,306,Môi trường,CONTRIBUTE,2025-03-19T06:00:00+00:00
user-0027,249,Công nghệ,VIEW,2025-03-19T08:00:00+00:00
user-0055,180,Công nghệ,FOLLOW,2025-03-19T10:00:00+00:00
user-0193,603,Môi trường,VIEW,2025-03-19T12:00:00+00:00
user-0051,701,Khởi nghiệp,SEARCH,2025-03-19T14:00:00+00:00
user-0268,475,Khởi nghiệp,VIEW,2025-03-19T16:00:00+00:00
user-0165,650,Văn hóa,SEARCH,2025-03-19T18:00:00+00:00
user-0270,884,Công nghệ,VIEW,2025-03-19T20:00:00+00:00
user-0008,884,Công nghệ,VIEW,2025-03-19T22:00:00+00:00
user-0053,911,Công nghệ,VIEW,2025-03-20T00:00:00+00:00
user-0291,463,Y tế,CONTRIBUTE,2025-03-20T02:00:00+00:00
user-0054,941,Y tế,VIEW,2025-03-20T04:00:00+00:00
user-0295,118,Văn hóa,VIEW,2025-03-20T06:00:00+00:00
user-0211,489,Văn hóa,FOLLOW,2025-03-20T08:00:00+00:00
user-0072,901,Văn hóa,VIEW,2025-03-20T10:00:00+00:00
user-0206,521,Môi trường,FOLLOW,2025-03-20T12:00:00+00:00
user-0143,636,Công nghệ,VIEW,2025-03-20T14:00:00+00:00
user-0012,592,Môi trường,VIEW,2025-03-20T16:00:00+00:00
user-0240,839,Y tế,VIEW,2025-03-20T18:00:00+00:00
user-0163,539,Môi trường,SEARCH,2025-03-20T20:00:00+00:00
user-0097,377,Môi trường,VIEW,2025-03-20T22:00:00+00:00
user-0203,581,Giáo dục,VIEW,2025-03-21T00:00:00+00:00
user-0138,629,Khởi nghiệp,VIEW,2025-03-21T02:00:00+00:00
user-0245,138,Y tế,CONTRIBUTE,2025-03-21T04:00:00+00:00
user-0168,69,Khởi nghiệp,VIEW,2025-03-21T06:00:00+00:00
user-0286,405,Giáo dục,VIEW,2025-03-21T08:00:00+00:00
user-0051,626,Văn hóa,SEARCH,2025-03-21T10:00:00+00:00
user-0153,748,Y tế,VIEW,2025-03-21T12:00:00+00:00
user-0222,140,Văn hóa,FOLLOW,2025-03-21T14:00:00+00:00
user-0091,129,Khởi nghiệp,VIEW,2025-03-21T16:00:00+00:00
user-0258,865,Công nghệ,VIEW,2025-03-21T18:00:00+00:00
user-0013,566,Y tế,SEARCH,2025-03-21T20:00:00+00:00
user-0111,550,Khởi nghiệp,VIEW,2025-03-21T22:00:00+00:00
user-0040,678,Y tế,VIEW,2025-03-22T00:00:00+00:00
user-0062,164,Công nghệ,VIEW,2025-03-22T02:00:00+00:00
user-0021,548,Giáo dục,SEARCH,2025-03-22T04:00:00+00:00
user-0214,694,Văn hóa,SEARCH,2025-03-22T06:00:00+00:00
user-0218,428,Văn hóa,VIEW,2025-03-22T08:00:00+00:00
user-0068,720,Văn hóa,SEARCH,2025-03-22T10:00:00+00:00
user-0169,634,Giáo dục,VIEW,2025-03-22T12:00:00+00:00
user-0084,156,Khởi nghiệp,FOLLOW,2025-03-22T14:00:00+00:00
user-0154,350,Y tế,VIEW,2025-03-22T16:00:00+00:00
user-0210,728,Môi trường,SEARCH,2025-03-22T18:00:00+00:00
user-0237,61,Giáo dục,VIEW,2025-03-22T20:00:00+00:00
user-0096,719,Y tế,FOLLOW,2025-03-22T22:00:00+00:00
user-0275,462,Môi trường,SEARCH,2025-03-23T00:00:00+00:00
user-0227,997,Y tế,VIEW,2025-03-23T02:00:00+00:00
user-0128,160,Văn hóa,SEARCH,2025-03-23T04:00:00+00:00
user-0132,48,Y tế,VIEW,2025-03-23T06:00:00+00:00
user-0106,420,Khởi nghiệp,FOLLOW,2025-03-23T08:00:00+00:00
user-0118,264,Khởi nghiệp,VIEW,2025-03-23T10:00:00+00:00
user-0031,51,Giáo dục,VIEW,2025-03-23T12:00:00+00:00
user-0300,20,Văn hóa,FOLLOW,2025-03-23T14:00:00+00:00
user-0188,10,Môi trường,SEARCH,2025-03-23T16:00:00+00:00
user-0200,393,Y tế,VIEW,2025-03-23T18:00:00+00:00
user-0135,382,Môi trường,VIEW,2025-03-23T20:00:00+00:00
user-0009,138,Y tế,VIEW,2025-03-23T22:00:00+00:00
user-0144,633,Giáo dục,FOLLOW,2025-03-24T00:00:00+00:00
user-0026,503,Môi trường,VIEW,2025-03-24T02:00:00+00:00
user-0186,189,Khởi nghiệp,VIEW,2025-03-24T04:00:00+00:00
user-0138,425,Giáo dục,SEARCH,2025-03-24T06:00:00+00:00
user-0153,387,Y tế,CONTRIBUTE,2025-03-24T08:00:00+00:00
user-0135,819,Môi trường,SEARCH,2025-03-24T10:00:00+00:00
user-0039,439,Công nghệ,VIEW,2025-03-24T12:00:00+00:00
user-0266,679,Văn hóa,FOLLOW,2025-03-24T14:00:00+00:00
user-0252,865,Công nghệ,VIEW,2025-03-24T16:00:00+00:00
user-0070,43,Công nghệ,SEARCH,2025-03-24T18:00:00+00:00
user-0015,215,Môi trường,VIEW,2025-03-24T20:00:00+00:00
user-0248,636,Công nghệ,VIEW,2025-03-24T22:00:00+00:00
user-0139,639,Công nghệ,SEARCH,2025-03-25T00:00:00+00:00
user-0026,739,Công nghệ,VIEW,2025-03-25T02:00:00+00:00
user-0228,917,Y tế,FOLLOW,2025-03-25T04:00:00+00:00
user-0183,6,Giáo dục,VIEW,2025-03-25T06:00:00+00:00
user-0155,514,Công nghệ,FOLLOW,2025-03-25T08:00:00+00:00
user-0081,715,Văn hóa,SEARCH,2025-03-25T10:00:00+00:00
user-0286,410,Giáo dục,SEARCH,2025-03-25T12:00:00+00:00
user-0154,352,Khởi nghiệp,VIEW,2025-03-25T14:00:00+00:00
user-0057,328,Văn hóa,VIEW,2025-03-25T16:00:00+00:00
user-0026,211,Công nghệ,SEARCH,2025-03-25T18:00:00+00:00
user-0250,163,Khởi nghiệp,SEARCH,2025-03-25T20:00:00+00:00
user-0258,823,Công nghệ,VIEW,2025-03-25T22:00:00+00:00
user-0270,363,Môi trường,SEARCH,2025-03-26T00:00:00+00:00
user-0029,351,Công nghệ,VIEW,2025-03-26T02:00:00+00:00
user-0264,664,Công nghệ,SEARCH,2025-03-26T04:00:00+00:00
user-0175,557,Khởi nghiệp,SEARCH,2025-03-26T06:00:00+00:00
user-0244,306,Môi trường,SEARCH,2025-03-26T08:00:00+00:00
user-0166,2,Y tế,VIEW,2025-03-26T10:00:00+00:00
user-0146,640,Văn hóa,VIEW,2025-03-26T12:00:00+00:00
user-0100,498,Khởi nghiệp,VIEW,2025-03-26T14:00:00+00:00
user-0282,402,Công nghệ,VIEW,2025-03-26T16:00:00+00:00
user-0227,968,Y tế,FOLLOW,2025-03-26T18:00:00+00:00
user-0006,425,Giáo dục,VIEW,2025-03-26T20:00:00+00:00
user-0182,105,Văn hóa,VIEW,2025-03-26T22:00:00+00:00
user-0089,274,Khởi nghiệp,VIEW,2025-03-27T00:00:00+00:00
user-0099,3,Công nghệ,SEARCH,2025-03-27T02:00:00+00:00
user-0212,241,Khởi nghiệp,VIEW,2025-03-27T04:00:00+00:00
user-0240,821,Khởi nghiệp,VIEW,2025-03-27T06:00:00+00:00
user-0069,464,Công nghệ,VIEW,2025-03-27T08:00:00+00:00
user-0203,443,Môi trường,VIEW,2025-03-27T10:00:00+00:00
user-0131,909,Môi trường,SEARCH,2025-03-27T12:00:00+00:00
user-0178,309,Giáo dục,VIEW,2025-03-27T14:00:00+00:00
user-0187,229,Giáo dục,VIEW,2025-03-27T16:00:00+00:00
user-0219,168,Giáo dục,SEARCH,2025-03-27T18:00:00+00:00
user-0011,145,Công nghệ,SEARCH,2025-03-27T20:00:00+00:00
user-0106,56,Khởi nghiệp,VIEW,2025-03-27T22:00:00+00:00
user-0069,452,Công nghệ,VIEW,2025-03-28T00:00:00+00:00
user-0222,619,Môi trường,VIEW,2025-03-28T02:00:00+00:00
user-0036,791,Văn hóa,SEARCH,2025-03-28T04:00:00+00:00
user-0294,644,Y tế,FOLLOW,2025-03-28T06:00:00+00:00
user-0233,747,Công nghệ,VIEW,2025-03-28T08:00:00+00:00
user-0192,845,Công nghệ,VIEW,2025-03-28T10:00:00+00:00
user-0068,289,Văn hóa,VIEW,2025-03-28T12:00:00+00:00
user-0155,207,Khởi nghiệp,VIEW,2025-03-28T14:00:00+00:00
user-0165,418,Văn hóa,SEARCH,2025-03-28T16:00:00+00:00
user-0047,838,Văn hóa,SEARCH,2025-03-28T18:00:00+00:00
user-0103,962,Khởi nghiệp,VIEW,2025-03-28T20:00:00+00:00
user-0270,905,Môi trường,SEARCH,2025-03-28T22:00:00+00:00
user-0129,256,Khởi nghiệp,SEARCH,2025-03-29T00:00:00+00:00
user-0284,291,Giáo dục,SEARCH,2025-03-29T02:00:00+00:00
user-0208,276,Công nghệ,FOLLOW,2025-03-29T04:00:00+00:00
user-0246,194,Môi trường,FOLLOW,2025-03-29T06:00:00+00:00
user-0268,303,Khởi nghiệp,VIEW,2025-03-29T08:00:00+00:00
user-0067,667,Y tế,SEARCH,2025-03-29T10:00:00+00:00
user-0092,592,Môi trường,SEARCH,2025-03-29T12:00:00+00:00
user-0156,316,Văn hóa,VIEW,2025-03-29T14:00:00+00:00
user-0172,82,Khởi nghiệp,VIEW,2025-03-29T16:00:00+00:00
user-0218,174,Văn hóa,VIEW,2025-03-29T18:00:00+00:00
user-0110,969,Giáo dục,FOLLOW,2025-03-29T20:00:00+00:00
user-0105,280,Khởi nghiệp,SEARCH,2025-03-29T22:00:00+00:00
user-0086,57,Văn hóa,FOLLOW,2025-03-30T00:00:00+00:00
user-0038,571,Giáo dục,VIEW,2025-03-30T02:00:00+00:00
user-0258,758,Công nghệ,FOLLOW,2025-03-30T04:00:00+00:00
user-0108,36,Văn hóa,VIEW,2025-03-30T06:00:00+00:00
user-0153,203,Y tế,VIEW,2025-03-30T08:00:00+00:00
user-0293,813,Khởi nghiệp,SEARCH,2025-03-30T10:00:00+00:00
user-0156,653,Văn hóa,SEARCH,2025-03-30T12:00:00+00:00
user-0105,683,Công nghệ,FOLLOW,2025-03-30T14:00:00+00:00
user-0037,815,Y tế,FOLLOW,2025-03-30T16:00:00+00:00
user-0205,594,Môi trường,FOLLOW,2025-03-30T18:00:00+00:00
user-0062,363,Môi trường,SEARCH,2025-03-30T20:00:00+00:00
user-0290,262,Y tế,CONTRIBUTE,2025-03-30T22:00:00+00:00
user-0084,891,Khởi nghiệp,VIEW,2025-03-31T00:00:00+00:00
user-0076,78,Y tế,VIEW,2025-03-31T02:00:00+00:00
user-0225,348,Giáo dục,VIEW,2025-03-31T04:00:00+00:00
user-0190,709,Y tế,VIEW,2025-03-31T06:00:00+00:00
user-0279,230,Y tế,SEARCH,2025-03-31T08:00:00+00:00
user-0153,574,Môi trường,FOLLOW,2025-03-31T10:00:00+00:00
user-0131,582,Môi trường,VIEW,2025-03-31T12:00:00+00:00
user-0166,121,Y tế,FOLLOW,2025-03-31T14:00:00+00:00
user-0033,944,Môi trường,CONTRIBUTE,2025-03-31T16:00:00+00:00
user-0195,665,Giáo dục,VIEW,2025-03-31T18:00:00+00:00
user-0080,758,Công nghệ,VIEW,2025-03-31T20:00:00+00:00
user-0157,742,Công nghệ,FOLLOW,2025-03-31T22:00:00+00:00
user-0053,688,Công nghệ,VIEW,2025-04-01T00:00:00+00:00
user-0043,247,Văn hóa,VIEW,2025-04-01T02:00:00+00:00
user-0296,437,Văn hóa,SEARCH,2025-04-01T04:00:00+00:00
user-0227,922,Môi trường,SEARCH,2025-04-01T06:00:00+00:00
user-0225,886,Giáo dục,VIEW,2025-04-01T08:00:00+00:00
user-0057,195,Y tế,SEARCH,2025-04-01T10:00:00+00:00
user-0108,612,Văn hóa,VIEW,2025-04-01T12:00:00+00:00
user-0053,584,Y tế,CONTRIBUTE,2025-04-01T14:00:00+00:00
user-0157,818,Môi trường,VIEW,2025-04-01T16:00:00+00:00
user-0011,803,Công nghệ,VIEW,2025-04-01T18:00:00+00:00
user-0010,500,Công nghệ,SEARCH,2025-04-01T20:00:00+00:00
user-0160,514,Công nghệ,VIEW,2025-04-01T22:00:00+00:00
user-0139,666,Công nghệ,SEARCH,2025-04-02T00:00:00+00:00
user-0054,845,Công nghệ,CONTRIBUTE,2025-04-02T02:00:00+00:00
user-0029,927,Y tế,SEARCH,2025-04-02T04:00:00+00:00
user-0262,424,Y tế,CONTRIBUTE,2025-04-02T06:00:00+00:00
user-0092,84,Khởi nghiệp,FOLLOW,2025-04-02T08:00:00+00:00
user-0272,427,Công nghệ,VIEW,2025-04-02T10:00:00+00:00
user-0239,381,Y tế,FOLLOW,2025-04-02T12:00:00+00:00
user-0192,168,Giáo dục,SEARCH,2025-04-02T14:00:00+00:00
user-0089,952,Khởi nghiệp,VIEW,2025-04-02T16:00:00+00:00
user-0079,233,Giáo dục,VIEW,2025-04-02T18:00:00+00:00
user-0276,938,Khởi nghiệp,VIEW,2025-04-02T20:00:00+00:00
user-0178,969,Giáo dục,SEARCH,2025-04-02T22:00:00+00:00
user-0245,313,Y tế,VIEW,2025-04-03T00:00:00+00:00
user-0148,3,Công nghệ,VIEW,2025-04-03T02:00:00+00:00
user-0113,705,Khởi nghiệp,SEARCH,2025-04-03T04:00:00+00:00
user-0184,72,Giáo dục,VIEW,2025-04-03T06:00:00+00:00
user-0173,146,Khởi nghiệp,CONTRIBUTE,2025-04-03T08:00:00+00:00
user-0187,243,Y tế,VIEW,2025-04-03T10:00:00+00:00
user-0051,754,Khởi nghiệp,VIEW,2025-04-03T12:00:00+00:00
user-0053,290,Công nghệ,FOLLOW,2025-04-03T14:00:00+00:00
user-0240,76,Công nghệ,FOLLOW,2025-04-03T16:00:00+00:00
user-0013,406,Môi trường,VIEW,2025-04-03T18:00:00+00:00
user-0158,753,Giáo dục,VIEW,2025-04-03T20:00:00+00:00
user-0010,336,Giáo dục,VIEW,2025-04-03T22:00:00+00:00
user-0197,427,Công nghệ,SEARCH,2025-04-04T00:00:00+00:00
user-0098,316,Văn hóa,VIEW,2025-04-04T02:00:00+00:00
user-0188,417,Văn hóa,SEARCH,2025-04-04T04:00:00+00:00
user-0086,539,Môi trường,FOLLOW,2025-04-04T06:00:00+00:00
user-0099,200,Y tế,CONTRIBUTE,2025-04-04T08:00:00+00:00
user-0239,472,Khởi nghiệp,SEARCH,2025-04-04T10:00:00+00:00
user-0258,36,Văn hóa,SEARCH,2025-04-04T12:00:00+00:00
user-0186,499,Giáo dục,SEARCH,2025-04-04T14:00:00+00:00
user-0009,324,Văn hóa,FOLLOW,2025-04-04T16:00:00+00:00
user-0265,963,Khởi nghiệp,SEARCH,2025-04-04T18:00:00+00:00
user-0068,774,Khởi nghiệp,VIEW,2025-04-04T20:00:00+00:00
user-0144,498,Khởi nghiệp,FOLLOW,2025-04-04T22:00:00+00:00
user-0264,784,Y tế,VIEW,2025-04-05T00:00:00+00:00
user-0196,216,Khởi nghiệp,VIEW,2025-04-05T02:00:00+00:00
user-0057,712,Văn hóa,VIEW,2025-04-05T04:00:00+00:00
user-0263,570,Giáo dục,VIEW,2025-04-05T06:00:00+00:00
user-0220,700,Môi trường,VIEW,2025-04-05T08:00:00+00:00
user-0229,584,Y tế,CONTRIBUTE,2025-04-05T10:00:00+00:00
user-0124,612,Văn hóa,VIEW,2025-04-05T12:00:00+00:00
user-0217,428,Văn hóa,SEARCH,2025-04-05T14:00:00+00:00
user-0196,475,Khởi nghiệp,SEARCH,2025-04-05T16:00:00+00:00
user-0298,797,Y tế,CONTRIBUTE,2025-04-05T18:00:00+00:00
user-0102,769,Văn hóa,VIEW,2025-04-05T20:00:00+00:00
user-0157,407,Công nghệ,SEARCH,2025-04-05T22:00:00+00:00
user-0013,945,Khởi nghiệp,VIEW,2025-04-06T00:00:00+00:00
user-0155,323,Công nghệ,CONTRIBUTE,2025-04-06T02:00:00+00:00
user-0257,57,Văn hóa,VIEW,2025-04-06T04:00:00+00:00
user-0079,177,Giáo dục,FOLLOW,2025-04-06T06:00:00+00:00
user-0153,310,Y tế,VIEW,2025-04-06T08:00:00+00:00
user-0168,746,Y tế,VIEW,2025-04-06T10:00:00+00:00
user-0033,835,Công nghệ,VIEW,2025-04-06T12:00:00+00:00
user-0235,724,Giáo dục,SEARCH,2025-04-06T14:00:00+00:00
user-0065,986,Giáo dục,FOLLOW,2025-04-06T16:00:00+00:00
user-0275,618,Công nghệ,VIEW,2025-04-06T18:00:00+00:00
user-0049,338,Công nghệ,VIEW,2025-04-06T20:00:00+00:00
user-0143,800,Môi trường,FOLLOW,2025-04-06T22:00:00+00:00
user-0145,336,Giáo dục,SEARCH,2025-04-07T00:00:00+00:00
user-0158,801,Giáo dục,VIEW,2025-04-07T02:00:00+00:00
user-0155,755,Công nghệ,SEARCH,2025-04-07T04:00:00+00:00
user-0186,416,Khởi nghiệp,CONTRIBUTE,2025-04-07T06:00:00+00:00
user-0290,701,Khởi nghiệp,SEARCH,2025-04-07T08:00:00+00:00
user-0101,179,Giáo dục,FOLLOW,2025-04-07T10:00:00+00:00
user-0144,357,Môi trường,SEARCH,2025-04-07T12:00:00+00:00
user-0285,212,Giáo dục,VIEW,2025-04-07T14:00:00+00:00
user-0186,420,Khởi nghiệp,VIEW,2025-04-07T16:00:00+00:00
user-0089,994,Công nghệ,CONTRIBUTE,2025-04-07T18:00:00+00:00
user-0098,577,Giáo dục,VIEW,2025-04-07T20:00:00+00:00
user-0172,918,Khởi nghiệp,SEARCH,2025-04-07T22:00:00+00:00
user-0141,448,Văn hóa,VIEW,2025-04-08T00:00:00+00:00
user-0132,159,Y tế,SEARCH,2025-04-08T02:00:00+00:00
user-0300,289,Văn hóa,VIEW,2025-04-08T04:00:00+00:00
user-0021,291,Giáo dục,VIEW,2025-04-08T06:00:00+00:00
user-0252,538,Giáo dục,SEARCH,2025-04-08T08:00:00+00:00
user-0207,607,Văn hóa,VIEW,2025-04-08T10:00:00+00:00
user-0182,845,Công nghệ,FOLLOW,2025-04-08T12:00:00+00:00
user-0122,969,Giáo dục,SEARCH,2025-04-08T14:00:00+00:00
user-0198,184,Văn hóa,VIEW,2025-04-08T16:00:00+00:00
user-0243,851,Y tế,FOLLOW,2025-04-08T18:00:00+00:00
user-0206,676,Văn hóa,FOLLOW,2025-04-08T20:00:00+00:00
user-0246,966,Công nghệ,SEARCH,2025-04-08T22:00:00+00:00
user-0113,561,Khởi nghiệp,SEARCH,2025-04-09T00:00:00+00:00
user-0274,524,Y tế,SEARCH,2025-04-09T02:00:00+00:00
user-0148,529,Giáo dục,VIEW,2025-04-09T04:00:00+00:00
user-0219,871,Văn hóa,SEARCH,2025-04-09T06:00:00+00:00
user-0173,769,Văn hóa,VIEW,2025-04-09T08:00:00+00:00
user-0106,982,Khởi nghiệp,VIEW,2025-04-09T10:00:00+00:00
user-0086,769,Văn hóa,FOLLOW,2025-04-09T12:00:00+00:00
user-0144,565,Môi trường,VIEW,2025-04-09T14:00:00+00:00
user-0079,851,Y tế,SEARCH,2025-04-09T16:00:00+00:00
user-0224,109,Môi trường,VIEW,2025-04-09T18:00:00+00:00
user-0049,639,Công nghệ,VIEW,2025-04-09T20:00:00+00:00
user-0221,684,Khởi nghiệp,VIEW,2025-04-09T22:00:00+00:00
user-0268,516,Khởi nghiệp,VIEW,2025-04-10T00:00:00+00:00
user-0108,567,Văn hóa,VIEW,2025-04-10T02:00:00+00:00
user-0180,214,Công nghệ,CONTRIBUTE,2025-04-10T04:00:00+00:00
user-0254,127,Giáo dục,VIEW,2025-04-10T06:00:00+00:00
user-0208,272,Công nghệ,VIEW,2025-04-10T08:00:00+00:00
user-0166,952,Khởi nghiệp,VIEW,2025-04-10T10:00:00+00:00
user-0298,832,Môi trường,VIEW,2025-04-10T12:00:00+00:00
user-0042,774,Khởi nghiệp,FOLLOW,2025-04-10T14:00:00+00:00
user-0187,436,Y tế,SEARCH,2025-04-10T16:00:00+00:00
user-0087,182,Môi trường,SEARCH,2025-04-10T18:00:00+00:00
user-0008,811,Công nghệ,FOLLOW,2025-04-10T20:00:00+00:00
user-0050,730,Văn hóa,VIEW,2025-04-10T22:00:00+00:00
user-0293,350,Y tế,SEARCH,2025-04-11T00:00:00+00:00
user-0194,673,Công nghệ,VIEW,2025-04-11T02:00:00+00:00
user-0297,52,Giáo dục,CONTRIBUTE,2025-04-11T04:00:00+00:00
user-0228,720,Văn hóa,FOLLOW,2025-04-11T06:00:00+00:00
user-0128,760,Công nghệ,FOLLOW,2025-04-11T08:00:00+00:00
user-0092,819,Môi trường,CONTRIBUTE,2025-04-11T10:00:00+00:00
user-0105,689,Công nghệ,VIEW,2025-04-11T12:00:00+00:00
user-0214,343,Khởi nghiệp,FOLLOW,2025-04-11T14:00:00+00:00
user-0256,265,Khởi nghiệp,SEARCH,2025-04-11T16:00:00+00:00
user-0177,965,Văn hóa,SEARCH,2025-04-11T18:00:00+00:00
user-0040,386,Giáo dục,FOLLOW,2025-04-11T20:00:00+00:00
user-0291,534,Khởi nghiệp,SEARCH,2025-04-11T22:00:00+00:00
user-0277,312,Văn hóa,VIEW,2025-04-12T00:00:00+00:00
user-0045,319,Giáo dục,FOLLOW,2025-04-12T02:00:00+00:00
user-0257,289,Văn hóa,VIEW,2025-04-12T04:00:00+00:00
user-0251,824,Giáo dục,FOLLOW,2025-04-12T06:00:00+00:00
user-0171,130,Công nghệ,VIEW,2025-04-12T08:00:00+00:00
user-0017,582,Môi trường,VIEW,2025-04-12T10:00:00+00:00
user-0115,652,Y tế,VIEW,2025-04-12T12:00:00+00:00
user-0169,307,Môi trường,FOLLOW,2025-04-12T14:00:00+00:00
user-0047,182,Môi trường,SEARCH,2025-04-12T16:00:00+00:00
user-0277,645,Khởi nghiệp,VIEW,2025-04-12T18:00:00+00:00
user-0196,789,Công nghệ,SEARCH,2025-04-12T20:00:00+00:00
user-0245,440,Y tế,SEARCH,2025-04-12T22:00:00+00:00
user-0138,416,Khởi nghiệp,SEARCH,2025-04-13T00:00:00+00:00
user-0047,537,Môi trường,SEARCH,2025-04-13T02:00:00+00:00
user-0055,538,Giáo dục,SEARCH,2025-04-13T04:00:00+00:00
user-0143,955,Môi trường,FOLLOW,2025-04-13T06:00:00+00:00
user-0091,332,Công nghệ,VIEW,2025-04-13T08:00:00+00:00
user-0143,943,Môi trường,VIEW,2025-04-13T10:00:00+00:00
user-0027,112,Công nghệ,SEARCH,2025-04-13T12:00:00+00:00
user-0173,625,Văn hóa,SEARCH,2025-04-13T14:00:00+00:00
user-0027,377,Môi trường,SEARCH,2025-04-13T16:00:00+00:00
user-0081,296,Môi trường,SEARCH,2025-04-13T18:00:00+00:00
user-0268,161,Khởi nghiệp,VIEW,2025-04-13T20:00:00+00:00
user-0034,416,Khởi nghiệp,SEARCH,2025-04-13T22:00:00+00:00
user-0071,728,Môi trường,SEARCH,2025-04-14T00:00:00+00:00
user-0006,744,Giáo dục,SEARCH,2025-04-14T02:00:00+00:00
user-0127,704,Y tế,CONTRIBUTE,2025-04-14T04:00:00+00:00
user-0137,188,Y tế,VIEW,2025-04-14T06:00:00+00:00
user-0025,357,Môi trường,FOLLOW,2025-04-14T08:00:00+00:00
user-0300,86,Văn hóa,VIEW,2025-04-14T10:00:00+00:00
user-0128,937,Môi trường,VIEW,2025-04-14T12:00:00+00:00
user-0183,165,Y tế,VIEW,2025-04-14T14:00:00+00:00
user-0143,390,Môi trường,VIEW,2025-04-14T16:00:00+00:00
user-0003,277,Văn hóa,SEARCH,2025-04-14T18:00:00+00:00
user-0195,555,Văn hóa,VIEW,2025-04-14T20:00:00+00:00
user-0155,939,Khởi nghiệp,VIEW,2025-04-14T22:00:00+00:00
user-0181,935,Công nghệ,SEARCH,2025-04-15T00:00:00+00:00
user-0079,463,Y tế,VIEW,2025-04-15T02:00:00+00:00
user-0028,496,Khởi nghiệp,SEARCH,2025-04-15T04:00:00+00:00
user-0146,841,Khởi nghiệp,SEARCH,2025-04-15T06:00:00+00:00
user-0286,355,Giáo dục,VIEW,2025-04-15T08:00:00+00:00
user-0012,780,Môi trường,VIEW,2025-04-15T10:00:00+00:00
user-0135,944,Môi trường,FOLLOW,2025-04-15T12:00:00+00:00
user-0173,781,Khởi nghiệp,VIEW,2025-04-15T14:00:00+00:00
user-0013,293,Y tế,VIEW,2025-04-15T16:00:00+00:00
user-0016,327,Văn hóa,VIEW,2025-04-15T18:00:00+00:00
user-0204,992,Giáo dục,VIEW,2025-04-15T20:00:00+00:00
user-0238,226,Khởi nghiệp,SEARCH,2025-04-15T22:00:00+00:00
user-0201,692,Khởi nghiệp,SEARCH,2025-04-16T00:00:00+00:00
user-0241,795,Giáo dục,VIEW,2025-04-16T02:00:00+00:00
user-0154,204,Văn hóa,FOLLOW,2025-04-16T04:00:00+00:00
user-0271,535,Môi trường,VIEW,2025-04-16T06:00:00+00:00
user-0235,635,Giáo dục,SEARCH,2025-04-16T08:00:00+00:00
user-0081,879,Văn hóa,SEARCH,2025-04-16T10:00:00+00:00
user-0290,784,Y tế,VIEW,2025-04-16T12:00:00+00:00
user-0251,946,Giáo dục,VIEW,2025-04-16T14:00:00+00:00
user-0193,781,Khởi nghiệp,VIEW,2025-04-16T16:00:00+00:00
user-0198,418,Văn hóa,VIEW,2025-04-16T18:00:00+00:00
user-0077,984,Công nghệ,FOLLOW,2025-04-16T20:00:00+00:00
user-0067,687,Văn hóa,VIEW,2025-04-16T22:00:00+00:00
user-0164,458,Môi trường,VIEW,2025-04-17T00:00:00+00:00
user-0003,981,Giáo dục,SEARCH,2025-04-17T02:00:00+00:00
user-0237,483,Y tế,VIEW,2025-04-17T04:00:00+00:00
user-0117,555,Văn hóa,VIEW,2025-04-17T06:00:00+00:00
user-0003,272,Công nghệ,VIEW,2025-04-17T08:00:00+00:00
user-0243,781,Khởi nghiệp,VIEW,2025-04-17T10:00:00+00:00
user-0256,567,Văn hóa,SEARCH,2025-04-17T12:00:00+00:00
user-0254,889,Công nghệ,VIEW,2025-04-17T14:00:00+00:00
user-0037,432,Văn hóa,VIEW,2025-04-17T16:00:00+00:00
user-0048,179,Giáo dục,SEARCH,2025-04-17T18:00:00+00:00
user-0073,175,Giáo dục,VIEW,2025-04-17T20:00:00+00:00
user-0143,975,Môi trường,VIEW,2025-04-17T22:00:00+00:00
user-0160,947,Công nghệ,VIEW,2025-04-18T00:00:00+00:00
user-0105,852,Công nghệ,VIEW,2025-04-18T02:00:00+00:00
user-0282,37,Khởi nghiệp,FOLLOW,2025-04-18T04:00:00+00:00
user-0041,530,Văn hóa,VIEW,2025-04-18T06:00:00+00:00
user-0182,721,Y tế,VIEW,2025-04-18T08:00:00+00:00
user-0278,852,Công nghệ,VIEW,2025-04-18T10:00:00+00:00
user-0230,30,Giáo dục,SEARCH,2025-04-18T12:00:00+00:00
user-0291,159,Y tế,FOLLOW,2025-04-18T14:00:00+00:00
user-0157,407,Công nghệ,SEARCH,2025-04-18T16:00:00+00:00
user-0190,313,Y tế,SEARCH,2025-04-18T18:00:00+00:00
user-0173,509,Văn hóa,SEARCH,2025-04-18T20:00:00+00:00
user-0137,749,Khởi nghiệp,SEARCH,2025-04-18T22:00:00+00:00
user-0080,464,Công nghệ,VIEW,2025-04-19T00:00:00+00:00
user-0066,504,Môi trường,VIEW,2025-04-19T02:00:00+00:00
user-0011,724,Giáo dục,FOLLOW,2025-04-19T04:00:00+00:00
user-0233,72,Giáo dục,VIEW,2025-04-19T06:00:00+00:00
user-0234,184,Văn hóa,SEARCH,2025-04-19T08:00:00+00:00
user-0093,812,Khởi nghiệp,VIEW,2025-04-19T10:00:00+00:00
user-0252,969,Giáo dục,SEARCH,2025-04-19T12:00:00+00:00
user-0083,860,Văn hóa,VIEW,2025-04-19T14:00:00+00:00
user-0259,797,Y tế,VIEW,2025-04-19T16:00:00+00:00
user-0089,891,Khởi nghiệp,VIEW,2025-04-19T18:00:00+00:00
user-0186,836,Giáo dục,VIEW,2025-04-19T20:00:00+00:00
user-0057,975,Môi trường,SEARCH,2025-04-19T22:00:00+00:00
user-0209,548,Giáo dục,VIEW,2025-04-20T00:00:00+00:00
user-0064,922,Môi trường,VIEW,2025-04-20T02:00:00+00:00
user-0060,251,Văn hóa,SEARCH,2025-04-20T04:00:00+00:00
user-0070,62,Công nghệ,VIEW,2025-04-20T06:00:00+00:00
user-0028,249,Công nghệ,VIEW,2025-04-20T08:00:00+00:00
user-0087,77,Y tế,FOLLOW,2025-04-20T10:00:00+00:00
user-0188,324,Văn hóa,VIEW,2025-04-20T12:00:00+00:00
user-0265,575,Môi trường,VIEW,2025-04-20T14:00:00+00:00
user-0023,218,Giáo dục,FOLLOW,2025-04-20T16:00:00+00:00
user-0226,652,Y tế,VIEW,2025-04-20T18:00:00+00:00
user-0253,933,Giáo dục,SEARCH,2025-04-20T20:00:00+00:00
user-0082,272,Công nghệ,SEARCH,2025-04-20T22:00:00+00:00
user-0214,149,Văn hóa,VIEW,2025-04-21T00:00:00+00:00
user-0017,218,Giáo dục,VIEW,2025-04-21T02:00:00+00:00
user-0190,807,Y tế,FOLLOW,2025-04-21T04:00:00+00:00
user-0167,682,Môi trường,VIEW,2025-04-21T06:00:00+00:00
user-0284,570,Giáo dục,SEARCH,2025-04-21T08:00:00+00:00
user-0194,250,Công nghệ,SEARCH,2025-04-21T10:00:00+00:00
user-0142,940,Môi trường,SEARCH,2025-04-21T12:00:00+00:00
user-0045,127,Giáo dục,SEARCH,2025-04-21T14:00:00+00:00
user-0207,428,Văn hóa,VIEW,2025-04-21T16:00:00+00:00
user-0247,542,Y tế,VIEW,2025-04-21T18:00:00+00:00
user-0149,621,Khởi nghiệp,VIEW,2025-04-21T20:00:00+00:00
user-0096,899,Y tế,FOLLOW,2025-04-21T22:00:00+00:00
user-0109,994,Công nghệ,SEARCH,2025-04-22T00:00:00+00:00
user-0005,495,Môi trường,VIEW,2025-04-22T02:00:00+00:00
user-0268,241,Khởi nghiệp,VIEW,2025-04-22T04:00:00+00:00
user-0105,213,Giáo dục,SEARCH,2025-04-22T06:00:00+00:00
user-0244,101,Môi trường,FOLLOW,2025-04-22T08:00:00+00:00
user-0121,644,Y tế,VIEW,2025-04-22T10:00:00+00:00
user-0173,771,Văn hóa,SEARCH,2025-04-22T12:00:00+00:00
user-0039,430,Công nghệ,FOLLOW,2025-04-22T14:00:00+00:00
user-0129,708,Khởi nghiệp,CONTRIBUTE,2025-04-22T16:00:00+00:00
user-0238,472,Khởi nghiệp,CONTRIBUTE,2025-04-22T18:00:00+00:00
user-0109,826,Công nghệ,VIEW,2025-04-22T20:00:00+00:00
user-0029,922,Môi trường,FOLLOW,2025-04-22T22:00:00+00:00
user-0234,553,Văn hóa,VIEW,2025-04-23T00:00:00+00:00
user-0096,704,Y tế,CONTRIBUTE,2025-04-23T02:00:00+00:00
user-0085,719,Y tế,SEARCH,2025-04-23T04:00:00+00:00
user-0170,56,Khởi nghiệp,VIEW,2025-04-23T06:00:00+00:00
user-0047,681,Khởi nghiệp,VIEW,2025-04-23T08:00:00+00:00
user-0049,126,Công nghệ,FOLLOW,2025-04-23T10:00:00+00:00
user-0021,884,Công nghệ,VIEW,2025-04-23T12:00:00+00:00
user-0167,466,Môi trường,VIEW,2025-04-23T14:00:00+00:00
user-0107,412,Y tế,SEARCH,2025-04-23T16:00:00+00:00
user-0071,655,Giáo dục,FOLLOW,2025-04-23T18:00:00+00:00
user-0021,898,Giáo dục,SEARCH,2025-04-23T20:00:00+00:00
user-0065,858,Giáo dục,SEARCH,2025-04-23T22:00:00+00:00
user-0048,991,Công nghệ,VIEW,2025-04-24T00:00:00+00:00
user-0050,555,Văn hóa,VIEW,2025-04-24T02:00:00+00:00
user-0105,225,Công nghệ,VIEW,2025-04-24T04:00:00+00:00
user-0086,993,Khởi nghiệp,CONTRIBUTE,2025-04-24T06:00:00+00:00
user-0027,137,Khởi nghiệp,SEARCH,2025-04-24T08:00:00+00:00
user-0276,184,Văn hóa,SEARCH,2025-04-24T10:00:00+00:00
user-0238,505,Khởi nghiệp,VIEW,2025-04-24T12:00:00+00:00
user-0221,162,Khởi nghiệp,CONTRIBUTE,2025-04-24T14:00:00+00:00
user-0256,86,Văn hóa,VIEW,2025-04-24T16:00:00+00:00
user-0169,976,Giáo dục,SEARCH,2025-04-24T18:00:00+00:00
user-0191,82,Khởi nghiệp,VIEW,2025-04-24T20:00:00+00:00
user-0150,446,Văn hóa,SEARCH,2025-04-24T22:00:00+00:00
user-0122,405,Giáo dục,SEARCH,2025-04-25T00:00:00+00:00
user-0076,100,Công nghệ,VIEW,2025-04-25T02:00:00+00:00
user-0121,604,Y tế,VIEW,2025-04-25T04:00:00+00:00
user-0136,218,Giáo dục,SEARCH,2025-04-25T06:00:00+00:00
user-0197,335,Y tế,VIEW,2025-04-25T08:00:00+00:00
user-0055,147,Công nghệ,CONTRIBUTE,2025-04-25T10:00:00+00:00
user-0145,217,Giáo dục,SEARCH,2025-04-25T12:00:00+00:00
user-0145,580,Giáo dục,VIEW,2025-04-25T14:00:00+00:00
user-0290,64,Y tế,SEARCH,2025-04-25T16:00:00+00:00
user-0018,5,Môi trường,SEARCH,2025-04-25T18:00:00+00:00
user-0197,293,Y tế,FOLLOW,2025-04-25T20:00:00+00:00
user-0053,753,Giáo dục,VIEW,2025-04-25T22:00:00+00:00
user-0181,751,Y tế,SEARCH,2025-04-26T00:00:00+00:00
user-0289,894,Giáo dục,FOLLOW,2025-04-26T02:00:00+00:00
user-0186,618,Công nghệ,FOLLOW,2025-04-26T04:00:00+00:00
user-0248,818,Môi trường,VIEW,2025-04-26T06:00:00+00:00
user-0109,760,Công nghệ,VIEW,2025-04-26T08:00:00+00:00
user-0208,865,Công nghệ,FOLLOW,2025-04-26T10:00:00+00:00
user-0166,645,Khởi nghiệp,SEARCH,2025-04-26T12:00:00+00:00
user-0055,600,Văn hóa,SEARCH,2025-04-26T14:00:00+00:00
user-0153,254,Y tế,VIEW,2025-04-26T16:00:00+00:00
user-0208,30,Giáo dục,VIEW,2025-04-26T18:00:00+00:00
user-0110,742,Công nghệ,SEARCH,2025-04-26T20:00:00+00:00
user-0093,654,Khởi nghiệp,VIEW,2025-04-26T22:00:00+00:00
user-0271,85,Giáo dục,VIEW,2025-04-27T00:00:00+00:00
user-0141,881,Khởi nghiệp,VIEW,2025-04-27T02:00:00+00:00
user-0088,823,Công nghệ,FOLLOW,2025-04-27T04:00:00+00:00
user-0166,169,Giáo dục,SEARCH,2025-04-27T06:00:00+00:00
user-0029,231,Môi trường,SEARCH,2025-04-27T08:00:00+00:00
user-0125,2,Y tế,SEARCH,2025-04-27T10:00:00+00:00
user-0199,377,Môi trường,SEARCH,2025-04-27T12:00:00+00:00
user-0075,378,Y tế,VIEW,2025-04-27T14:00:00+00:00
user-0243,350,Y tế,VIEW,2025-04-27T16:00:00+00:00
user-0189,18,Khởi nghiệp,VIEW,2025-04-27T18:00:00+00:00
user-0039,683,Công nghệ,VIEW,2025-04-27T20:00:00+00:00
user-0297,795,Giáo dục,FOLLOW,2025-04-27T22:00:00+00:00
user-0004,170,Giáo dục,VIEW,2025-04-28T00:00:00+00:00
user-0281,119,Công nghệ,FOLLOW,2025-04-28T02:00:00+00:00
user-0174,302,Công nghệ,SEARCH,2025-04-28T04:00:00+00:00
user-0111,234,Công nghệ,VIEW,2025-04-28T06:00:00+00:00
user-0087,143,Môi trường,VIEW,2025-04-28T08:00:00+00:00
user-0160,644,Y tế,VIEW,2025-04-28T10:00:00+00:00
user-0050,273,Văn hóa,VIEW,2025-04-28T12:00:00+00:00
user-0152,67,Môi trường,SEARCH,2025-04-28T14:00:00+00:00
user-0234,673,Công nghệ,VIEW,2025-04-28T16:00:00+00:00
user-0034,160,Văn hóa,SEARCH,2025-04-28T18:00:00+00:00
user-0085,440,Y tế,FOLLOW,2025-04-28T20:00:00+00:00
user-0209,344,Khởi nghiệp,VIEW,2025-04-28T22:00:00+00:00
user-0126,910,Giáo dục,SEARCH,2025-04-29T00:00:00+00:00
user-0208,610,Công nghệ,FOLLOW,2025-04-29T02:00:00+00:00
user-0233,473,Công nghệ,CONTRIBUTE,2025-04-29T04:00:00+00:00
user-0173,113,Giáo dục,SEARCH,2025-04-29T06:00:00+00:00
user-0042,84,Khởi nghiệp,SEARCH,2025-04-29T08:00:00+00:00
user-0273,765,Văn hóa,VIEW,2025-04-29T10:00:00+00:00
user-0104,355,Giáo dục,SEARCH,2025-04-29T12:00:00+00:00
user-0137,689,Công nghệ,VIEW,2025-04-29T14:00:00+00:00
user-0188,474,Y tế,SEARCH,2025-04-29T16:00:00+00:00
user-0279,567,Văn hóa,FOLLOW,2025-04-29T18:00:00+00:00
user-0147,567,Văn hóa,VIEW,2025-04-29T20:00:00+00:00
user-0293,45,Khởi nghiệp,SEARCH,2025-04-29T22:00:00+00:00
user-0299,977,Văn hóa,CONTRIBUTE,2025-04-30T00:00:00+00:00
user-0048,527,Y tế,VIEW,2025-04-30T02:00:00+00:00
user-0135,495,Môi trường,VIEW,2025-04-30T04:00:00+00:00
user-0239,210,Giáo dục,VIEW,2025-04-30T06:00:00+00:00
user-0278,445,Môi trường,SEARCH,2025-04-30T08:00:00+00:00
user-0030,977,Văn hóa,VIEW,2025-04-30T10:00:00+00:00
user-0056,479,Khởi nghiệp,CONTRIBUTE,2025-04-30T12:00:00+00:00
user-0202,355,Giáo dục,CONTRIBUTE,2025-04-30T14:00:00+00:00
user-0081,999,Khởi nghiệp,SEARCH,2025-04-30T16:00:00+00:00
user-0022,559,Công nghệ,VIEW,2025-04-30T18:00:00+00:00
user-0174,109,Môi trường,VIEW,2025-04-30T20:00:00+00:00
user-0071,778,Giáo dục,VIEW,2025-04-30T22:00:00+00:00
user-0108,497,Văn hóa,FOLLOW,2025-05-01T00:00:00+00:00
user-0169,321,Môi trường,VIEW,2025-05-01T02:00:00+00:00
user-0131,547,Môi trường,VIEW,2025-05-01T04:00:00+00:00
user-0291,387,Y tế,SEARCH,2025-05-01T06:00:00+00:00
user-0070,868,Công nghệ,FOLLOW,2025-05-01T08:00:00+00:00
user-0263,614,Môi trường,VIEW,2025-05-01T10:00:00+00:00
user-0293,438,Công nghệ,VIEW,2025-05-01T12:00:00+00:00
user-0131,507,Khởi nghiệp,SEARCH,2025-05-01T14:00:00+00:00
user-0242,355,Giáo dục,VIEW,2025-05-01T16:00:00+00:00
user-0253,465,Giáo dục,SEARCH,2025-05-01T18:00:00+00:00
user-0184,124,Khởi nghiệp,VIEW,2025-05-01T20:00:00+00:00
user-0143,1000,Khởi nghiệp,VIEW,2025-05-01T22:00:00+00:00
user-0162,708,Khởi nghiệp,VIEW,2025-05-02T00:00:00+00:00
user-0020,335,Y tế,VIEW,2025-05-02T02:00:00+00:00
user-0289,800,Môi trường,CONTRIBUTE,2025-05-02T04:00:00+00:00
user-0249,181,Môi trường,VIEW,2025-05-02T06:00:00+00:00
user-0005,584,Y tế,FOLLOW,2025-05-02T08:00:00+00:00
user-0142,284,Khởi nghiệp,VIEW,2025-05-02T10:00:00+00:00
user-0205,540,Giáo dục,VIEW,2025-05-02T12:00:00+00:00
user-0052,164,Công nghệ,VIEW,2025-05-02T14:00:00+00:00
user-0090,681,Khởi nghiệp,VIEW,2025-05-02T16:00:00+00:00
user-0165,571,Giáo dục,VIEW,2025-05-02T18:00:00+00:00
user-0189,535,Môi trường,FOLLOW,2025-05-02T20:00:00+00:00
user-0012,587,Y tế,VIEW,2025-05-02T22:00:00+00:00
user-0296,630,Y tế,SEARCH,2025-05-03T00:00:00+00:00
user-0041,320,Công nghệ,SEARCH,2025-05-03T02:00:00+00:00
user-0003,219,Giáo dục,SEARCH,2025-05-03T04:00:00+00:00
user-0079,627,Giáo dục,VIEW,2025-05-03T06:00:00+00:00
user-0209,906,Văn hóa,VIEW,2025-05-03T08:00:00+00:00
user-0271,398,Văn hóa,VIEW,2025-05-03T10:00:00+00:00
user-0234,874,Công nghệ,CONTRIBUTE,2025-05-03T12:00:00+00:00
user-0185,79,Môi trường,SEARCH,2025-05-03T14:00:00+00:00
user-0060,398,Văn hóa,SEARCH,2025-05-03T16:00:00+00:00
user-0270,897,Môi trường,FOLLOW,2025-05-03T18:00:00+00:00
user-0161,487,Môi trường,FOLLOW,2025-05-03T20:00:00+00:00
user-0012,76,Công nghệ,FOLLOW,2025-05-03T22:00:00+00:00
user-0120,105,Văn hóa,SEARCH,2025-05-04T00:00:00+00:00
user-0112,762,Y tế,VIEW,2025-05-04T02:00:00+00:00
user-0272,131,Công nghệ,VIEW,2025-05-04T04:00:00+00:00
user-0227,786,Công nghệ,SEARCH,2025-05-04T06:00:00+00:00
user-0280,785,Giáo dục,SEARCH,2025-05-04T08:00:00+00:00
user-0112,248,Y tế,FOLLOW,2025-05-04T10:00:00+00:00
user-0083,879,Văn hóa,SEARCH,2025-05-04T12:00:00+00:00
user-0082,799,Giáo dục,SEARCH,2025-05-04T14:00:00+00:00
user-0271,173,Môi trường,CONTRIBUTE,2025-05-04T16:00:00+00:00
user-0099,608,Công nghệ,SEARCH,2025-05-04T18:00:00+00:00
user-0007,601,Môi trường,SEARCH,2025-05-04T20:00:00+00:00
user-0058,555,Văn hóa,VIEW,2025-05-04T22:00:00+00:00
user-0040,280,Khởi nghiệp,VIEW,2025-05-05T00:00:00+00:00
user-0193,226,Khởi nghiệp,VIEW,2025-05-05T02:00:00+00:00
user-0035,971,Khởi nghiệp,CONTRIBUTE,2025-05-05T04:00:00+00:00
user-0153,195,Y tế,VIEW,2025-05-05T06:00:00+00:00
user-0094,559,Công nghệ,VIEW,2025-05-05T08:00:00+00:00
user-0080,259,Môi trường,SEARCH,2025-05-05T10:00:00+00:00
user-0052,380,Văn hóa,SEARCH,2025-05-05T12:00:00+00:00
user-0263,282,Giáo dục,VIEW,2025-05-05T14:00:00+00:00
user-0248,919,Công nghệ,VIEW,2025-05-05T16:00:00+00:00
user-0162,595,Y tế,VIEW,2025-05-05T18:00:00+00:00
user-0098,547,Môi trường,VIEW,2025-05-05T20:00:00+00:00
user-0233,464,Công nghệ,VIEW,2025-05-05T22:00:00+00:00
user-0249,918,Khởi nghiệp,FOLLOW,2025-05-06T00:00:00+00:00
user-0173,769,Văn hóa,VIEW,2025-05-06T02:00:00+00:00
user-0023,142,Giáo dục,VIEW,2025-05-06T04:00:00+00:00
user-0010,856,Giáo dục,SEARCH,2025-05-06T06:00:00+00:00
user-0271,64,Y tế,VIEW,2025-05-06T08:00:00+00:00
user-0214,154,Văn hóa,SEARCH,2025-05-06T10:00:00+00:00
user-0130,797,Y tế,SEARCH,2025-05-06T12:00:00+00:00
user-0036,370,Văn hóa,VIEW,2025-05-06T14:00:00+00:00
user-0069,274,Khởi nghiệp,SEARCH,2025-05-06T16:00:00+00:00
user-0147,931,Giáo dục,SEARCH,2025-05-06T18:00:00+00:00
user-0021,74,Giáo dục,VIEW,2025-05-06T20:00:00+00:00
user-0072,479,Khởi nghiệp,SEARCH,2025-05-06T22:00:00+00:00
user-0228,824,Giáo dục,SEARCH,2025-05-07T00:00:00+00:00
user-0275,872,Y tế,SEARCH,2025-05-07T02:00:00+00:00
user-0120,699,Khởi nghiệp,SEARCH,2025-05-07T04:00:00+00:00
user-0230,186,Giáo dục,VIEW,2025-05-07T06:00:00+00:00
user-0264,789,Công nghệ,FOLLOW,2025-05-07T08:00:00+00:00
user-0186,410,Giáo dục,VIEW,2025-05-07T10:00:00+00:00
user-0022,813,Khởi nghiệp,VIEW,2025-05-07T12:00:00+00:00
user-0273,100,Công nghệ,VIEW,2025-05-07T14:00:00+00:00
user-0140,809,Y tế,VIEW,2025-05-07T16:00:00+00:00
user-0061,347,Văn hóa,VIEW,2025-05-07T18:00:00+00:00
user-0114,670,Công nghệ,SEARCH,2025-05-07T20:00:00+00:00
user-0055,342,Y tế,VIEW,2025-05-07T22:00:00+00:00
user-0031,271,Khởi nghiệp,CONTRIBUTE,2025-05-08T00:00:00+00:00
user-0128,953,Môi trường,SEARCH,2025-05-08T02:00:00+00:00
user-0087,861,Giáo dục,SEARCH,2025-05-08T04:00:00+00:00
user-0148,279,Văn hóa,VIEW,2025-05-08T06:00:00+00:00
user-0179,229,Giáo dục,VIEW,2025-05-08T08:00:00+00:00
user-0174,562,Giáo dục,SEARCH,2025-05-08T10:00:00+00:00
user-0216,352,Khởi nghiệp,SEARCH,2025-05-08T12:00:00+00:00
user-0279,644,Y tế,VIEW,2025-05-08T14:00:00+00:00
user-0018,582,Môi trường,SEARCH,2025-05-08T16:00:00+00:00
user-0174,217,Giáo dục,FOLLOW,2025-05-08T18:00:00+00:00
user-0062,191,Môi trường,VIEW,2025-05-08T20:00:00+00:00
user-0033,268,Khởi nghiệp,SEARCH,2025-05-08T22:00:00+00:00
user-0060,154,Văn hóa,FOLLOW,2025-05-09T00:00:00+00:00
user-0165,44,Giáo dục,FOLLOW,2025-05-09T02:00:00+00:00
user-0152,547,Môi trường,VIEW,2025-05-09T04:00:00+00:00
user-0234,153,Công nghệ,SEARCH,2025-05-09T06:00:00+00:00
user-0235,469,Y tế,SEARCH,2025-05-09T08:00:00+00:00
user-0135,393,Y tế,VIEW,2025-05-09T10:00:00+00:00
user-0300,428,Văn hóa,SEARCH,2025-05-09T12:00:00+00:00
user-0118,270,Khởi nghiệp,FOLLOW,2025-05-09T14:00:00+00:00
user-0224,668,Môi trường,SEARCH,2025-05-09T16:00:00+00:00
user-0198,555,Văn hóa,SEARCH,2025-05-09T18:00:00+00:00
user-0123,490,Môi trường,SEARCH,2025-05-09T20:00:00+00:00
user-0095,786,Công nghệ,VIEW,2025-05-09T22:00:00+00:00
user-0127,64,Y tế,FOLLOW,2025-05-10T00:00:00+00:00
user-0131,841,Khởi nghiệp,VIEW,2025-05-10T02:00:00+00:00
user-0169,1,Giáo dục,VIEW,2025-05-10T04:00:00+00:00
user-0066,712,Văn hóa,FOLLOW,2025-05-10T06:00:00+00:00
user-0239,294,Khởi nghiệp,FOLLOW,2025-05-10T08:00:00+00:00
user-0216,270,Khởi nghiệp,FOLLOW,2025-05-10T10:00:00+00:00
user-0116,301,Khởi nghiệp,SEARCH,2025-05-10T12:00:00+00:00
user-0298,656,Công nghệ,VIEW,2025-05-10T14:00:00+00:00
user-0203,936,Giáo dục,SEARCH,2025-05-10T16:00:00+00:00
user-0049,86,Văn hóa,SEARCH,2025-05-10T18:00:00+00:00
user-0187,2,Y tế,VIEW,2025-05-10T20:00:00+00:00
user-0246,238,Môi trường,CONTRIBUTE,2025-05-10T22:00:00+00:00
user-0291,77,Y tế,VIEW,2025-05-11T00:00:00+00:00
user-0089,909,Môi trường,FOLLOW,2025-05-11T02:00:00+00:00
user-0138,139,Giáo dục,VIEW,2025-05-11T04:00:00+00:00
user-0098,541,Văn hóa,VIEW,2025-05-11T06:00:00+00:00
user-0269,444,Khởi nghiệp,VIEW,2025-05-11T08:00:00+00:00
user-0262,673,Công nghệ,FOLLOW,2025-05-11T10:00:00+00:00
user-0188,388,Văn hóa,SEARCH,2025-05-11T12:00:00+00:00
user-0050,8,Văn hóa,FOLLOW,2025-05-11T14:00:00+00:00
user-0274,140,Văn hóa,VIEW,2025-05-11T16:00:00+00:00
user-0001,801,Giáo dục,VIEW,2025-05-11T18:00:00+00:00
user-0137,569,Khởi nghiệp,VIEW,2025-05-11T20:00:00+00:00
user-0286,627,Giáo dục,VIEW,2025-05-11T22:00:00+00:00
user-0079,702,Y tế,VIEW,2025-05-12T00:00:00+00:00
user-0216,457,Khởi nghiệp,VIEW,2025-05-12T02:00:00+00:00
user-0178,556,Giáo dục,VIEW,2025-05-12T04:00:00+00:00
user-0290,620,Khởi nghiệp,FOLLOW,2025-05-12T06:00:00+00:00
user-0043,676,Văn hóa,FOLLOW,2025-05-12T08:00:00+00:00
user-0205,132,Giáo dục,FOLLOW,2025-05-12T10:00:00+00:00
user-0027,991,Công nghệ,VIEW,2025-05-12T12:00:00+00:00
user-0078,757,Khởi nghiệp,SEARCH,2025-05-12T14:00:00+00:00
user-0287,412,Y tế,VIEW,2025-05-12T16:00:00+00:00
user-0110,409,Văn hóa,CONTRIBUTE,2025-05-12T18:00:00+00:00
user-0078,772,Công nghệ,VIEW,2025-05-12T20:00:00+00:00
user-0255,244,Y tế,CONTRIBUTE,2025-05-12T22:00:00+00:00
user-0081,151,Khởi nghiệp,VIEW,2025-05-13T00:00:00+00:00
user-0226,109,Môi trường,VIEW,2025-05-13T02:00:00+00:00
user-0192,175,Giáo dục,SEARCH,2025-05-13T04:00:00+00:00
user-0248,846,Công nghệ,SEARCH,2025-05-13T06:00:00+00:00
user-0222,634,Giáo dục,VIEW,2025-05-13T08:00:00+00:00
user-0060,751,Y tế,SEARCH,2025-05-13T10:00:00+00:00
user-0223,247,Văn hóa,VIEW,2025-05-13T12:00:00+00:00
user-0207,732,Công nghệ,SEARCH,2025-05-13T14:00:00+00:00
user-0274,382,Môi trường,VIEW,2025-05-13T16:00:00+00:00
user-0123,417,Văn hóa,VIEW,2025-05-13T18:00:00+00:00
user-0124,169,Giáo dục,VIEW,2025-05-13T20:00:00+00:00
user-0237,212,Giáo dục,VIEW,2025-05-13T22:00:00+00:00
user-0125,428,Văn hóa,VIEW,2025-05-14T00:00:00+00:00
user-0166,268,Khởi nghiệp,VIEW,2025-05-14T02:00:00+00:00
user-0036,676,Văn hóa,SEARCH,2025-05-14T04:00:00+00:00
user-0194,268,Khởi nghiệp,SEARCH,2025-05-14T06:00:00+00:00
user-0222,336,Giáo dục,SEARCH,2025-05-14T08:00:00+00:00
user-0226,188,Y tế,VIEW,2025-05-14T10:00:00+00:00
user-0065,908,Giáo dục,SEARCH,2025-05-14T12:00:00+00:00
user-0297,512,Giáo dục,SEARCH,2025-05-14T14:00:00+00:00
user-0221,596,Khởi nghiệp,VIEW,2025-05-14T16:00:00+00:00
user-0129,699,Khởi nghiệp,VIEW,2025-05-14T18:00:00+00:00
user-0062,603,Môi trường,VIEW,2025-05-14T20:00:00+00:00
user-0300,125,Khởi nghiệp,SEARCH,2025-05-14T22:00:00+00:00
user-0228,354,Giáo dục,SEARCH,2025-05-15T00:00:00+00:00
user-0299,249,Công nghệ,VIEW,2025-05-15T02:00:00+00:00
user-0052,552,Công nghệ,VIEW,2025-05-15T04:00:00+00:00
user-0288,352,Khởi nghiệp,SEARCH,2025-05-15T06:00:00+00:00
user-0171,187,Khởi nghiệp,VIEW,2025-05-15T08:00:00+00:00
user-0133,549,Môi trường,VIEW,2025-05-15T10:00:00+00:00
user-0093,472,Khởi nghiệp,SEARCH,2025-05-15T12:00:00+00:00
user-0222,969,Giáo dục,VIEW,2025-05-15T14:00:00+00:00
user-0086,938,Khởi nghiệp,FOLLOW,2025-05-15T16:00:00+00:00
user-0185,648,Môi trường,FOLLOW,2025-05-15T18:00:00+00:00
user-0255,33,Y tế,SEARCH,2025-05-15T20:00:00+00:00
user-0025,13,Y tế,SEARCH,2025-05-15T22:00:00+00:00
user-0285,571,Giáo dục,SEARCH,2025-05-16T00:00:00+00:00
user-0249,434,Môi trường,FOLLOW,2025-05-16T02:00:00+00:00
user-0110,677,Y tế,CONTRIBUTE,2025-05-16T04:00:00+00:00
user-0006,33,Y tế,FOLLOW,2025-05-16T06:00:00+00:00
user-0064,919,Công nghệ,SEARCH,2025-05-16T08:00:00+00:00
user-0088,623,Công nghệ,SEARCH,2025-05-16T10:00:00+00:00
user-0125,941,Y tế,SEARCH,2025-05-16T12:00:00+00:00
user-0248,929,Y tế,VIEW,2025-05-16T14:00:00+00:00
user-0186,151,Khởi nghiệp,VIEW,2025-05-16T16:00:00+00:00
user-0133,698,Môi trường,VIEW,2025-05-16T18:00:00+00:00
user-0227,126,Công nghệ,VIEW,2025-05-16T20:00:00+00:00
user-0190,78,Y tế,FOLLOW,2025-05-16T22:00:00+00:00
user-0158,399,Văn hóa,VIEW,2025-05-17T00:00:00+00:00
user-0005,643,Khởi nghiệp,SEARCH,2025-05-17T02:00:00+00:00
user-0293,162,Khởi nghiệp,VIEW,2025-05-17T04:00:00+00:00
user-0020,467,Y tế,FOLLOW,2025-05-17T06:00:00+00:00
user-0010,499,Giáo dục,VIEW,2025-05-17T08:00:00+00:00
user-0282,696,Khởi nghiệp,VIEW,2025-05-17T10:00:00+00:00
user-0229,105,Văn hóa,VIEW,2025-05-17T12:00:00+00:00
user-0188,733,Môi trường,SEARCH,2025-05-17T14:00:00+00:00
user-0233,220,Văn hóa,FOLLOW,2025-05-17T16:00:00+00:00
user-0043,257,Công nghệ,VIEW,2025-05-17T18:00:00+00:00
user-0038,401,Môi trường,VIEW,2025-05-17T20:00:00+00:00
user-0116,524,Y tế,VIEW,2025-05-17T22:00:00+00:00
user-0188,575,Môi trường,CONTRIBUTE,2025-05-18T00:00:00+00:00
user-0251,179,Giáo dục,VIEW,2025-05-18T02:00:00+00:00
user-0090,498,Khởi nghiệp,SEARCH,2025-05-18T04:00:00+00:00
user-0188,411,Môi trường,VIEW,2025-05-18T06:00:00+00:00
user-0009,904,Y tế,FOLLOW,2025-05-18T08:00:00+00:00
user-0168,162,Khởi nghiệp,SEARCH,2025-05-18T10:00:00+00:00
user-0205,71,Giáo dục,VIEW,2025-05-18T12:00:00+00:00
user-0162,104,Văn hóa,VIEW,2025-05-18T14:00:00+00:00
user-0100,439,Công nghệ,VIEW,2025-05-18T16:00:00+00:00
user-0014,183,Y tế,FOLLOW,2025-05-18T18:00:00+00:00
user-0061,269,Y tế,CONTRIBUTE,2025-05-18T20:00:00+00:00
user-0089,228,Môi trường,SEARCH,2025-05-18T22:00:00+00:00
user-0053,402,Công nghệ,VIEW,2025-05-19T00:00:00+00:00
user-0149,208,Giáo dục,CONTRIBUTE,2025-05-19T02:00:00+00:00
user-0191,903,Môi trường,VIEW,2025-05-19T04:00:00+00:00
user-0032,690,Môi trường,FOLLOW,2025-05-19T06:00:00+00:00
user-0028,137,Khởi nghiệp,VIEW,2025-05-19T08:00:00+00:00
user-0292,564,Công nghệ,SEARCH,2025-05-19T10:00:00+00:00
user-0232,963,Khởi nghiệp,SEARCH,2025-05-19T12:00:00+00:00
user-0147,380,Văn hóa,VIEW,2025-05-19T14:00:00+00:00
user-0208,587,Y tế,VIEW,2025-05-19T16:00:00+00:00
user-0263,601,Môi trường,VIEW,2025-05-19T18:00:00+00:00
user-0142,173,Môi trường,SEARCH,2025-05-19T20:00:00+00:00
user-0062,573,Môi trường,FOLLOW,2025-05-19T22:00:00+00:00
user-0083,440,Y tế,CONTRIBUTE,2025-05-20T00:00:00+00:00
user-0127,198,Giáo dục,VIEW,2025-05-20T02:00:00+00:00
user-0025,560,Giáo dục,VIEW,2025-05-20T04:00:00+00:00
user-0200,926,Y tế,SEARCH,2025-05-20T06:00:00+00:00
user-0051,523,Văn hóa,VIEW,2025-05-20T08:00:00+00:00
user-0253,655,Giáo dục,VIEW,2025-05-20T10:00:00+00:00
user-0244,692,Khởi nghiệp,VIEW,2025-05-20T12:00:00+00:00
user-0094,599,Khởi nghiệp,VIEW,2025-05-20T14:00:00+00:00
user-0173,140,Văn hóa,VIEW,2025-05-20T16:00:00+00:00
user-0260,789,Công nghệ,SEARCH,2025-05-20T18:00:00+00:00
user-0283,580,Giáo dục,VIEW,2025-05-20T20:00:00+00:00
user-0127,231,Môi trường,VIEW,2025-05-20T22:00:00+00:00
user-0104,788,Y tế,FOLLOW,2025-05-21T00:00:00+00:00
user-0025,522,Y tế,SEARCH,2025-05-21T02:00:00+00:00
user-0215,663,Văn hóa,SEARCH,2025-05-21T04:00:00+00:00
user-0055,911,Công nghệ,VIEW,2025-05-21T06:00:00+00:00
user-0294,476,Môi trường,VIEW,2025-05-21T08:00:00+00:00
user-0036,632,Công nghệ,SEARCH,2025-05-21T10:00:00+00:00
user-0090,155,Y tế,VIEW,2025-05-21T12:00:00+00:00
user-0158,480,Giáo dục,VIEW,2025-05-21T14:00:00+00:00
user-0011,538,Giáo dục,VIEW,2025-05-21T16:00:00+00:00
user-0297,864,Giáo dục,SEARCH,2025-05-21T18:00:00+00:00
user-0021,309,Giáo dục,VIEW,2025-05-21T20:00:00+00:00
user-0003,186,Giáo dục,VIEW,2025-05-21T22:00:00+00:00
user-0177,622,Văn hóa,SEARCH,2025-05-22T00:00:00+00:00
user-0243,871,Văn hóa,VIEW,2025-05-22T02:00:00+00:00
user-0098,415,Văn hóa,VIEW,2025-05-22T04:00:00+00:00
user-0221,938,Khởi nghiệp,SEARCH,2025-05-22T06:00:00+00:00
user-0003,909,Môi trường,VIEW,2025-05-22T08:00:00+00:00
user-0209,933,Giáo dục,VIEW,2025-05-22T10:00:00+00:00
user-0031,405,Giáo dục,VIEW,2025-05-22T12:00:00+00:00
user-0232,165,Y tế,VIEW,2025-05-22T14:00:00+00:00
user-0084,81,Giáo dục,SEARCH,2025-05-22T16:00:00+00:00
user-0272,679,Văn hóa,VIEW,2025-05-22T18:00:00+00:00
user-0261,664,Công nghệ,CONTRIBUTE,2025-05-22T20:00:00+00:00
user-0252,15,Khởi nghiệp,FOLLOW,2025-05-22T22:00:00+00:00
user-0197,96,Y tế,SEARCH,2025-05-23T00:00:00+00:00
user-0096,471,Y tế,VIEW,2025-05-23T02:00:00+00:00
user-0098,765,Văn hóa,SEARCH,2025-05-23T04:00:00+00:00
user-0233,814,Công nghệ,VIEW,2025-05-23T06:00:00+00:00
user-0290,704,Y tế,VIEW,2025-05-23T08:00:00+00:00
user-0057,806,Y tế,CONTRIBUTE,2025-05-23T10:00:00+00:00
user-0178,47,Giáo dục,VIEW,2025-05-23T12:00:00+00:00
user-0222,127,Giáo dục,SEARCH,2025-05-23T14:00:00+00:00
user-0174,619,Môi trường,VIEW,2025-05-23T16:00:00+00:00
user-0055,110,Văn hóa,CONTRIBUTE,2025-05-23T18:00:00+00:00
user-0073,168,Giáo dục,SEARCH,2025-05-23T20:00:00+00:00
user-0100,92,Môi trường,FOLLOW,2025-05-23T22:00:00+00:00
user-0242,694,Văn hóa,VIEW,2025-05-24T00:00:00+00:00
user-0294,325,Môi trường,VIEW,2025-05-24T02:00:00+00:00
user-0078,16,Công nghệ,FOLLOW,2025-05-24T04:00:00+00:00
user-0235,953,Môi trường,VIEW,2025-05-24T06:00:00+00:00
user-0114,732,Công nghệ,VIEW,2025-05-24T08:00:00+00:00
user-0231,89,Khởi nghiệp,VIEW,2025-05-24T10:00:00+00:00
user-0231,258,Văn hóa,VIEW,2025-05-24T12:00:00+00:00
user-0215,417,Văn hóa,VIEW,2025-05-24T14:00:00+00:00
user-0125,626,Văn hóa,VIEW,2025-05-24T16:00:00+00:00
user-0206,266,Môi trường,VIEW,2025-05-24T18:00:00+00:00
user-0158,54,Giáo dục,VIEW,2025-05-24T20:00:00+00:00
user-0286,54,Giáo dục,FOLLOW,2025-05-24T22:00:00+00:00
user-0235,272,Công nghệ,SEARCH,2025-05-25T00:00:00+00:00
user-0044,150,Văn hóa,VIEW,2025-05-25T02:00:00+00:00
user-0085,202,Công nghệ,SEARCH,2025-05-25T04:00:00+00:00
user-0039,58,Văn hóa,SEARCH,2025-05-25T06:00:00+00:00
user-0291,787,Y tế,SEARCH,2025-05-25T08:00:00+00:00
user-0113,748,Y tế,FOLLOW,2025-05-25T10:00:00+00:00
user-0219,692,Khởi nghiệp,VIEW,2025-05-25T12:00:00+00:00
user-0175,734,Giáo dục,FOLLOW,2025-05-25T14:00:00+00:00
user-0102,864,Giáo dục,CONTRIBUTE,2025-05-25T16:00:00+00:00
user-0072,980,Khởi nghiệp,FOLLOW,2025-05-25T18:00:00+00:00
user-0273,911,Công nghệ,SEARCH,2025-05-25T20:00:00+00:00
user-0221,313,Y tế,SEARCH,2025-05-25T22:00:00+00:00
user-0115,629,Khởi nghiệp,VIEW,2025-05-26T00:00:00+00:00
user-0054,501,Công nghệ,SEARCH,2025-05-26T02:00:00+00:00
user-0238,982,Khởi nghiệp,FOLLOW,2025-05-26T04:00:00+00:00
user-0067,315,Y tế,SEARCH,2025-05-26T06:00:00+00:00
user-0296,200,Y tế,SEARCH,2025-05-26T08:00:00+00:00
user-0223,164,Công nghệ,VIEW,2025-05-26T10:00:00+00:00
user-0209,2,Y tế,FOLLOW,2025-05-26T12:00:00+00:00
user-0067,805,Khởi nghiệp,VIEW,2025-05-26T14:00:00+00:00
user-0161,219,Giáo dục,SEARCH,2025-05-26T16:00:00+00:00
user-0088,257,Công nghệ,VIEW,2025-05-26T18:00:00+00:00
user-0281,489,Văn hóa,FOLLOW,2025-05-26T20:00:00+00:00
user-0155,792,Công nghệ,SEARCH,2025-05-26T22:00:00+00:00
user-0154,855,Môi trường,CONTRIBUTE,2025-05-27T00:00:00+00:00
user-0070,505,Khởi nghiệp,FOLLOW,2025-05-27T02:00:00+00:00
user-0145,280,Khởi nghiệp,VIEW,2025-05-27T04:00:00+00:00
user-0108,865,Công nghệ,VIEW,2025-05-27T06:00:00+00:00
user-0282,928,Công nghệ,FOLLOW,2025-05-27T08:00:00+00:00
user-0284,590,Y tế,SEARCH,2025-05-27T10:00:00+00:00
user-0282,911,Công nghệ,CONTRIBUTE,2025-05-27T12:00:00+00:00
user-0279,432,Văn hóa,SEARCH,2025-05-27T14:00:00+00:00
user-0294,944,Môi trường,VIEW,2025-05-27T16:00:00+00:00
user-0014,593,Môi trường,CONTRIBUTE,2025-05-27T18:00:00+00:00
user-0263,411,Môi trường,SEARCH,2025-05-27T20:00:00+00:00
user-0167,364,Giáo dục,SEARCH,2025-05-27T22:00:00+00:00
user-0226,604,Y tế,VIEW,2025-05-28T00:00:00+00:00
user-0238,530,Văn hóa,SEARCH,2025-05-28T02:00:00+00:00
user-0243,137,Khởi nghiệp,CONTRIBUTE,2025-05-28T04:00:00+00:00
user-0208,973,Khởi nghiệp,VIEW,2025-05-28T06:00:00+00:00
user-0148,806,Y tế,VIEW,2025-05-28T08:00:00+00:00
user-0281,942,Khởi nghiệp,FOLLOW,2025-05-28T10:00:00+00:00
user-0240,240,Khởi nghiệp,VIEW,2025-05-28T12:00:00+00:00
user-0034,232,Y tế,SEARCH,2025-05-28T14:00:00+00:00
user-0295,316,Văn hóa,FOLLOW,2025-05-28T16:00:00+00:00
user-0109,613,Công nghệ,FOLLOW,2025-05-28T18:00:00+00:00
user-0103,638,Giáo dục,FOLLOW,2025-05-28T20:00:00+00:00
user-0041,806,Y tế,VIEW,2025-05-28T22:00:00+00:00
user-0222,168,Giáo dục,VIEW,2025-05-29T00:00:00+00:00
user-0299,111,Công nghệ,SEARCH,2025-05-29T02:00:00+00:00
user-0061,762,Y tế,VIEW,2025-05-29T04:00:00+00:00
user-0266,417,Văn hóa,SEARCH,2025-05-29T06:00:00+00:00
user-0038,524,Y tế,VIEW,2025-05-29T08:00:00+00:00
user-0212,614,Môi trường,VIEW,2025-05-29T10:00:00+00:00
user-0104,213,Giáo dục,SEARCH,2025-05-29T12:00:00+00:00
user-0194,209,Khởi nghiệp,FOLLOW,2025-05-29T14:00:00+00:00
user-0033,70,Công nghệ,VIEW,2025-05-29T16:00:00+00:00
user-0004,718,Công nghệ,CONTRIBUTE,2025-05-29T18:00:00+00:00
user-0178,854,Giáo dục,VIEW,2025-05-29T20:00:00+00:00
user-0080,180,Công nghệ,SEARCH,2025-05-29T22:00:00+00:00
user-0122,598,Văn hóa,FOLLOW,2025-05-30T00:00:00+00:00
user-0160,225,Công nghệ,SEARCH,2025-05-30T02:00:00+00:00
user-0298,448,Văn hóa,SEARCH,2025-05-30T04:00:00+00:00
user-0257,422,Văn hóa,CONTRIBUTE,2025-05-30T06:00:00+00:00
user-0241,757,Khởi nghiệp,VIEW,2025-05-30T08:00:00+00:00
user-0146,273,Văn hóa,FOLLOW,2025-05-30T10:00:00+00:00
user-0210,93,Môi trường,VIEW,2025-05-30T12:00:00+00:00
user-0145,946,Giáo dục,SEARCH,2025-05-30T14:00:00+00:00
user-0152,733,Môi trường,CONTRIBUTE,2025-05-30T16:00:00+00:00
user-0198,267,Giáo dục,VIEW,2025-05-30T18:00:00+00:00
user-0284,967,Môi trường,FOLLOW,2025-05-30T20:00:00+00:00
user-0269,712,Văn hóa,FOLLOW,2025-05-30T22:00:00+00:00
user-0088,501,Công nghệ,SEARCH,2025-05-31T00:00:00+00:00
user-0126,221,Giáo dục,VIEW,2025-05-31T02:00:00+00:00
user-0159,187,Khởi nghiệp,VIEW,2025-05-31T04:00:00+00:00
user-0116,256,Khởi nghiệp,VIEW,2025-05-31T06:00:00+00:00
user-0298,201,Y tế,CONTRIBUTE,2025-05-31T08:00:00+00:00
user-0225,98,Giáo dục,SEARCH,2025-05-31T10:00:00+00:00
user-0104,198,Giáo dục,CONTRIBUTE,2025-05-31T12:00:00+00:00
user-0040,980,Khởi nghiệp,SEARCH,2025-05-31T14:00:00+00:00
user-0049,373,Khởi nghiệp,FOLLOW,2025-05-31T16:00:00+00:00
user-0111,761,Y tế,VIEW,2025-05-31T18:00:00+00:00
user-0250,56,Khởi nghiệp,SEARCH,2025-05-31T20:00:00+00:00
user-0242,247,Văn hóa,VIEW,2025-05-31T22:00:00+00:00
user-0162,598,Văn hóa,FOLLOW,2025-06-01T00:00:00+00:00
user-0100,243,Y tế,VIEW,2025-06-01T02:00:00+00:00
user-0086,318,Khởi nghiệp,VIEW,2025-06-01T04:00:00+00:00
user-0176,736,Môi trường,VIEW,2025-06-01T06:00:00+00:00
user-0216,557,Khởi nghiệp,VIEW,2025-06-01T08:00:00+00:00
user-0228,934,Văn hóa,FOLLOW,2025-06-01T10:00:00+00:00
user-0024,233,Giáo dục,VIEW,2025-06-01T12:00:00+00:00
user-0174,763,Môi trường,SEARCH,2025-06-01T14:00:00+00:00
user-0204,416,Khởi nghiệp,SEARCH,2025-06-01T16:00:00+00:00
user-0151,29,Văn hóa,VIEW,2025-06-01T18:00:00+00:00
user-0212,905,Môi trường,CONTRIBUTE,2025-06-01T20:00:00+00:00
user-0214,88,Khởi nghiệp,VIEW,2025-06-01T22:00:00+00:00
user-0106,373,Khởi nghiệp,VIEW,2025-06-02T00:00:00+00:00
user-0073,249,Công nghệ,VIEW,2025-06-02T02:00:00+00:00
user-0175,221,Giáo dục,SEARCH,2025-06-02T04:00:00+00:00
user-0068,403,Y tế,FOLLOW,2025-06-02T06:00:00+00:00
user-0104,538,Giáo dục,SEARCH,2025-06-02T08:00:00+00:00
user-0091,192,Văn hóa,SEARCH,2025-06-02T10:00:00+00:00
user-0288,983,Khởi nghiệp,VIEW,2025-06-02T12:00:00+00:00
user-0093,882,Khởi nghiệp,VIEW,2025-06-02T14:00:00+00:00
user-0174,401,Môi trường,VIEW,2025-06-02T16:00:00+00:00
user-0051,414,Khởi nghiệp,VIEW,2025-06-02T18:00:00+00:00
user-0197,935,Công nghệ,FOLLOW,2025-06-02T20:00:00+00:00
user-0156,135,Văn hóa,VIEW,2025-06-02T22:00:00+00:00
user-0019,399,Văn hóa,SEARCH,2025-06-03T00:00:00+00:00
user-0083,904,Y tế,VIEW,2025-06-03T02:00:00+00:00
user-0200,935,Công nghệ,SEARCH,2025-06-03T04:00:00+00:00
user-0123,948,Văn hóa,VIEW,2025-06-03T06:00:00+00:00
user-0032,215,Môi trường,VIEW,2025-06-03T08:00:00+00:00
user-0120,288,Môi trường,VIEW,2025-06-03T10:00:00+00:00
user-0220,584,Y tế,SEARCH,2025-06-03T12:00:00+00:00
user-0075,283,Văn hóa,FOLLOW,2025-06-03T14:00:00+00:00
user-0135,369,Y tế,VIEW,2025-06-03T16:00:00+00:00
user-0299,16,Công nghệ,SEARCH,2025-06-03T18:00:00+00:00
user-0156,204,Văn hóa,VIEW,2025-06-03T20:00:00+00:00
user-0273,311,Y tế,FOLLOW,2025-06-03T22:00:00+00:00
user-0167,521,Môi trường,FOLLOW,2025-06-04T00:00:00+00:00
user-0284,365,Môi trường,SEARCH,2025-06-04T02:00:00+00:00
user-0169,32,Khởi nghiệp,VIEW,2025-06-04T04:00:00+00:00
user-0258,914,Môi trường,VIEW,2025-06-04T06:00:00+00:00
user-0037,660,Công nghệ,SEARCH,2025-06-04T08:00:00+00:00
user-0200,358,Y tế,VIEW,2025-06-04T10:00:00+00:00
user-0272,831,Công nghệ,VIEW,2025-06-04T12:00:00+00:00
user-0033,225,Công nghệ,VIEW,2025-06-04T14:00:00+00:00
user-0017,228,Môi trường,VIEW,2025-06-04T16:00:00+00:00
user-0287,472,Khởi nghiệp,FOLLOW,2025-06-04T18:00:00+00:00
user-0177,71,Giáo dục,FOLLOW,2025-06-04T20:00:00+00:00
user-0055,671,Giáo dục,SEARCH,2025-06-04T22:00:00+00:00
user-0262,829,Khởi nghiệp,SEARCH,2025-06-05T00:00:00+00:00
user-0235,290,Công nghệ,SEARCH,2025-06-05T02:00:00+00:00
user-0248,747,Công nghệ,FOLLOW,2025-06-05T04:00:00+00:00
user-0051,737,Văn hóa,SEARCH,2025-06-05T06:00:00+00:00
user-0189,161,Khởi nghiệp,VIEW,2025-06-05T08:00:00+00:00
user-0038,237,Y tế,CONTRIBUTE,2025-06-05T10:00:00+00:00
user-0168,806,Y tế,SEARCH,2025-06-05T12:00:00+00:00
user-0072,287,Khởi nghiệp,VIEW,2025-06-05T14:00:00+00:00
user-0243,939,Khởi nghiệp,VIEW,2025-06-05T16:00:00+00:00
user-0077,323,Công nghệ,SEARCH,2025-06-05T18:00:00+00:00
user-0057,448,Văn hóa,SEARCH,2025-06-05T20:00:00+00:00
user-0089,414,Khởi nghiệp,SEARCH,2025-06-05T22:00:00+00:00
user-0124,237,Y tế,VIEW,2025-06-06T00:00:00+00:00
user-0059,82,Khởi nghiệp,SEARCH,2025-06-06T02:00:00+00:00
user-0254,858,Giáo dục,VIEW,2025-06-06T04:00:00+00:00
user-0030,128,Văn hóa,FOLLOW,2025-06-06T06:00:00+00:00
user-0050,265,Khởi nghiệp,VIEW,2025-06-06T08:00:00+00:00
user-0251,218,Giáo dục,SEARCH,2025-06-06T10:00:00+00:00
user-0219,200,Y tế,FOLLOW,2025-06-06T12:00:00+00:00
user-0229,695,Môi trường,FOLLOW,2025-06-06T14:00:00+00:00
user-0195,301,Khởi nghiệp,SEARCH,2025-06-06T16:00:00+00:00
user-0181,47,Giáo dục,FOLLOW,2025-06-06T18:00:00+00:00
user-0014,517,Y tế,VIEW,2025-06-06T20:00:00+00:00
user-0023,181,Môi trường,FOLLOW,2025-06-06T22:00:00+00:00
user-0124,99,Y tế,FOLLOW,2025-06-07T00:00:00+00:00
user-0060,328,Văn hóa,VIEW,2025-06-07T02:00:00+00:00
user-0201,781,Khởi nghiệp,SEARCH,2025-06-07T04:00:00+00:00
user-0094,852,Công nghệ,VIEW,2025-06-07T06:00:00+00:00
user-0243,463,Y tế,VIEW,2025-06-07T08:00:00+00:00
user-0097,767,Môi trường,VIEW,2025-06-07T10:00:00+00:00
user-0096,149,Văn hóa,CONTRIBUTE,2025-06-07T12:00:00+00:00
user-0031,841,Khởi nghiệp,SEARCH,2025-06-07T14:00:00+00:00
user-0097,275,Môi trường,VIEW,2025-06-07T16:00:00+00:00
user-0166,803,Công nghệ,VIEW,2025-06-07T18:00:00+00:00
user-0287,764,Khởi nghiệp,SEARCH,2025-06-07T20:00:00+00:00
user-0162,903,Môi trường,SEARCH,2025-06-07T22:00:00+00:00
user-0208,529,Giáo dục,VIEW,2025-06-08T00:00:00+00:00
user-0278,408,Y tế,VIEW,2025-06-08T02:00:00+00:00
user-0050,737,Văn hóa,SEARCH,2025-06-08T04:00:00+00:00
user-0241,68,Y tế,FOLLOW,2025-06-08T06:00:00+00:00
user-0093,259,Môi trường,SEARCH,2025-06-08T08:00:00+00:00
user-0058,805,Khởi nghiệp,VIEW,2025-06-08T10:00:00+00:00
user-0226,456,Y tế,FOLLOW,2025-06-08T12:00:00+00:00
user-0249,584,Y tế,SEARCH,2025-06-08T14:00:00+00:00
user-0212,391,Môi trường,VIEW,2025-06-08T16:00:00+00:00
user-0076,783,Y tế,SEARCH,2025-06-08T18:00:00+00:00
user-0060,316,Văn hóa,SEARCH,2025-06-08T20:00:00+00:00
user-0030,916,Giáo dục,VIEW,2025-06-08T22:00:00+00:00
user-0100,543,Khởi nghiệp,VIEW,2025-06-09T00:00:00+00:00
user-0285,936,Giáo dục,VIEW,2025-06-09T02:00:00+00:00
user-0298,342,Y tế,SEARCH,2025-06-09T04:00:00+00:00
user-0110,303,Khởi nghiệp,SEARCH,2025-06-09T06:00:00+00:00
user-0135,78,Y tế,FOLLOW,2025-06-09T08:00:00+00:00
user-0041,214,Công nghệ,CONTRIBUTE,2025-06-09T10:00:00+00:00
user-0268,266,Môi trường,FOLLOW,2025-06-09T12:00:00+00:00
user-0200,856,Giáo dục,FOLLOW,2025-06-09T14:00:00+00:00
user-0065,135,Văn hóa,SEARCH,2025-06-09T16:00:00+00:00
user-0232,765,Văn hóa,VIEW,2025-06-09T18:00:00+00:00
user-0234,878,Công nghệ,VIEW,2025-06-09T20:00:00+00:00
user-0183,675,Giáo dục,VIEW,2025-06-09T22:00:00+00:00
user-0020,579,Văn hóa,SEARCH,2025-06-10T00:00:00+00:00
user-0291,562,Giáo dục,FOLLOW,2025-06-10T02:00:00+00:00
user-0065,219,Giáo dục,FOLLOW,2025-06-10T04:00:00+00:00
user-0233,7,Công nghệ,VIEW,2025-06-10T06:00:00+00:00
user-0149,882,Khởi nghiệp,FOLLOW,2025-06-10T08:00:00+00:00
user-0275,500,Công nghệ,FOLLOW,2025-06-10T10:00:00+00:00
user-0254,722,Công nghệ,VIEW,2025-06-10T12:00:00+00:00
user-0096,50,Y tế,VIEW,2025-06-10T14:00:00+00:00
user-0187,413,Y tế,VIEW,2025-06-10T16:00:00+00:00
user-0020,205,Y tế,SEARCH,2025-06-10T18:00:00+00:00
user-0104,741,Giáo dục,VIEW,2025-06-10T20:00:00+00:00
user-0225,512,Giáo dục,VIEW,2025-06-10T22:00:00+00:00
user-0100,343,Khởi nghiệp,SEARCH,2025-06-11T00:00:00+00:00
user-0020,184,Văn hóa,CONTRIBUTE,2025-06-11T02:00:00+00:00
user-0216,246,Khởi nghiệp,VIEW,2025-06-11T04:00:00+00:00
user-0105,656,Công nghệ,SEARCH,2025-06-11T06:00:00+00:00
user-0242,392,Giáo dục,VIEW,2025-06-11T08:00:00+00:00
user-0241,825,Y tế,SEARCH,2025-06-11T10:00:00+00:00
user-0259,313,Y tế,VIEW,2025-06-11T12:00:00+00:00
user-0110,55,Công nghệ,FOLLOW,2025-06-11T14:00:00+00:00
user-0234,9,Môi trường,VIEW,2025-06-11T16:00:00+00:00
user-0126,298,Văn hóa,SEARCH,2025-06-11T18:00:00+00:00
user-0057,653,Văn hóa,SEARCH,2025-06-11T20:00:00+00:00
user-0054,617,Y tế,SEARCH,2025-06-11T22:00:00+00:00
user-0034,950,Văn hóa,VIEW,2025-06-12T00:00:00+00:00
user-0283,179,Giáo dục,FOLLOW,2025-06-12T02:00:00+00:00
user-0091,277,Văn hóa,VIEW,2025-06-12T04:00:00+00:00
user-0174,614,Môi trường,SEARCH,2025-06-12T06:00:00+00:00
user-0198,830,Văn hóa,SEARCH,2025-06-12T08:00:00+00:00
user-0255,209,Khởi nghiệp,VIEW,2025-06-12T10:00:00+00:00
user-0218,949,Văn hóa,SEARCH,2025-06-12T12:00:00+00:00
user-0030,873,Văn hóa,SEARCH,2025-06-12T14:00:00+00:00
user-0115,510,Giáo dục,CONTRIBUTE,2025-06-12T16:00:00+00:00
user-0073,59,Y tế,SEARCH,2025-06-12T18:00:00+00:00
user-0186,857,Giáo dục,FOLLOW,2025-06-12T20:00:00+00:00
user-0014,495,Môi trường,VIEW,2025-06-12T22:00:00+00:00
user-0128,466,Môi trường,VIEW,2025-06-13T00:00:00+00:00
user-0045,933,Giáo dục,VIEW,2025-06-13T02:00:00+00:00
user-0293,264,Khởi nghiệp,VIEW,2025-06-13T04:00:00+00:00
user-0149,974,Khởi nghiệp,SEARCH,2025-06-13T06:00:00+00:00
user-0186,354,Giáo dục,VIEW,2025-06-13T08:00:00+00:00
user-0034,506,Văn hóa,VIEW,2025-06-13T10:00:00+00:00
user-0111,471,Y tế,VIEW,2025-06-13T12:00:00+00:00
user-0166,120,Giáo dục,VIEW,2025-06-13T14:00:00+00:00
user-0138,38,Khởi nghiệp,VIEW,2025-06-13T16:00:00+00:00
user-0034,663,Văn hóa,VIEW,2025-06-13T18:00:00+00:00
user-0169,710,Môi trường,FOLLOW,2025-06-13T20:00:00+00:00
user-0066,663,Văn hóa,FOLLOW,2025-06-13T22:00:00+00:00
user-0274,152,Môi trường,SEARCH,2025-06-14T00:00:00+00:00
user-0012,72,Giáo dục,VIEW,2025-06-14T02:00:00+00:00
user-0200,337,Y tế,VIEW,2025-06-14T04:00:00+00:00
user-0039,452,Công nghệ,VIEW,2025-06-14T06:00:00+00:00
user-0179,766,Y tế,VIEW,2025-06-14T08:00:00+00:00
user-0012,244,Y tế,CONTRIBUTE,2025-06-14T10:00:00+00:00
user-0021,416,Khởi nghiệp,SEARCH,2025-06-14T12:00:00+00:00
user-0088,111,Công nghệ,SEARCH,2025-06-14T14:00:00+00:00
user-0269,283,Văn hóa,FOLLOW,2025-06-14T16:00:00+00:00
user-0257,756,Văn hóa,VIEW,2025-06-14T18:00:00+00:00
user-0173,105,Văn hóa,SEARCH,2025-06-14T20:00:00+00:00
user-0043,477,Văn hóa,CONTRIBUTE,2025-06-14T22:00:00+00:00
user-0043,518,Văn hóa,VIEW,2025-06-15T00:00:00+00:00
user-0021,406,Môi trường,FOLLOW,2025-06-15T02:00:00+00:00
user-0276,954,Y tế,VIEW,2025-06-15T04:00:00+00:00
user-0104,512,Giáo dục,SEARCH,2025-06-15T06:00:00+00:00
user-0191,191,Môi trường,VIEW,2025-06-15T08:00:00+00:00
user-0290,56,Khởi nghiệp,SEARCH,2025-06-15T10:00:00+00:00
user-0265,596,Khởi nghiệp,CONTRIBUTE,2025-06-15T12:00:00+00:00
user-0242,577,Giáo dục,SEARCH,2025-06-15T14:00:00+00:00
user-0184,629,Khởi nghiệp,FOLLOW,2025-06-15T16:00:00+00:00
user-0210,226,Khởi nghiệp,FOLLOW,2025-06-15T18:00:00+00:00
user-0188,879,Văn hóa,VIEW,2025-06-15T20:00:00+00:00
user-0047,130,Công nghệ,SEARCH,2025-06-15T22:00:00+00:00
user-0028,881,Khởi nghiệp,VIEW,2025-06-16T00:00:00+00:00
user-0103,236,Giáo dục,FOLLOW,2025-06-16T02:00:00+00:00
user-0239,82,Khởi nghiệp,FOLLOW,2025-06-16T04:00:00+00:00
user-0274,839,Y tế,SEARCH,2025-06-16T06:00:00+00:00
user-0187,64,Y tế,FOLLOW,2025-06-16T08:00:00+00:00
user-0085,430,Công nghệ,VIEW,2025-06-16T10:00:00+00:00
user-0102,278,Giáo dục,SEARCH,2025-06-16T12:00:00+00:00
user-0058,959,Văn hóa,VIEW,2025-06-16T14:00:00+00:00
user-0165,693,Y tế,SEARCH,2025-06-16T16:00:00+00:00
user-0212,87,Văn hóa,VIEW,2025-06-16T18:00:00+00:00
user-0143,149,Văn hóa,CONTRIBUTE,2025-06-16T20:00:00+00:00
user-0035,406,Môi trường,VIEW,2025-06-16T22:00:00+00:00
user-0118,982,Khởi nghiệp,VIEW,2025-06-17T00:00:00+00:00
user-0277,957,Văn hóa,VIEW,2025-06-17T02:00:00+00:00
user-0118,757,Khởi nghiệp,VIEW,2025-06-17T04:00:00+00:00
user-0292,610,Công nghệ,VIEW,2025-06-17T06:00:00+00:00
user-0161,52,Giáo dục,VIEW,2025-06-17T08:00:00+00:00
user-0006,552,Công nghệ,VIEW,2025-06-17T10:00:00+00:00
user-0268,338,Công nghệ,SEARCH,2025-06-17T12:00:00+00:00
user-0011,635,Giáo dục,VIEW,2025-06-17T14:00:00+00:00
user-0204,504,Môi trường,SEARCH,2025-06-17T16:00:00+00:00
user-0087,905,Môi trường,SEARCH,2025-06-17T18:00:00+00:00
user-0123,35,Văn hóa,FOLLOW,2025-06-17T20:00:00+00:00
user-0003,555,Văn hóa,SEARCH,2025-06-17T22:00:00+00:00
user-0150,21,Văn hóa,VIEW,2025-06-18T00:00:00+00:00
user-0238,146,Khởi nghiệp,VIEW,2025-06-18T02:00:00+00:00
user-0199,976,Giáo dục,VIEW,2025-06-18T04:00:00+00:00
user-0119,723,Khởi nghiệp,VIEW,2025-06-18T06:00:00+00:00
user-0163,560,Giáo dục,VIEW,2025-06-18T08:00:00+00:00
user-0112,532,Văn hóa,VIEW,2025-06-18T10:00:00+00:00
user-0045,33,Y tế,VIEW,2025-06-18T12:00:00+00:00
user-0212,296,Môi trường,SEARCH,2025-06-18T14:00:00+00:00
user-0300,973,Khởi nghiệp,SEARCH,2025-06-18T16:00:00+00:00
user-0126,174,Văn hóa,CONTRIBUTE,2025-06-18T18:00:00+00:00
user-0120,699,Khởi nghiệp,SEARCH,2025-06-18T20:00:00+00:00
user-0167,681,Khởi nghiệp,VIEW,2025-06-18T22:00:00+00:00
user-0179,127,Giáo dục,CONTRIBUTE,2025-06-19T00:00:00+00:00
user-0275,966,Công nghệ,SEARCH,2025-06-19T02:00:00+00:00
user-0246,190,Khởi nghiệp,SEARCH,2025-06-19T04:00:00+00:00
user-0105,265,Khởi nghiệp,VIEW,2025-06-19T06:00:00+00:00
user-0289,61,Giáo dục,SEARCH,2025-06-19T08:00:00+00:00
user-0294,356,Công nghệ,SEARCH,2025-06-19T10:00:00+00:00
user-0170,866,Khởi nghiệp,SEARCH,2025-06-19T12:00:00+00:00
user-0212,940,Môi trường,SEARCH,2025-06-19T14:00:00+00:00
user-0003,616,Giáo dục,VIEW,2025-06-19T16:00:00+00:00
user-0032,283,Văn hóa,FOLLOW,2025-06-19T18:00:00+00:00
user-0196,829,Khởi nghiệp,SEARCH,2025-06-19T20:00:00+00:00
user-0095,559,Công nghệ,VIEW,2025-06-19T22:00:00+00:00
user-0149,88,Khởi nghiệp,SEARCH,2025-06-20T00:00:00+00:00
user-0022,532,Văn hóa,VIEW,2025-06-20T02:00:00+00:00
user-0016,106,Văn hóa,SEARCH,2025-06-20T04:00:00+00:00
user-0049,290,Công nghệ,SEARCH,2025-06-20T06:00:00+00:00
user-0213,743,Giáo dục,FOLLOW,2025-06-20T08:00:00+00:00
user-0067,704,Y tế,VIEW,2025-06-20T10:00:00+00:00
user-0282,452,Công nghệ,SEARCH,2025-06-20T12:00:00+00:00
user-0041,317,Giáo dục,VIEW,2025-06-20T14:00:00+00:00
user-0244,307,Môi trường,SEARCH,2025-06-20T16:00:00+00:00
user-0167,748,Y tế,VIEW,2025-06-20T18:00:00+00:00
user-0243,886,Giáo dục,VIEW,2025-06-20T20:00:00+00:00
user-0030,237,Y tế,VIEW,2025-06-20T22:00:00+00:00
user-0141,719,Y tế,FOLLOW,2025-06-21T00:00:00+00:00
user-0060,316,Văn hóa,VIEW,2025-06-21T02:00:00+00:00
user-0079,115,Y tế,SEARCH,2025-06-21T04:00:00+00:00
user-0298,238,Môi trường,CONTRIBUTE,2025-06-21T06:00:00+00:00
user-0267,429,Khởi nghiệp,SEARCH,2025-06-21T08:00:00+00:00
user-0216,325,Môi trường,VIEW,2025-06-21T10:00:00+00:00
user-0256,974,Khởi nghiệp,VIEW,2025-06-21T12:00:00+00:00
user-0234,441,Y tế,FOLLOW,2025-06-21T14:00:00+00:00
user-0179,243,Y tế,FOLLOW,2025-06-21T16:00:00+00:00
user-0291,844,Y tế,VIEW,2025-06-21T18:00:00+00:00
user-0120,791,Văn hóa,VIEW,2025-06-21T20:00:00+00:00
user-0233,452,Công nghệ,VIEW,2025-06-21T22:00:00+00:00
user-0034,651,Môi trường,FOLLOW,2025-06-22T00:00:00+00:00
user-0020,295,Y tế,SEARCH,2025-06-22T02:00:00+00:00
user-0217,55,Công nghệ,FOLLOW,2025-06-22T04:00:00+00:00
user-0002,802,Môi trường,CONTRIBUTE,2025-06-22T06:00:00+00:00
user-0267,993,Khởi nghiệp,CONTRIBUTE,2025-06-22T08:00:00+00:00
user-0276,950,Văn hóa,VIEW,2025-06-22T10:00:00+00:00
user-0251,169,Giáo dục,VIEW,2025-06-22T12:00:00+00:00
user-0273,393,Y tế,SEARCH,2025-06-22T14:00:00+00:00
user-0025,517,Y tế,SEARCH,2025-06-22T16:00:00+00:00
user-0035,279,Văn hóa,VIEW,2025-06-22T18:00:00+00:00
user-0195,421,Môi trường,VIEW,2025-06-22T20:00:00+00:00
user-0074,514,Công nghệ,VIEW,2025-06-22T22:00:00+00:00
user-0157,180,Công nghệ,VIEW,2025-06-23T00:00:00+00:00
user-0117,105,Văn hóa,CONTRIBUTE,2025-06-23T02:00:00+00:00
user-0062,937,Môi trường,SEARCH,2025-06-23T04:00:00+00:00
user-0150,190,Khởi nghiệp,VIEW,2025-06-23T06:00:00+00:00
user-0150,840,Văn hóa,VIEW,2025-06-23T08:00:00+00:00
user-0122,470,Giáo dục,VIEW,2025-06-23T10:00:00+00:00
user-0063,391,Môi trường,SEARCH,2025-06-23T12:00:00+00:00
user-0231,742,Công nghệ,FOLLOW,2025-06-23T14:00:00+00:00
user-0237,797,Y tế,SEARCH,2025-06-23T16:00:00+00:00
user-0017,517,Y tế,FOLLOW,2025-06-23T18:00:00+00:00
user-0265,614,Môi trường,FOLLOW,2025-06-23T20:00:00+00:00
user-0128,694,Văn hóa,SEARCH,2025-06-23T22:00:00+00:00
user-0225,602,Giáo dục,VIEW,2025-06-24T00:00:00+00:00
user-0069,212,Giáo dục,VIEW,2025-06-24T02:00:00+00:00
user-0267,723,Khởi nghiệp,SEARCH,2025-06-24T04:00:00+00:00
user-0300,820,Khởi nghiệp,SEARCH,2025-06-24T06:00:00+00:00
user-0045,64,Y tế,CONTRIBUTE,2025-06-24T08:00:00+00:00
user-0041,128,Văn hóa,SEARCH,2025-06-24T10:00:00+00:00
user-0264,413,Y tế,VIEW,2025-06-24T12:00:00+00:00
user-0062,268,Khởi nghiệp,VIEW,2025-06-24T14:00:00+00:00
user-0019,930,Văn hóa,VIEW,2025-06-24T16:00:00+00:00
user-0099,831,Công nghệ,VIEW,2025-06-24T18:00:00+00:00
user-0116,270,Khởi nghiệp,CONTRIBUTE,2025-06-24T20:00:00+00:00
user-0065,127,Giáo dục,VIEW,2025-06-24T22:00:00+00:00
user-0262,987,Giáo dục,FOLLOW,2025-06-25T00:00:00+00:00
user-0152,807,Y tế,VIEW,2025-06-25T02:00:00+00:00
user-0133,573,Môi trường,VIEW,2025-06-25T04:00:00+00:00
user-0113,920,Y tế,VIEW,2025-06-25T06:00:00+00:00
user-0290,75,Khởi nghiệp,SEARCH,2025-06-25T08:00:00+00:00
user-0040,866,Khởi nghiệp,VIEW,2025-06-25T10:00:00+00:00
user-0071,627,Giáo dục,SEARCH,2025-06-25T12:00:00+00:00
user-0150,160,Văn hóa,SEARCH,2025-06-25T14:00:00+00:00
user-0102,11,Văn hóa,VIEW,2025-06-25T16:00:00+00:00
user-0162,437,Văn hóa,VIEW,2025-06-25T18:00:00+00:00
user-0228,283,Văn hóa,VIEW,2025-06-25T20:00:00+00:00
user-0213,360,Công nghệ,VIEW,2025-06-25T22:00:00+00:00
user-0085,642,Công nghệ,FOLLOW,2025-06-26T00:00:00+00:00
user-0249,456,Y tế,CONTRIBUTE,2025-06-26T02:00:00+00:00
user-0044,451,Văn hóa,VIEW,2025-06-26T04:00:00+00:00
user-0291,409,Văn hóa,VIEW,2025-06-26T06:00:00+00:00
user-0153,14,Môi trường,VIEW,2025-06-26T08:00:00+00:00
user-0050,647,Giáo dục,VIEW,2025-06-26T10:00:00+00:00
user-0239,741,Giáo dục,VIEW,2025-06-26T12:00:00+00:00
user-0097,996,Môi trường,VIEW,2025-06-26T14:00:00+00:00
user-0141,977,Văn hóa,SEARCH,2025-06-26T16:00:00+00:00
user-0110,946,Giáo dục,VIEW,2025-06-26T18:00:00+00:00
user-0264,474,Y tế,VIEW,2025-06-26T20:00:00+00:00
user-0219,665,Giáo dục,VIEW,2025-06-26T22:00:00+00:00
user-0294,192,Văn hóa,SEARCH,2025-06-27T00:00:00+00:00
user-0269,57,Văn hóa,VIEW,2025-06-27T02:00:00+00:00
user-0185,93,Môi trường,FOLLOW,2025-06-27T04:00:00+00:00
user-0062,851,Y tế,VIEW,2025-06-27T06:00:00+00:00
user-0265,246,Khởi nghiệp,VIEW,2025-06-27T08:00:00+00:00
user-0125,437,Văn hóa,VIEW,2025-06-27T10:00:00+00:00
user-0160,70,Công nghệ,VIEW,2025-06-27T12:00:00+00:00
user-0275,201,Y tế,FOLLOW,2025-06-27T14:00:00+00:00
user-0152,603,Môi trường,VIEW,2025-06-27T16:00:00+00:00
user-0146,973,Khởi nghiệp,VIEW,2025-06-27T18:00:00+00:00
user-0240,352,Khởi nghiệp,VIEW,2025-06-27T20:00:00+00:00
user-0057,50,Y tế,CONTRIBUTE,2025-06-27T22:00:00+00:00
user-0005,31,Y tế,VIEW,2025-06-28T00:00:00+00:00
user-0067,456,Y tế,FOLLOW,2025-06-28T02:00:00+00:00
user-0156,781,Khởi nghiệp,SEARCH,2025-06-28T04:00:00+00:00
user-0263,996,Môi trường,SEARCH,2025-06-28T06:00:00+00:00
user-0255,13,Y tế,VIEW,2025-06-28T08:00:00+00:00
user-0008,504,Môi trường,VIEW,2025-06-28T10:00:00+00:00
user-0094,339,Công nghệ,VIEW,2025-06-28T12:00:00+00:00
user-0085,823,Công nghệ,VIEW,2025-06-28T14:00:00+00:00
user-0191,40,Khởi nghiệp,VIEW,2025-06-28T16:00:00+00:00
user-0203,572,Giáo dục,SEARCH,2025-06-28T18:00:00+00:00
user-0096,585,Y tế,VIEW,2025-06-28T20:00:00+00:00
user-0089,545,Môi trường,VIEW,2025-06-28T22:00:00+00:00
user-0244,227,Môi trường,FOLLOW,2025-06-29T00:00:00+00:00
user-0282,653,Văn hóa,VIEW,2025-06-29T02:00:00+00:00
user-0154,712,Văn hóa,FOLLOW,2025-06-29T04:00:00+00:00
user-0156,58,Văn hóa,CONTRIBUTE,2025-06-29T06:00:00+00:00
user-0210,79,Môi trường,VIEW,2025-06-29T08:00:00+00:00
user-0098,769,Văn hóa,VIEW,2025-06-29T10:00:00+00:00
user-0094,202,Công nghệ,SEARCH,2025-06-29T12:00:00+00:00
user-0116,701,Khởi nghiệp,VIEW,2025-06-29T14:00:00+00:00
user-0025,687,Văn hóa,VIEW,2025-06-29T16:00:00+00:00
user-0086,860,Văn hóa,VIEW,2025-06-29T18:00:00+00:00
user-0108,732,Công nghệ,VIEW,2025-06-29T20:00:00+00:00
user-0288,823,Công nghệ,SEARCH,2025-06-29T22:00:00+00:00
user-0245,643,Khởi nghiệp,VIEW,2025-06-30T00:00:00+00:00
user-0162,8,Văn hóa,FOLLOW,2025-06-30T02:00:00+00:00
user-0116,301,Khởi nghiệp,VIEW,2025-06-30T04:00:00+00:00
user-0079,405,Giáo dục,VIEW,2025-06-30T06:00:00+00:00
user-0195,977,Văn hóa,VIEW,2025-06-30T08:00:00+00:00
user-0049,630,Y tế,FOLLOW,2025-06-30T10:00:00+00:00
user-0144,966,Công nghệ,FOLLOW,2025-06-30T12:00:00+00:00
user-0241,487,Môi trường,VIEW,2025-06-30T14:00:00+00:00
user-0087,306,Môi trường,SEARCH,2025-06-30T16:00:00+00:00
user-0240,644,Y tế,SEARCH,2025-06-30T18:00:00+00:00
user-0108,247,Văn hóa,VIEW,2025-06-30T20:00:00+00:00
user-0118,735,Môi trường,SEARCH,2025-06-30T22:00:00+00:00
user-0287,348,Giáo dục,VIEW,2025-07-01T00:00:00+00:00
user-0091,624,Công nghệ,FOLLOW,2025-07-01T02:00:00+00:00
user-0077,823,Công nghệ,VIEW,2025-07-01T04:00:00+00:00
user-0208,210,Giáo dục,VIEW,2025-07-01T06:00:00+00:00
user-0045,778,Giáo dục,SEARCH,2025-07-01T08:00:00+00:00
user-0055,834,Công nghệ,VIEW,2025-07-01T10:00:00+00:00
user-0228,861,Giáo dục,FOLLOW,2025-07-01T12:00:00+00:00
user-0047,842,Khởi nghiệp,VIEW,2025-07-01T14:00:00+00:00
user-0131,378,Y tế,VIEW,2025-07-01T16:00:00+00:00
user-0135,565,Môi trường,FOLLOW,2025-07-01T18:00:00+00:00
user-0025,751,Y tế,VIEW,2025-07-01T20:00:00+00:00
user-0055,331,Y tế,SEARCH,2025-07-01T22:00:00+00:00
user-0181,285,Giáo dục,VIEW,2025-07-02T00:00:00+00:00
user-0063,905,Môi trường,VIEW,2025-07-02T02:00:00+00:00
user-0004,895,Công nghệ,VIEW,2025-07-02T04:00:00+00:00
user-0095,393,Y tế,SEARCH,2025-07-02T06:00:00+00:00
user-0050,21,Văn hóa,VIEW,2025-07-02T08:00:00+00:00
user-0068,544,Giáo dục,SEARCH,2025-07-02T10:00:00+00:00
user-0248,670,Công nghệ,VIEW,2025-07-02T12:00:00+00:00
user-0247,580,Giáo dục,SEARCH,2025-07-02T14:00:00+00:00
user-0158,120,Giáo dục,SEARCH,2025-07-02T16:00:00+00:00
user-0121,604,Y tế,VIEW,2025-07-02T18:00:00+00:00
user-0149,80,Giáo dục,VIEW,2025-07-02T20:00:00+00:00
user-0205,170,Giáo dục,CONTRIBUTE,2025-07-02T22:00:00+00:00
user-0028,630,Y tế,FOLLOW,2025-07-03T00:00:00+00:00
user-0105,803,Công nghệ,VIEW,2025-07-03T02:00:00+00:00
user-0142,942,Khởi nghiệp,VIEW,2025-07-03T04:00:00+00:00
user-0004,356,Công nghệ,SEARCH,2025-07-03T06:00:00+00:00
user-0215,518,Văn hóa,SEARCH,2025-07-03T08:00:00+00:00
user-0056,472,Khởi nghiệp,SEARCH,2025-07-03T10:00:00+00:00
user-0131,594,Môi trường,VIEW,2025-07-03T12:00:00+00:00
user-0255,241,Khởi nghiệp,CONTRIBUTE,2025-07-03T14:00:00+00:00
user-0265,14,Môi trường,VIEW,2025-07-03T16:00:00+00:00
user-0143,47,Giáo dục,FOLLOW,2025-07-03T18:00:00+00:00
user-0118,201,Y tế,VIEW,2025-07-03T20:00:00+00:00
user-0246,945,Khởi nghiệp,VIEW,2025-07-03T22:00:00+00:00
user-0258,293,Y tế,VIEW,2025-07-04T00:00:00+00:00
user-0240,927,Y tế,SEARCH,2025-07-04T02:00:00+00:00
user-0254,351,Công nghệ,VIEW,2025-07-04T04:00:00+00:00
user-0086,272,Công nghệ,VIEW,2025-07-04T06:00:00+00:00
user-0240,4,Khởi nghiệp,SEARCH,2025-07-04T08:00:00+00:00
user-0169,581,Giáo dục,SEARCH,2025-07-04T10:00:00+00:00
user-0151,627,Giáo dục,VIEW,2025-07-04T12:00:00+00:00
user-0064,37,Khởi nghiệp,VIEW,2025-07-04T14:00:00+00:00
user-0146,952,Khởi nghiệp,FOLLOW,2025-07-04T16:00:00+00:00
user-0217,991,Công nghệ,VIEW,2025-07-04T18:00:00+00:00
user-0033,709,Y tế,VIEW,2025-07-04T20:00:00+00:00
user-0296,243,Y tế,SEARCH,2025-07-04T22:00:00+00:00
user-0149,741,Giáo dục,SEARCH,2025-07-05T00:00:00+00:00
user-0157,919,Công nghệ,VIEW,2025-07-05T02:00:00+00:00
user-0149,993,Khởi nghiệp,FOLLOW,2025-07-05T04:00:00+00:00
user-0002,78,Y tế,SEARCH,2025-07-05T06:00:00+00:00
user-0295,850,Văn hóa,VIEW,2025-07-05T08:00:00+00:00
user-0002,306,Môi trường,FOLLOW,2025-07-05T10:00:00+00:00
user-0274,693,Y tế,CONTRIBUTE,2025-07-05T12:00:00+00:00
user-0161,538,Giáo dục,VIEW,2025-07-05T14:00:00+00:00
user-0257,135,Văn hóa,VIEW,2025-07-05T16:00:00+00:00
user-0060,704,Y tế,SEARCH,2025-07-05T18:00:00+00:00
user-0044,338,Công nghệ,VIEW,2025-07-05T20:00:00+00:00
user-0138,902,Khởi nghiệp,VIEW,2025-07-05T22:00:00+00:00
user-0271,900,Môi trường,VIEW,2025-07-06T00:00:00+00:00
user-0259,651,Môi trường,CONTRIBUTE,2025-07-06T02:00:00+00:00
user-0167,248,Y tế,FOLLOW,2025-07-06T04:00:00+00:00
user-0158,113,Giáo dục,SEARCH,2025-07-06T06:00:00+00:00
user-0131,390,Môi trường,SEARCH,2025-07-06T08:00:00+00:00
user-0205,304,Giáo dục,SEARCH,2025-07-06T10:00:00+00:00
user-0094,3,Công nghệ,VIEW,2025-07-06T12:00:00+00:00
user-0196,326,Khởi nghiệp,VIEW,2025-07-06T14:00:00+00:00
user-0077,317,Giáo dục,SEARCH,2025-07-06T16:00:00+00:00
user-0051,135,Văn hóa,SEARCH,2025-07-06T18:00:00+00:00
user-0170,224,Công nghệ,FOLLOW,2025-07-06T20:00:00+00:00
user-0041,694,Văn hóa,VIEW,2025-07-06T22:00:00+00:00
user-0022,885,Giáo dục,VIEW,2025-07-07T00:00:00+00:00
user-0272,55,Công nghệ,SEARCH,2025-07-07T02:00:00+00:00
user-0202,714,Công nghệ,VIEW,2025-07-07T04:00:00+00:00
user-0297,382,Môi trường,VIEW,2025-07-07T06:00:00+00:00
user-0197,230,Y tế,VIEW,2025-07-07T08:00:00+00:00
user-0217,873,Văn hóa,VIEW,2025-07-07T10:00:00+00:00
user-0181,251,Văn hóa,FOLLOW,2025-07-07T12:00:00+00:00
user-0018,25,Môi trường,SEARCH,2025-07-07T14:00:00+00:00
user-0270,717,Văn hóa,FOLLOW,2025-07-07T16:00:00+00:00
user-0176,404,Môi trường,CONTRIBUTE,2025-07-07T18:00:00+00:00
user-0120,457,Khởi nghiệp,SEARCH,2025-07-07T20:00:00+00:00
user-0099,13,Y tế,FOLLOW,2025-07-07T22:00:00+00:00
user-0285,102,Giáo dục,SEARCH,2025-07-08T00:00:00+00:00
user-0147,526,Văn hóa,VIEW,2025-07-08T02:00:00+00:00
user-0145,136,Y tế,VIEW,2025-07-08T04:00:00+00:00
user-0004,639,Công nghệ,SEARCH,2025-07-08T06:00:00+00:00
user-0064,684,Khởi nghiệp,VIEW,2025-07-08T08:00:00+00:00
user-0048,126,Công nghệ,VIEW,2025-07-08T10:00:00+00:00
user-0266,864,Giáo dục,VIEW,2025-07-08T12:00:00+00:00
user-0168,414,Khởi nghiệp,SEARCH,2025-07-08T14:00:00+00:00
user-0079,138,Y tế,VIEW,2025-07-08T16:00:00+00:00
user-0138,82,Khởi nghiệp,VIEW,2025-07-08T18:00:00+00:00
user-0082,332,Công nghệ,CONTRIBUTE,2025-07-08T20:00:00+00:00
user-0220,82,Khởi nghiệp,VIEW,2025-07-08T22:00:00+00:00
user-0036,555,Văn hóa,SEARCH,2025-07-09T00:00:00+00:00
user-0080,670,Công nghệ,FOLLOW,2025-07-09T02:00:00+00:00
user-0270,495,Môi trường,VIEW,2025-07-09T04:00:00+00:00
user-0146,887,Văn hóa,VIEW,2025-07-09T06:00:00+00:00
user-0272,66,Y tế,VIEW,2025-07-09T08:00:00+00:00
user-0033,831,Công nghệ,VIEW,2025-07-09T10:00:00+00:00
user-0215,610,Công nghệ,SEARCH,2025-07-09T12:00:00+00:00
user-0155,225,Công nghệ,VIEW,2025-07-09T14:00:00+00:00
user-0250,888,Giáo dục,VIEW,2025-07-09T16:00:00+00:00
user-0043,917,Y tế,VIEW,2025-07-09T18:00:00+00:00
user-0155,970,Y tế,SEARCH,2025-07-09T20:00:00+00:00
user-0239,240,Khởi nghiệp,VIEW,2025-07-09T22:00:00+00:00
user-0253,98,Giáo dục,VIEW,2025-07-10T00:00:00+00:00
user-0089,377,Môi trường,SEARCH,2025-07-10T02:00:00+00:00
user-0005,77,Y tế,SEARCH,2025-07-10T04:00:00+00:00
user-0080,35,Văn hóa,SEARCH,2025-07-10T06:00:00+00:00
user-0196,695,Môi trường,CONTRIBUTE,2025-07-10T08:00:00+00:00
user-0251,518,Văn hóa,VIEW,2025-07-10T10:00:00+00:00
user-0229,565,Môi trường,FOLLOW,2025-07-10T12:00:00+00:00
user-0003,471,Y tế,VIEW,2025-07-10T14:00:00+00:00
user-0160,949,Văn hóa,VIEW,2025-07-10T16:00:00+00:00
user-0188,518,Văn hóa,SEARCH,2025-07-10T18:00:00+00:00
user-0090,631,Khởi nghiệp,SEARCH,2025-07-10T20:00:00+00:00
user-0138,862,Giáo dục,VIEW,2025-07-10T22:00:00+00:00
user-0239,317,Giáo dục,SEARCH,2025-07-11T00:00:00+00:00
user-0085,875,Y tế,CONTRIBUTE,2025-07-11T02:00:00+00:00
user-0093,546,Y tế,VIEW,2025-07-11T04:00:00+00:00
user-0079,54,Giáo dục,VIEW,2025-07-11T06:00:00+00:00
user-0046,458,Môi trường,SEARCH,2025-07-11T08:00:00+00:00
user-0181,142,Giáo dục,VIEW,2025-07-11T10:00:00+00:00
user-0112,667,Y tế,SEARCH,2025-07-11T12:00:00+00:00
user-0084,496,Khởi nghiệp,SEARCH,2025-07-11T14:00:00+00:00
user-0247,392,Giáo dục,VIEW,2025-07-11T16:00:00+00:00
user-0299,739,Công nghệ,SEARCH,2025-07-11T18:00:00+00:00
user-0073,665,Giáo dục,VIEW,2025-07-11T20:00:00+00:00
user-0053,789,Công nghệ,SEARCH,2025-07-11T22:00:00+00:00
user-0291,872,Y tế,VIEW,2025-07-12T00:00:00+00:00
user-0185,271,Khởi nghiệp,SEARCH,2025-07-12T02:00:00+00:00
user-0158,454,Giáo dục,VIEW,2025-07-12T04:00:00+00:00
user-0282,664,Công nghệ,VIEW,2025-07-12T06:00:00+00:00
user-0009,451,Văn hóa,SEARCH,2025-07-12T08:00:00+00:00
user-0163,733,Môi trường,FOLLOW,2025-07-12T10:00:00+00:00
user-0110,803,Công nghệ,VIEW,2025-07-12T12:00:00+00:00
user-0162,537,Môi trường,SEARCH,2025-07-12T14:00:00+00:00
user-0216,712,Văn hóa,VIEW,2025-07-12T16:00:00+00:00
user-0293,554,Công nghệ,VIEW,2025-07-12T18:00:00+00:00
user-0084,294,Khởi nghiệp,VIEW,2025-07-12T20:00:00+00:00
user-0021,75,Khởi nghiệp,VIEW,2025-07-12T22:00:00+00:00
user-0188,489,Văn hóa,VIEW,2025-07-13T00:00:00+00:00
user-0202,602,Giáo dục,VIEW,2025-07-13T02:00:00+00:00
user-0117,957,Văn hóa,FOLLOW,2025-07-13T04:00:00+00:00
user-0010,281,Giáo dục,VIEW,2025-07-13T06:00:00+00:00
user-0008,504,Môi trường,SEARCH,2025-07-13T08:00:00+00:00
user-0148,887,Văn hóa,VIEW,2025-07-13T10:00:00+00:00
user-0027,471,Y tế,VIEW,2025-07-13T12:00:00+00:00
user-0178,833,Công nghệ,SEARCH,2025-07-13T14:00:00+00:00
user-0260,852,Công nghệ,VIEW,2025-07-13T16:00:00+00:00
user-0101,384,Giáo dục,VIEW,2025-07-13T18:00:00+00:00
user-0233,394,Văn hóa,VIEW,2025-07-13T20:00:00+00:00
user-0215,837,Khởi nghiệp,VIEW,2025-07-13T22:00:00+00:00
user-0173,533,Văn hóa,SEARCH,2025-07-14T00:00:00+00:00
user-0095,244,Y tế,VIEW,2025-07-14T02:00:00+00:00
user-0167,927,Y tế,SEARCH,2025-07-14T04:00:00+00:00
user-0009,456,Y tế,VIEW,2025-07-14T06:00:00+00:00
user-0006,410,Giáo dục,VIEW,2025-07-14T08:00:00+00:00
user-0133,574,Môi trường,VIEW,2025-07-14T10:00:00+00:00
user-0258,531,Môi trường,VIEW,2025-07-14T12:00:00+00:00
user-0008,391,Môi trường,SEARCH,2025-07-14T14:00:00+00:00
user-0055,332,Công nghệ,VIEW,2025-07-14T16:00:00+00:00
user-0046,109,Môi trường,VIEW,2025-07-14T18:00:00+00:00
user-0236,532,Văn hóa,FOLLOW,2025-07-14T20:00:00+00:00
user-0140,213,Giáo dục,VIEW,2025-07-14T22:00:00+00:00
user-0150,756,Văn hóa,SEARCH,2025-07-15T00:00:00+00:00
user-0014,234,Công nghệ,VIEW,2025-07-15T02:00:00+00:00
user-0094,868,Công nghệ,VIEW,2025-07-15T04:00:00+00:00
user-0285,325,Môi trường,CONTRIBUTE,2025-07-15T06:00:00+00:00
user-0047,344,Khởi nghiệp,VIEW,2025-07-15T08:00:00+00:00
user-0279,248,Y tế,SEARCH,2025-07-15T10:00:00+00:00
user-0042,146,Khởi nghiệp,VIEW,2025-07-15T12:00:00+00:00
user-0020,156,Khởi nghiệp,VIEW,2025-07-15T14:00:00+00:00
user-0201,754,Khởi nghiệp,SEARCH,2025-07-15T16:00:00+00:00
user-0184,812,Khởi nghiệp,VIEW,2025-07-15T18:00:00+00:00
user-0231,884,Công nghệ,VIEW,2025-07-15T20:00:00+00:00
user-0012,166,Công nghệ,CONTRIBUTE,2025-07-15T22:00:00+00:00
user-0159,942,Khởi nghiệp,SEARCH,2025-07-16T00:00:00+00:00
user-0074,951,Văn hóa,SEARCH,2025-07-16T02:00:00+00:00
user-0067,956,Khởi nghiệp,VIEW,2025-07-16T04:00:00+00:00
user-0106,729,Khởi nghiệp,VIEW,2025-07-16T06:00:00+00:00
user-0228,730,Văn hóa,FOLLOW,2025-07-16T08:00:00+00:00
user-0013,371,Môi trường,SEARCH,2025-07-16T10:00:00+00:00
user-0272,257,Công nghệ,SEARCH,2025-07-16T12:00:00+00:00
user-0214,640,Văn hóa,VIEW,2025-07-16T14:00:00+00:00
user-0262,268,Khởi nghiệp,VIEW,2025-07-16T16:00:00+00:00
user-0220,263,Khởi nghiệp,VIEW,2025-07-16T18:00:00+00:00
user-0299,722,Công nghệ,CONTRIBUTE,2025-07-16T20:00:00+00:00
user-0265,306,Môi trường,SEARCH,2025-07-16T22:00:00+00:00
user-0029,760,Công nghệ,VIEW,2025-07-17T00:00:00+00:00
user-0047,612,Văn hóa,SEARCH,2025-07-17T02:00:00+00:00
user-0277,679,Văn hóa,VIEW,2025-07-17T04:00:00+00:00
user-0094,99,Y tế,SEARCH,2025-07-17T06:00:00+00:00
user-0138,921,Khởi nghiệp,CONTRIBUTE,2025-07-17T08:00:00+00:00
user-0004,302,Công nghệ,FOLLOW,2025-07-17T10:00:00+00:00
user-0023,98,Giáo dục,VIEW,2025-07-17T12:00:00+00:00
user-0286,933,Giáo dục,FOLLOW,2025-07-17T14:00:00+00:00
user-0181,712,Văn hóa,FOLLOW,2025-07-17T16:00:00+00:00
user-0196,550,Khởi nghiệp,VIEW,2025-07-17T18:00:00+00:00
user-0129,26,Khởi nghiệp,SEARCH,2025-07-17T20:00:00+00:00
user-0098,934,Văn hóa,VIEW,2025-07-17T22:00:00+00:00
user-0070,246,Khởi nghiệp,SEARCH,2025-07-18T00:00:00+00:00
user-0125,48,Y tế,CONTRIBUTE,2025-07-18T02:00:00+00:00
user-0199,547,Môi trường,SEARCH,2025-07-18T04:00:00+00:00
user-0132,42,Giáo dục,VIEW,2025-07-18T06:00:00+00:00
user-0007,497,Văn hóa,SEARCH,2025-07-18T08:00:00+00:00
user-0141,297,Văn hóa,CONTRIBUTE,2025-07-18T10:00:00+00:00
user-0275,811,Công nghệ,FOLLOW,2025-07-18T12:00:00+00:00
user-0067,340,Y tế,SEARCH,2025-07-18T14:00:00+00:00
user-0168,988,Khởi nghiệp,SEARCH,2025-07-18T16:00:00+00:00
user-0108,732,Công nghệ,FOLLOW,2025-07-18T18:00:00+00:00
user-0252,278,Giáo dục,SEARCH,2025-07-18T20:00:00+00:00
user-0094,658,Công nghệ,VIEW,2025-07-18T22:00:00+00:00
user-0255,527,Y tế,SEARCH,2025-07-19T00:00:00+00:00
user-0019,160,Văn hóa,VIEW,2025-07-19T02:00:00+00:00
user-0171,63,Khởi nghiệp,VIEW,2025-07-19T04:00:00+00:00
user-0045,113,Giáo dục,SEARCH,2025-07-19T06:00:00+00:00
user-0176,682,Môi trường,SEARCH,2025-07-19T08:00:00+00:00
user-0152,592,Môi trường,CONTRIBUTE,2025-07-19T10:00:00+00:00
user-0286,544,Giáo dục,VIEW,2025-07-19T12:00:00+00:00
user-0272,751,Y tế,VIEW,2025-07-19T14:00:00+00:00
user-0210,17,Môi trường,VIEW,2025-07-19T16:00:00+00:00
user-0057,127,Giáo dục,FOLLOW,2025-07-19T18:00:00+00:00
user-0267,14,Môi trường,VIEW,2025-07-19T20:00:00+00:00
user-0259,2,Y tế,SEARCH,2025-07-19T22:00:00+00:00
user-0183,61,Giáo dục,VIEW,2025-07-20T00:00:00+00:00
user-0099,673,Công nghệ,FOLLOW,2025-07-20T02:00:00+00:00
user-0277,756,Văn hóa,VIEW,2025-07-20T04:00:00+00:00
user-0022,312,Văn hóa,CONTRIBUTE,2025-07-20T06:00:00+00:00
user-0126,291,Giáo dục,SEARCH,2025-07-20T08:00:00+00:00
user-0269,663,Văn hóa,CONTRIBUTE,2025-07-20T10:00:00+00:00
user-0002,485,Y tế,VIEW,2025-07-20T12:00:00+00:00
user-0277,394,Văn hóa,VIEW,2025-07-20T14:00:00+00:00
user-0107,411,Môi trường,SEARCH,2025-07-20T16:00:00+00:00
user-0233,822,Môi trường,VIEW,2025-07-20T18:00:00+00:00
user-0198,612,Văn hóa,FOLLOW,2025-07-20T20:00:00+00:00
user-0130,61,Giáo dục,SEARCH,2025-07-20T22:00:00+00:00
user-0111,788,Y tế,VIEW,2025-07-21T00:00:00+00:00
user-0163,923,Y tế,SEARCH,2025-07-21T02:00:00+00:00
user-0100,133,Khởi nghiệp,VIEW,2025-07-21T04:00:00+00:00
user-0243,315,Y tế,VIEW,2025-07-21T06:00:00+00:00
user-0149,635,Giáo dục,CONTRIBUTE,2025-07-21T08:00:00+00:00
user-0171,351,Công nghệ,VIEW,2025-07-21T10:00:00+00:00
user-0020,794,Y tế,SEARCH,2025-07-21T12:00:00+00:00
user-0074,624,Công nghệ,FOLLOW,2025-07-21T14:00:00+00:00
user-0053,589,Công nghệ,VIEW,2025-07-21T16:00:00+00:00
user-0142,325,Môi trường,VIEW,2025-07-21T18:00:00+00:00
user-0233,683,Công nghệ,CONTRIBUTE,2025-07-21T20:00:00+00:00
user-0050,37,Khởi nghiệp,CONTRIBUTE,2025-07-21T22:00:00+00:00
user-0159,156,Khởi nghiệp,VIEW,2025-07-22T00:00:00+00:00
user-0227,195,Y tế,SEARCH,2025-07-22T02:00:00+00:00
user-0206,167,Môi trường,VIEW,2025-07-22T04:00:00+00:00
user-0053,805,Khởi nghiệp,VIEW,2025-07-22T06:00:00+00:00
user-0033,604,Y tế,FOLLOW,2025-07-22T08:00:00+00:00
user-0088,758,Công nghệ,VIEW,2025-07-22T10:00:00+00:00
user-0168,550,Khởi nghiệp,VIEW,2025-07-22T12:00:00+00:00
user-0114,49,Giáo dục,VIEW,2025-07-22T14:00:00+00:00
user-0172,216,Khởi nghiệp,FOLLOW,2025-07-22T16:00:00+00:00
user-0074,661,Giáo dục,SEARCH,2025-07-22T18:00:00+00:00
user-0269,117,Môi trường,SEARCH,2025-07-22T20:00:00+00:00
user-0272,178,Công nghệ,VIEW,2025-07-22T22:00:00+00:00
user-0036,112,Công nghệ,VIEW,2025-07-23T00:00:00+00:00
user-0110,481,Giáo dục,VIEW,2025-07-23T02:00:00+00:00
user-0010,132,Giáo dục,SEARCH,2025-07-23T04:00:00+00:00
user-0105,60,Khởi nghiệp,SEARCH,2025-07-23T06:00:00+00:00
user-0010,542,Y tế,VIEW,2025-07-23T08:00:00+00:00
user-0204,829,Khởi nghiệp,VIEW,2025-07-23T10:00:00+00:00
user-0299,874,Công nghệ,VIEW,2025-07-23T12:00:00+00:00
user-0254,773,Giáo dục,SEARCH,2025-07-23T14:00:00+00:00
user-0132,680,Khởi nghiệp,SEARCH,2025-07-23T16:00:00+00:00
user-0021,75,Khởi nghiệp,SEARCH,2025-07-23T18:00:00+00:00
user-0199,917,Y tế,VIEW,2025-07-23T20:00:00+00:00
user-0254,147,Công nghệ,VIEW,2025-07-23T22:00:00+00:00
user-0009,13,Y tế,FOLLOW,2025-07-24T00:00:00+00:00
user-0114,635,Giáo dục,VIEW,2025-07-24T02:00:00+00:00
user-0058,135,Văn hóa,FOLLOW,2025-07-24T04:00:00+00:00
user-0189,596,Khởi nghiệp,SEARCH,2025-07-24T06:00:00+00:00
user-0120,469,Y tế,SEARCH,2025-07-24T08:00:00+00:00
user-0047,344,Khởi nghiệp,SEARCH,2025-07-24T10:00:00+00:00
user-0102,346,Giáo dục,VIEW,2025-07-24T12:00:00+00:00
user-0229,313,Y tế,VIEW,2025-07-24T14:00:00+00:00
user-0273,787,Y tế,SEARCH,2025-07-24T16:00:00+00:00
user-0109,947,Công nghệ,VIEW,2025-07-24T18:00:00+00:00
user-0183,53,Giáo dục,VIEW,2025-07-24T20:00:00+00:00
user-0158,647,Giáo dục,SEARCH,2025-07-24T22:00:00+00:00
user-0155,781,Khởi nghiệp,VIEW,2025-07-25T00:00:00+00:00
user-0255,240,Khởi nghiệp,VIEW,2025-07-25T02:00:00+00:00
user-0187,893,Giáo dục,VIEW,2025-07-25T04:00:00+00:00
user-0194,464,Công nghệ,VIEW,2025-07-25T06:00:00+00:00
user-0014,144,Y tế,VIEW,2025-07-25T08:00:00+00:00
user-0056,423,Khởi nghiệp,VIEW,2025-07-25T10:00:00+00:00
user-0041,16,Công nghệ,SEARCH,2025-07-25T12:00:00+00:00
user-0048,623,Công nghệ,CONTRIBUTE,2025-07-25T14:00:00+00:00
user-0212,840,Văn hóa,SEARCH,2025-07-25T16:00:00+00:00
user-0086,763,Môi trường,FOLLOW,2025-07-25T18:00:00+00:00
user-0202,504,Môi trường,VIEW,2025-07-25T20:00:00+00:00
user-0279,174,Văn hóa,FOLLOW,2025-07-25T22:00:00+00:00
user-0139,43,Công nghệ,SEARCH,2025-07-26T00:00:00+00:00
user-0048,441,Y tế,VIEW,2025-07-26T02:00:00+00:00
user-0197,95,Công nghệ,SEARCH,2025-07-26T04:00:00+00:00
user-0081,963,Khởi nghiệp,CONTRIBUTE,2025-07-26T06:00:00+00:00
user-0112,57,Văn hóa,VIEW,2025-07-26T08:00:00+00:00
user-0015,406,Môi trường,VIEW,2025-07-26T10:00:00+00:00
user-0105,600,Văn hóa,CONTRIBUTE,2025-07-26T12:00:00+00:00
user-0008,1000,Khởi nghiệp,VIEW,2025-07-26T14:00:00+00:00
user-0016,229,Giáo dục,VIEW,2025-07-26T16:00:00+00:00
user-0257,451,Văn hóa,CONTRIBUTE,2025-07-26T18:00:00+00:00
user-0001,745,Giáo dục,VIEW,2025-07-26T20:00:00+00:00
user-0199,922,Môi trường,FOLLOW,2025-07-26T22:00:00+00:00
user-0049,911,Công nghệ,VIEW,2025-07-27T00:00:00+00:00
user-0099,144,Y tế,FOLLOW,2025-07-27T02:00:00+00:00
user-0022,194,Môi trường,VIEW,2025-07-27T04:00:00+00:00
user-0136,544,Giáo dục,FOLLOW,2025-07-27T06:00:00+00:00
user-0288,974,Khởi nghiệp,VIEW,2025-07-27T08:00:00+00:00
user-0189,617,Y tế,SEARCH,2025-07-27T10:00:00+00:00
user-0295,20,Văn hóa,FOLLOW,2025-07-27T12:00:00+00:00
user-0006,734,Giáo dục,FOLLOW,2025-07-27T14:00:00+00:00
user-0124,107,Y tế,VIEW,2025-07-27T16:00:00+00:00
user-0163,529,Giáo dục,VIEW,2025-07-27T18:00:00+00:00
user-0224,363,Môi trường,VIEW,2025-07-27T20:00:00+00:00
user-0125,797,Y tế,FOLLOW,2025-07-27T22:00:00+00:00
user-0097,232,Y tế,VIEW,2025-07-28T00:00:00+00:00
user-0284,435,Môi trường,VIEW,2025-07-28T02:00:00+00:00
user-0081,681,Khởi nghiệp,VIEW,2025-07-28T04:00:00+00:00
user-0232,372,Môi trường,SEARCH,2025-07-28T06:00:00+00:00
user-0025,346,Giáo dục,VIEW,2025-07-28T08:00:00+00:00
user-0269,957,Văn hóa,VIEW,2025-07-28T10:00:00+00:00
user-0150,75,Khởi nghiệp,SEARCH,2025-07-28T12:00:00+00:00
user-0040,13,Y tế,CONTRIBUTE,2025-07-28T14:00:00+00:00
user-0225,112,Công nghệ,VIEW,2025-07-28T16:00:00+00:00
user-0191,292,Môi trường,VIEW,2025-07-28T18:00:00+00:00
user-0242,408,Y tế,VIEW,2025-07-28T20:00:00+00:00
user-0184,102,Giáo dục,VIEW,2025-07-28T22:00:00+00:00
user-0075,912,Y tế,SEARCH,2025-07-29T00:00:00+00:00
user-0170,383,Y tế,SEARCH,2025-07-29T02:00:00+00:00
user-0094,379,Công nghệ,VIEW,2025-07-29T04:00:00+00:00
user-0119,599,Khởi nghiệp,SEARCH,2025-07-29T06:00:00+00:00
user-0204,443,Môi trường,VIEW,2025-07-29T08:00:00+00:00
user-0165,361,Khởi nghiệp,FOLLOW,2025-07-29T10:00:00+00:00
user-0077,330,Công nghệ,VIEW,2025-07-29T12:00:00+00:00
user-0159,725,Khởi nghiệp,VIEW,2025-07-29T14:00:00+00:00
user-0231,330,Công nghệ,VIEW,2025-07-29T16:00:00+00:00
user-0025,346,Giáo dục,SEARCH,2025-07-29T18:00:00+00:00
user-0293,552,Công nghệ,FOLLOW,2025-07-29T20:00:00+00:00
user-0055,399,Văn hóa,VIEW,2025-07-29T22:00:00+00:00
user-0172,964,Khởi nghiệp,VIEW,2025-07-30T00:00:00+00:00
user-0126,245,Công nghệ,SEARCH,2025-07-30T02:00:00+00:00
user-0117,36,Văn hóa,FOLLOW,2025-07-30T04:00:00+00:00
user-0042,615,Khởi nghiệp,FOLLOW,2025-07-30T06:00:00+00:00
user-0116,246,Khởi nghiệp,VIEW,2025-07-30T08:00:00+00:00
user-0037,55,Công nghệ,SEARCH,2025-07-30T10:00:00+00:00
user-0170,111,Công nghệ,VIEW,2025-07-30T12:00:00+00:00
user-0057,553,Văn hóa,SEARCH,2025-07-30T14:00:00+00:00
user-0297,368,Giáo dục,VIEW,2025-07-30T16:00:00+00:00
user-0003,347,Văn hóa,SEARCH,2025-07-30T18:00:00+00:00
user-0170,956,Khởi nghiệp,SEARCH,2025-07-30T20:00:00+00:00
user-0245,629,Khởi nghiệp,VIEW,2025-07-30T22:00:00+00:00
user-0189,27,Khởi nghiệp,FOLLOW,2025-07-31T00:00:00+00:00
user-0100,37,Khởi nghiệp,VIEW,2025-07-31T02:00:00+00:00
user-0198,541,Văn hóa,VIEW,2025-07-31T04:00:00+00:00
user-0053,823,Công nghệ,VIEW,2025-07-31T06:00:00+00:00
user-0200,104,Văn hóa,VIEW,2025-07-31T08:00:00+00:00
user-0279,704,Y tế,SEARCH,2025-07-31T10:00:00+00:00
user-0273,875,Y tế,VIEW,2025-07-31T12:00:00+00:00
user-0154,228,Môi trường,CONTRIBUTE,2025-07-31T14:00:00+00:00
user-0186,543,Khởi nghiệp,SEARCH,2025-07-31T16:00:00+00:00
user-0161,549,Môi trường,SEARCH,2025-07-31T18:00:00+00:00
user-0092,320,Công nghệ,VIEW,2025-07-31T20:00:00+00:00
user-0213,468,Giáo dục,FOLLOW,2025-07-31T22:00:00+00:00
user-0146,251,Văn hóa,VIEW,2025-08-01T00:00:00+00:00
user-0146,258,Văn hóa,VIEW,2025-08-01T02:00:00+00:00
user-0080,90,Môi trường,FOLLOW,2025-08-01T04:00:00+00:00
user-0217,853,Khởi nghiệp,FOLLOW,2025-08-01T06:00:00+00:00
user-0069,670,Công nghệ,SEARCH,2025-08-01T08:00:00+00:00
user-0144,916,Giáo dục,FOLLOW,2025-08-01T10:00:00+00:00
user-0193,915,Khởi nghiệp,SEARCH,2025-08-01T12:00:00+00:00
user-0291,604,Y tế,SEARCH,2025-08-01T14:00:00+00:00
user-0297,710,Môi trường,VIEW,2025-08-01T16:00:00+00:00
user-0093,992,Giáo dục,FOLLOW,2025-08-01T18:00:00+00:00
user-0250,616,Giáo dục,VIEW,2025-08-01T20:00:00+00:00
user-0270,157,Môi trường,VIEW,2025-08-01T22:00:00+00:00
user-0166,878,Công nghệ,SEARCH,2025-08-02T00:00:00+00:00
user-0250,777,Giáo dục,VIEW,2025-08-02T02:00:00+00:00
user-0208,944,Môi trường,VIEW,2025-08-02T04:00:00+00:00
user-0271,844,Y tế,SEARCH,2025-08-02T06:00:00+00:00
user-0221,645,Khởi nghiệp,SEARCH,2025-08-02T08:00:00+00:00
user-0108,364,Giáo dục,SEARCH,2025-08-02T10:00:00+00:00
user-0035,967,Môi trường,VIEW,2025-08-02T12:00:00+00:00
user-0095,206,Y tế,SEARCH,2025-08-02T14:00:00+00:00
user-0051,40,Khởi nghiệp,VIEW,2025-08-02T16:00:00+00:00
user-0199,215,Môi trường,FOLLOW,2025-08-02T18:00:00+00:00
user-0153,614,Môi trường,SEARCH,2025-08-02T20:00:00+00:00
user-0212,971,Khởi nghiệp,SEARCH,2025-08-02T22:00:00+00:00
user-0184,219,Giáo dục,VIEW,2025-08-03T00:00:00+00:00
user-0259,700,Môi trường,FOLLOW,2025-08-03T02:00:00+00:00
user-0278,502,Công nghệ,VIEW,2025-08-03T04:00:00+00:00
user-0247,221,Giáo dục,VIEW,2025-08-03T06:00:00+00:00
user-0113,815,Y tế,SEARCH,2025-08-03T08:00:00+00:00
user-0161,30,Giáo dục,SEARCH,2025-08-03T10:00:00+00:00
user-0010,176,Môi trường,FOLLOW,2025-08-03T12:00:00+00:00
user-0078,851,Y tế,CONTRIBUTE,2025-08-03T14:00:00+00:00
user-0028,89,Khởi nghiệp,VIEW,2025-08-03T16:00:00+00:00
user-0110,931,Giáo dục,SEARCH,2025-08-03T18:00:00+00:00
user-0234,202,Công nghệ,VIEW,2025-08-03T20:00:00+00:00
user-0239,981,Giáo dục,VIEW,2025-08-03T22:00:00+00:00
user-0042,692,Khởi nghiệp,VIEW,2025-08-04T00:00:00+00:00
user-0141,135,Văn hóa,VIEW,2025-08-04T02:00:00+00:00
user-0165,533,Văn hóa,SEARCH,2025-08-04T04:00:00+00:00
user-0206,800,Môi trường,FOLLOW,2025-08-04T06:00:00+00:00
user-0085,225,Công nghệ,VIEW,2025-08-04T08:00:00+00:00
user-0265,614,Môi trường,VIEW,2025-08-04T10:00:00+00:00
user-0022,689,Công nghệ,SEARCH,2025-08-04T12:00:00+00:00
user-0067,713,Y tế,SEARCH,2025-08-04T14:00:00+00:00
user-0064,821,Khởi nghiệp,VIEW,2025-08-04T16:00:00+00:00
user-0199,859,Môi trường,SEARCH,2025-08-04T18:00:00+00:00
user-0191,881,Khởi nghiệp,SEARCH,2025-08-04T20:00:00+00:00
user-0219,886,Giáo dục,SEARCH,2025-08-04T22:00:00+00:00
user-0169,933,Giáo dục,VIEW,2025-08-05T00:00:00+00:00
user-0270,685,Văn hóa,FOLLOW,2025-08-05T02:00:00+00:00
user-0146,765,Văn hóa,VIEW,2025-08-05T04:00:00+00:00
user-0022,488,Giáo dục,VIEW,2025-08-05T06:00:00+00:00
user-0052,774,Khởi nghiệp,SEARCH,2025-08-05T08:00:00+00:00
user-0113,734,Giáo dục,VIEW,2025-08-05T10:00:00+00:00
user-0106,271,Khởi nghiệp,VIEW,2025-08-05T12:00:00+00:00
user-0014,77,Y tế,VIEW,2025-08-05T14:00:00+00:00
user-0232,182,Môi trường,VIEW,2025-08-05T16:00:00+00:00
user-0153,704,Y tế,VIEW,2025-08-05T18:00:00+00:00
user-0143,242,Giáo dục,VIEW,2025-08-05T20:00:00+00:00
user-0156,676,Văn hóa,VIEW,2025-08-05T22:00:00+00:00
user-0143,109,Môi trường,FOLLOW,2025-08-06T00:00:00+00:00
user-0201,620,Khởi nghiệp,SEARCH,2025-08-06T02:00:00+00:00
user-0113,754,Khởi nghiệp,FOLLOW,2025-08-06T04:00:00+00:00
user-0025,393,Y tế,VIEW,2025-08-06T06:00:00+00:00
user-0028,692,Khởi nghiệp,VIEW,2025-08-06T08:00:00+00:00
user-0254,692,Khởi nghiệp,FOLLOW,2025-08-06T10:00:00+00:00
user-0295,128,Văn hóa,SEARCH,2025-08-06T12:00:00+00:00
user-0117,588,Văn hóa,VIEW,2025-08-06T14:00:00+00:00
user-0168,954,Y tế,VIEW,2025-08-06T16:00:00+00:00
user-0083,340,Y tế,VIEW,2025-08-06T18:00:00+00:00
user-0294,455,Y tế,SEARCH,2025-08-06T20:00:00+00:00
user-0182,57,Văn hóa,VIEW,2025-08-06T22:00:00+00:00
user-0026,935,Công nghệ,SEARCH,2025-08-07T00:00:00+00:00
user-0249,539,Môi trường,CONTRIBUTE,2025-08-07T02:00:00+00:00
user-0017,237,Y tế,VIEW,2025-08-07T04:00:00+00:00
user-0031,15,Khởi nghiệp,CONTRIBUTE,2025-08-07T06:00:00+00:00
user-0240,352,Khởi nghiệp,FOLLOW,2025-08-07T08:00:00+00:00
user-0215,995,Khởi nghiệp,VIEW,2025-08-07T10:00:00+00:00
user-0024,492,Giáo dục,VIEW,2025-08-07T12:00:00+00:00
user-0288,536,Công nghệ,FOLLOW,2025-08-07T14:00:00+00:00
user-0234,15,Khởi nghiệp,SEARCH,2025-08-07T16:00:00+00:00
user-0127,721,Y tế,VIEW,2025-08-07T18:00:00+00:00
user-0188,607,Văn hóa,FOLLOW,2025-08-07T20:00:00+00:00
user-0072,429,Khởi nghiệp,SEARCH,2025-08-07T22:00:00+00:00
user-0265,158,Khởi nghiệp,FOLLOW,2025-08-08T00:00:00+00:00
user-0116,1000,Khởi nghiệp,VIEW,2025-08-08T02:00:00+00:00
user-0139,964,Khởi nghiệp,FOLLOW,2025-08-08T04:00:00+00:00
user-0145,615,Khởi nghiệp,FOLLOW,2025-08-08T06:00:00+00:00
user-0174,470,Giáo dục,VIEW,2025-08-08T08:00:00+00:00
user-0212,659,Y tế,VIEW,2025-08-08T10:00:00+00:00
user-0275,767,Môi trường,SEARCH,2025-08-08T12:00:00+00:00
user-0147,127,Giáo dục,VIEW,2025-08-08T14:00:00+00:00
user-0219,102,Giáo dục,VIEW,2025-08-08T16:00:00+00:00
user-0260,182,Môi trường,SEARCH,2025-08-08T18:00:00+00:00
user-0271,296,Môi trường,VIEW,2025-08-08T20:00:00+00:00
user-0279,377,Môi trường,VIEW,2025-08-08T22:00:00+00:00
user-0105,636,Công nghệ,SEARCH,2025-08-09T00:00:00+00:00
user-0180,513,Giáo dục,VIEW,2025-08-09T02:00:00+00:00
user-0201,952,Khởi nghiệp,SEARCH,2025-08-09T04:00:00+00:00
user-0288,993,Khởi nghiệp,SEARCH,2025-08-09T06:00:00+00:00
user-0032,357,Môi trường,SEARCH,2025-08-09T08:00:00+00:00
user-0221,420,Khởi nghiệp,SEARCH,2025-08-09T10:00:00+00:00
user-0222,448,Văn hóa,FOLLOW,2025-08-09T12:00:00+00:00
user-0216,516,Khởi nghiệp,CONTRIBUTE,2025-08-09T14:00:00+00:00
user-0010,599,Khởi nghiệp,VIEW,2025-08-09T16:00:00+00:00
user-0286,85,Giáo dục,SEARCH,2025-08-09T18:00:00+00:00
user-0012,935,Công nghệ,FOLLOW,2025-08-09T20:00:00+00:00
user-0190,105,Văn hóa,SEARCH,2025-08-09T22:00:00+00:00
user-0169,616,Giáo dục,SEARCH,2025-08-10T00:00:00+00:00
user-0085,83,Y tế,FOLLOW,2025-08-10T02:00:00+00:00
user-0224,686,Văn hóa,FOLLOW,2025-08-10T04:00:00+00:00
user-0057,165,Y tế,VIEW,2025-08-10T06:00:00+00:00
user-0015,101,Môi trường,SEARCH,2025-08-10T08:00:00+00:00
user-0227,848,Khởi nghiệp,FOLLOW,2025-08-10T10:00:00+00:00
user-0279,872,Y tế,VIEW,2025-08-10T12:00:00+00:00
user-0080,640,Văn hóa,FOLLOW,2025-08-10T14:00:00+00:00
user-0186,695,Môi trường,SEARCH,2025-08-10T16:00:00+00:00
user-0121,420,Khởi nghiệp,VIEW,2025-08-10T18:00:00+00:00
user-0058,298,Văn hóa,VIEW,2025-08-10T20:00:00+00:00
user-0137,472,Khởi nghiệp,SEARCH,2025-08-10T22:00:00+00:00
user-0116,396,Y tế,VIEW,2025-08-11T00:00:00+00:00
user-0064,326,Khởi nghiệp,VIEW,2025-08-11T02:00:00+00:00
user-0020,149,Văn hóa,VIEW,2025-08-11T04:00:00+00:00
user-0278,131,Công nghệ,SEARCH,2025-08-11T06:00:00+00:00
user-0278,937,Môi trường,VIEW,2025-08-11T08:00:00+00:00
user-0233,730,Văn hóa,VIEW,2025-08-11T10:00:00+00:00
user-0126,525,Giáo dục,VIEW,2025-08-11T12:00:00+00:00
user-0137,589,Công nghệ,SEARCH,2025-08-11T14:00:00+00:00
user-0077,895,Công nghệ,CONTRIBUTE,2025-08-11T16:00:00+00:00
user-0283,356,Công nghệ,SEARCH,2025-08-11T18:00:00+00:00
user-0200,953,Môi trường,VIEW,2025-08-11T20:00:00+00:00
user-0076,539,Môi trường,SEARCH,2025-08-11T22:00:00+00:00
user-0016,65,Văn hóa,VIEW,2025-08-12T00:00:00+00:00
user-0178,281,Giáo dục,VIEW,2025-08-12T02:00:00+00:00
user-0242,368,Giáo dục,VIEW,2025-08-12T04:00:00+00:00
user-0135,659,Y tế,VIEW,2025-08-12T06:00:00+00:00
user-0246,101,Môi trường,VIEW,2025-08-12T08:00:00+00:00
user-0133,89,Khởi nghiệp,VIEW,2025-08-12T10:00:00+00:00
user-0061,484,Văn hóa,SEARCH,2025-08-12T12:00:00+00:00
user-0171,935,Công nghệ,VIEW,2025-08-12T14:00:00+00:00
user-0060,155,Y tế,VIEW,2025-08-12T16:00:00+00:00
user-0017,652,Y tế,SEARCH,2025-08-12T18:00:00+00:00
user-0107,395,Giáo dục,FOLLOW,2025-08-12T20:00:00+00:00
user-0245,124,Khởi nghiệp,VIEW,2025-08-12T22:00:00+00:00
user-0253,171,Giáo dục,SEARCH,2025-08-13T00:00:00+00:00
user-0242,816,Môi trường,FOLLOW,2025-08-13T02:00:00+00:00
user-0222,635,Giáo dục,FOLLOW,2025-08-13T04:00:00+00:00
user-0081,783,Y tế,FOLLOW,2025-08-13T06:00:00+00:00
user-0101,858,Giáo dục,VIEW,2025-08-13T08:00:00+00:00
user-0205,176,Môi trường,FOLLOW,2025-08-13T10:00:00+00:00
user-0023,236,Giáo dục,VIEW,2025-08-13T12:00:00+00:00
user-0094,420,Khởi nghiệp,VIEW,2025-08-13T14:00:00+00:00
user-0226,630,Y tế,VIEW,2025-08-13T16:00:00+00:00
user-0224,28,Môi trường,FOLLOW,2025-08-13T18:00:00+00:00
user-0254,668,Môi trường,VIEW,2025-08-13T20:00:00+00:00
user-0262,971,Khởi nghiệp,VIEW,2025-08-13T22:00:00+00:00
user-0007,600,Văn hóa,VIEW,2025-08-14T00:00:00+00:00
user-0060,600,Văn hóa,VIEW,2025-08-14T02:00:00+00:00
user-0128,391,Môi trường,VIEW,2025-08-14T04:00:00+00:00
user-0157,991,Công nghệ,VIEW,2025-08-14T06:00:00+00:00
user-0106,980,Khởi nghiệp,SEARCH,2025-08-14T08:00:00+00:00
user-0189,146,Khởi nghiệp,VIEW,2025-08-14T10:00:00+00:00
user-0129,69,Khởi nghiệp,FOLLOW,2025-08-14T12:00:00+00:00
user-0037,751,Y tế,SEARCH,2025-08-14T14:00:00+00:00
user-0100,475,Khởi nghiệp,VIEW,2025-08-14T16:00:00+00:00
user-0149,643,Khởi nghiệp,SEARCH,2025-08-14T18:00:00+00:00
user-0296,248,Y tế,VIEW,2025-08-14T20:00:00+00:00
user-0091,689,Công nghệ,SEARCH,2025-08-14T22:00:00+00:00
user-0034,275,Môi trường,VIEW,2025-08-15T00:00:00+00:00
user-0025,374,Y tế,SEARCH,2025-08-15T02:00:00+00:00
user-0064,341,Môi trường,VIEW,2025-08-15T04:00:00+00:00
user-0233,21,Văn hóa,SEARCH,2025-08-15T06:00:00+00:00
user-0173,771,Văn hóa,VIEW,2025-08-15T08:00:00+00:00
user-0135,302,Công nghệ,SEARCH,2025-08-15T10:00:00+00:00
user-0254,6,Giáo dục,VIEW,2025-08-15T12:00:00+00:00
user-0045,206,Y tế,FOLLOW,2025-08-15T14:00:00+00:00
user-0160,715,Văn hóa,VIEW,2025-08-15T16:00:00+00:00
user-0096,807,Y tế,VIEW,2025-08-15T18:00:00+00:00
user-0267,240,Khởi nghiệp,VIEW,2025-08-15T20:00:00+00:00
user-0244,92,Môi trường,VIEW,2025-08-15T22:00:00+00:00
user-0177,901,Văn hóa,SEARCH,2025-08-16T00:00:00+00:00
user-0227,954,Y tế,FOLLOW,2025-08-16T02:00:00+00:00
user-0168,954,Y tế,FOLLOW,2025-08-16T04:00:00+00:00
user-0298,474,Y tế,VIEW,2025-08-16T06:00:00+00:00
user-0016,985,Y tế,VIEW,2025-08-16T08:00:00+00:00
user-0117,186,Giáo dục,SEARCH,2025-08-16T10:00:00+00:00
user-0221,318,Khởi nghiệp,VIEW,2025-08-16T12:00:00+00:00
user-0248,832,Môi trường,FOLLOW,2025-08-16T14:00:00+00:00
user-0055,106,Văn hóa,SEARCH,2025-08-16T16:00:00+00:00
user-0005,698,Môi trường,VIEW,2025-08-16T18:00:00+00:00
user-0088,590,Y tế,VIEW,2025-08-16T20:00:00+00:00
user-0217,101,Môi trường,SEARCH,2025-08-16T22:00:00+00:00
user-0127,913,Y tế,FOLLOW,2025-08-17T00:00:00+00:00
user-0155,294,Khởi nghiệp,VIEW,2025-08-17T02:00:00+00:00
user-0019,364,Giáo dục,CONTRIBUTE,2025-08-17T04:00:00+00:00
user-0209,974,Khởi nghiệp,CONTRIBUTE,2025-08-17T06:00:00+00:00
user-0149,395,Giáo dục,VIEW,2025-08-17T08:00:00+00:00
user-0216,203,Y tế,VIEW,2025-08-17T10:00:00+00:00
user-0045,248,Y tế,VIEW,2025-08-17T12:00:00+00:00
user-0225,675,Giáo dục,SEARCH,2025-08-17T14:00:00+00:00
user-0171,7,Công nghệ,FOLLOW,2025-08-17T16:00:00+00:00
user-0219,874,Công nghệ,SEARCH,2025-08-17T18:00:00+00:00
user-0080,610,Công nghệ,SEARCH,2025-08-17T20:00:00+00:00
user-0028,94,Công nghệ,VIEW,2025-08-17T22:00:00+00:00
user-0125,122,Y tế,VIEW,2025-08-18T00:00:00+00:00
user-0202,627,Giáo dục,VIEW,2025-08-18T02:00:00+00:00
user-0143,510,Giáo dục,VIEW,2025-08-18T04:00:00+00:00
user-0266,291,Giáo dục,SEARCH,2025-08-18T06:00:00+00:00
user-0093,771,Văn hóa,SEARCH,2025-08-18T08:00:00+00:00
user-0181,676,Văn hóa,VIEW,2025-08-18T10:00:00+00:00
user-0062,853,Khởi nghiệp,SEARCH,2025-08-18T12:00:00+00:00
user-0243,790,Môi trường,FOLLOW,2025-08-18T14:00:00+00:00
user-0088,3,Công nghệ,VIEW,2025-08-18T16:00:00+00:00
user-0030,82,Khởi nghiệp,FOLLOW,2025-08-18T18:00:00+00:00
user-0249,522,Y tế,VIEW,2025-08-18T20:00:00+00:00
user-0171,865,Công nghệ,VIEW,2025-08-18T22:00:00+00:00
user-0026,292,Môi trường,VIEW,2025-08-19T00:00:00+00:00
user-0235,356,Công nghệ,VIEW,2025-08-19T02:00:00+00:00
user-0129,361,Khởi nghiệp,VIEW,2025-08-19T04:00:00+00:00
user-0121,288,Môi trường,VIEW,2025-08-19T06:00:00+00:00
user-0103,292,Môi trường,VIEW,2025-08-19T08:00:00+00:00
user-0279,78,Y tế,VIEW,2025-08-19T10:00:00+00:00
user-0038,335,Y tế,VIEW,2025-08-19T12:00:00+00:00
user-0229,880,Môi trường,VIEW,2025-08-19T14:00:00+00:00
user-0032,712,Văn hóa,VIEW,2025-08-19T16:00:00+00:00
user-0194,211,Công nghệ,VIEW,2025-08-19T18:00:00+00:00
user-0129,988,Khởi nghiệp,FOLLOW,2025-08-19T20:00:00+00:00
user-0260,148,Giáo dục,VIEW,2025-08-19T22:00:00+00:00
user-0065,779,Công nghệ,CONTRIBUTE,2025-08-20T00:00:00+00:00
user-0141,567,Văn hóa,VIEW,2025-08-20T02:00:00+00:00
user-0275,46,Y tế,VIEW,2025-08-20T04:00:00+00:00
user-0155,755,Công nghệ,VIEW,2025-08-20T06:00:00+00:00
user-0021,908,Giáo dục,SEARCH,2025-08-20T08:00:00+00:00
user-0232,186,Giáo dục,VIEW,2025-08-20T10:00:00+00:00
user-0010,940,Môi trường,VIEW,2025-08-20T12:00:00+00:00
user-0209,124,Khởi nghiệp,CONTRIBUTE,2025-08-20T14:00:00+00:00
user-0226,515,Y tế,SEARCH,2025-08-20T16:00:00+00:00
user-0152,893,Giáo dục,VIEW,2025-08-20T18:00:00+00:00
user-0191,937,Môi trường,SEARCH,2025-08-20T20:00:00+00:00
user-0216,446,Văn hóa,FOLLOW,2025-08-20T22:00:00+00:00
user-0222,946,Giáo dục,CONTRIBUTE,2025-08-21T00:00:00+00:00
user-0052,70,Công nghệ,VIEW,2025-08-21T02:00:00+00:00
user-0026,943,Môi trường,SEARCH,2025-08-21T04:00:00+00:00
user-0076,815,Y tế,VIEW,2025-08-21T06:00:00+00:00
user-0157,70,Công nghệ,VIEW,2025-08-21T08:00:00+00:00
user-0093,377,Môi trường,SEARCH,2025-08-21T10:00:00+00:00
user-0192,559,Công nghệ,VIEW,2025-08-21T12:00:00+00:00
user-0272,332,Công nghệ,VIEW,2025-08-21T14:00:00+00:00
user-0288,162,Khởi nghiệp,VIEW,2025-08-21T16:00:00+00:00
user-0267,829,Khởi nghiệp,SEARCH,2025-08-21T18:00:00+00:00
user-0122,74,Giáo dục,FOLLOW,2025-08-21T20:00:00+00:00
user-0264,377,Môi trường,FOLLOW,2025-08-21T22:00:00+00:00
user-0170,112,Công nghệ,SEARCH,2025-08-22T00:00:00+00:00
user-0087,317,Giáo dục,FOLLOW,2025-08-22T02:00:00+00:00
user-0237,400,Giáo dục,SEARCH,2025-08-22T04:00:00+00:00
user-0112,611,Văn hóa,SEARCH,2025-08-22T06:00:00+00:00
user-0094,584,Y tế,VIEW,2025-08-22T08:00:00+00:00
user-0169,801,Giáo dục,VIEW,2025-08-22T10:00:00+00:00
user-0193,509,Văn hóa,SEARCH,2025-08-22T12:00:00+00:00
user-0105,514,Công nghệ,VIEW,2025-08-22T14:00:00+00:00
user-0222,305,Công nghệ,FOLLOW,2025-08-22T16:00:00+00:00
user-0181,395,Giáo dục,SEARCH,2025-08-22T18:00:00+00:00
user-0039,664,Công nghệ,VIEW,2025-08-22T20:00:00+00:00
user-0256,906,Văn hóa,SEARCH,2025-08-22T22:00:00+00:00
user-0016,581,Giáo dục,VIEW,2025-08-23T00:00:00+00:00
user-0036,965,Văn hóa,VIEW,2025-08-23T02:00:00+00:00
user-0107,404,Môi trường,VIEW,2025-08-23T04:00:00+00:00
user-0168,516,Khởi nghiệp,SEARCH,2025-08-23T06:00:00+00:00
user-0056,162,Khởi nghiệp,SEARCH,2025-08-23T08:00:00+00:00
user-0276,206,Y tế,SEARCH,2025-08-23T10:00:00+00:00
user-0214,361,Khởi nghiệp,VIEW,2025-08-23T12:00:00+00:00
user-0231,211,Công nghệ,CONTRIBUTE,2025-08-23T14:00:00+00:00
user-0032,154,Văn hóa,VIEW,2025-08-23T16:00:00+00:00
user-0208,407,Công nghệ,SEARCH,2025-08-23T18:00:00+00:00
user-0202,856,Giáo dục,VIEW,2025-08-23T20:00:00+00:00
user-0060,415,Văn hóa,SEARCH,2025-08-23T22:00:00+00:00
user-0005,151,Khởi nghiệp,SEARCH,2025-08-24T00:00:00+00:00
user-0067,512,Giáo dục,VIEW,2025-08-24T02:00:00+00:00
user-0085,486,Công nghệ,VIEW,2025-08-24T04:00:00+00:00
user-0278,411,Môi trường,SEARCH,2025-08-24T06:00:00+00:00
user-0025,50,Y tế,SEARCH,2025-08-24T08:00:00+00:00
user-0005,152,Môi trường,SEARCH,2025-08-24T10:00:00+00:00
user-0253,242,Giáo dục,FOLLOW,2025-08-24T12:00:00+00:00
user-0005,804,Y tế,VIEW,2025-08-24T14:00:00+00:00
user-0242,291,Giáo dục,CONTRIBUTE,2025-08-24T16:00:00+00:00
user-0168,212,Giáo dục,VIEW,2025-08-24T18:00:00+00:00
user-0295,451,Văn hóa,SEARCH,2025-08-24T20:00:00+00:00
user-0231,750,Công nghệ,SEARCH,2025-08-24T22:00:00+00:00
user-0169,419,Môi trường,VIEW,2025-08-25T00:00:00+00:00
user-0065,977,Văn hóa,VIEW,2025-08-25T02:00:00+00:00
user-0017,6,Giáo dục,VIEW,2025-08-25T04:00:00+00:00
user-0120,101,Môi trường,VIEW,2025-08-25T06:00:00+00:00
user-0025,335,Y tế,VIEW,2025-08-25T08:00:00+00:00
user-0044,347,Văn hóa,VIEW,2025-08-25T10:00:00+00:00
user-0119,663,Văn hóa,FOLLOW,2025-08-25T12:00:00+00:00
user-0091,712,Văn hóa,SEARCH,2025-08-25T14:00:00+00:00
user-0133,5,Môi trường,VIEW,2025-08-25T16:00:00+00:00
user-0141,526,Văn hóa,VIEW,2025-08-25T18:00:00+00:00
user-0010,800,Môi trường,SEARCH,2025-08-25T20:00:00+00:00
user-0140,794,Y tế,VIEW,2025-08-25T22:00:00+00:00
user-0012,723,Khởi nghiệp,VIEW,2025-08-26T00:00:00+00:00
user-0261,909,Môi trường,SEARCH,2025-08-26T02:00:00+00:00
user-0277,942,Khởi nghiệp,VIEW,2025-08-26T04:00:00+00:00
user-0230,1,Giáo dục,FOLLOW,2025-08-26T06:00:00+00:00
user-0284,443,Môi trường,SEARCH,2025-08-26T08:00:00+00:00
user-0007,316,Văn hóa,VIEW,2025-08-26T10:00:00+00:00
user-0037,16,Công nghệ,VIEW,2025-08-26T12:00:00+00:00
user-0054,360,Công nghệ,VIEW,2025-08-26T14:00:00+00:00
user-0234,737,Văn hóa,VIEW,2025-08-26T16:00:00+00:00
user-0243,692,Khởi nghiệp,VIEW,2025-08-26T18:00:00+00:00
user-0254,930,Văn hóa,SEARCH,2025-08-26T20:00:00+00:00
user-0220,698,Môi trường,SEARCH,2025-08-26T22:00:00+00:00
user-0175,731,Khởi nghiệp,CONTRIBUTE,2025-08-27T00:00:00+00:00
user-0118,26,Khởi nghiệp,CONTRIBUTE,2025-08-27T02:00:00+00:00
user-0105,516,Khởi nghiệp,FOLLOW,2025-08-27T04:00:00+00:00
user-0187,295,Y tế,VIEW,2025-08-27T06:00:00+00:00
user-0164,44,Giáo dục,VIEW,2025-08-27T08:00:00+00:00
user-0036,821,Khởi nghiệp,SEARCH,2025-08-27T10:00:00+00:00
user-0208,750,Công nghệ,FOLLOW,2025-08-27T12:00:00+00:00
user-0195,675,Giáo dục,VIEW,2025-08-27T14:00:00+00:00
user-0133,391,Môi trường,SEARCH,2025-08-27T16:00:00+00:00
user-0027,874,Công nghệ,VIEW,2025-08-27T18:00:00+00:00
user-0115,705,Khởi nghiệp,FOLLOW,2025-08-27T20:00:00+00:00
user-0157,932,Công nghệ,VIEW,2025-08-27T22:00:00+00:00
user-0061,289,Văn hóa,VIEW,2025-08-28T00:00:00+00:00
user-0289,21,Văn hóa,SEARCH,2025-08-28T02:00:00+00:00
user-0121,617,Y tế,FOLLOW,2025-08-28T04:00:00+00:00
user-0016,850,Văn hóa,VIEW,2025-08-28T06:00:00+00:00
user-0126,422,Văn hóa,SEARCH,2025-08-28T08:00:00+00:00
user-0116,660,Công nghệ,SEARCH,2025-08-28T10:00:00+00:00
user-0196,226,Khởi nghiệp,SEARCH,2025-08-28T12:00:00+00:00
user-0210,748,Y tế,VIEW,2025-08-28T14:00:00+00:00
user-0100,921,Khởi nghiệp,SEARCH,2025-08-28T16:00:00+00:00
user-0079,893,Giáo dục,VIEW,2025-08-28T18:00:00+00:00
user-0240,287,Khởi nghiệp,VIEW,2025-08-28T20:00:00+00:00
user-0024,435,Môi trường,VIEW,2025-08-28T22:00:00+00:00
user-0164,392,Giáo dục,SEARCH,2025-08-29T00:00:00+00:00
user-0234,334,Giáo dục,VIEW,2025-08-29T02:00:00+00:00
user-0255,4,Khởi nghiệp,VIEW,2025-08-29T04:00:00+00:00
user-0018,391,Môi trường,VIEW,2025-08-29T06:00:00+00:00
user-0278,895,Công nghệ,VIEW,2025-08-29T08:00:00+00:00
user-0104,275,Môi trường,VIEW,2025-08-29T10:00:00+00:00
user-0088,843,Công nghệ,SEARCH,2025-08-29T12:00:00+00:00
user-0138,655,Giáo dục,VIEW,2025-08-29T14:00:00+00:00
user-0268,433,Khởi nghiệp,SEARCH,2025-08-29T16:00:00+00:00
user-0008,68,Y tế,CONTRIBUTE,2025-08-29T18:00:00+00:00
user-0127,913,Y tế,SEARCH,2025-08-29T20:00:00+00:00
user-0125,253,Y tế,SEARCH,2025-08-29T22:00:00+00:00
user-0017,366,Y tế,SEARCH,2025-08-30T00:00:00+00:00
user-0095,415,Văn hóa,SEARCH,2025-08-30T02:00:00+00:00
user-0151,361,Khởi nghiệp,VIEW,2025-08-30T04:00:00+00:00
user-0020,901,Văn hóa,SEARCH,2025-08-30T06:00:00+00:00
user-0080,814,Công nghệ,SEARCH,2025-08-30T08:00:00+00:00
user-0279,297,Văn hóa,SEARCH,2025-08-30T10:00:00+00:00
user-0129,631,Khởi nghiệp,VIEW,2025-08-30T12:00:00+00:00
user-0182,224,Công nghệ,SEARCH,2025-08-30T14:00:00+00:00
user-0222,208,Giáo dục,VIEW,2025-08-30T16:00:00+00:00
user-0245,938,Khởi nghiệp,SEARCH,2025-08-30T18:00:00+00:00
user-0285,531,Môi trường,VIEW,2025-08-30T20:00:00+00:00
user-0099,403,Y tế,SEARCH,2025-08-30T22:00:00+00:00
user-0175,781,Khởi nghiệp,VIEW,2025-08-31T00:00:00+00:00
user-0143,468,Giáo dục,SEARCH,2025-08-31T02:00:00+00:00
user-0052,60,Khởi nghiệp,SEARCH,2025-08-31T04:00:00+00:00
user-0065,255,Văn hóa,VIEW,2025-08-31T06:00:00+00:00
user-0250,114,Khởi nghiệp,FOLLOW,2025-08-31T08:00:00+00:00
user-0113,263,Khởi nghiệp,VIEW,2025-08-31T10:00:00+00:00
user-0291,913,Y tế,VIEW,2025-08-31T12:00:00+00:00
user-0006,795,Giáo dục,FOLLOW,2025-08-31T14:00:00+00:00
user-0169,42,Giáo dục,VIEW,2025-08-31T16:00:00+00:00
user-0068,177,Giáo dục,FOLLOW,2025-08-31T18:00:00+00:00
user-0242,916,Giáo dục,VIEW,2025-08-31T20:00:00+00:00
user-0148,767,Môi trường,FOLLOW,2025-08-31T22:00:00+00:00
user-0217,895,Công nghệ,CONTRIBUTE,2025-09-01T00:00:00+00:00
user-0131,382,Môi trường,VIEW,2025-09-01T02:00:00+00:00
user-0196,629,Khởi nghiệp,VIEW,2025-09-01T04:00:00+00:00
user-0094,758,Công nghệ,VIEW,2025-09-01T06:00:00+00:00
user-0077,656,Công nghệ,SEARCH,2025-09-01T08:00:00+00:00
user-0213,137,Khởi nghiệp,VIEW,2025-09-01T10:00:00+00:00
user-0127,456,Y tế,SEARCH,2025-09-01T12:00:00+00:00
user-0156,640,Văn hóa,FOLLOW,2025-09-01T14:00:00+00:00
user-0097,743,Giáo dục,SEARCH,2025-09-01T16:00:00+00:00
user-0135,126,Công nghệ,VIEW,2025-09-01T18:00:00+00:00
user-0143,157,Môi trường,FOLLOW,2025-09-01T20:00:00+00:00
user-0257,327,Văn hóa,FOLLOW,2025-09-01T22:00:00+00:00
user-0065,86,Văn hóa,VIEW,2025-09-02T00:00:00+00:00
user-0094,870,Công nghệ,SEARCH,2025-09-02T02:00:00+00:00
user-0103,864,Giáo dục,FOLLOW,2025-09-02T04:00:00+00:00
user-0282,670,Công nghệ,SEARCH,2025-09-02T06:00:00+00:00
user-0237,981,Giáo dục,SEARCH,2025-09-02T08:00:00+00:00
user-0190,75,Khởi nghiệp,VIEW,2025-09-02T10:00:00+00:00
user-0289,348,Giáo dục,SEARCH,2025-09-02T12:00:00+00:00
user-0012,624,Công nghệ,FOLLOW,2025-09-02T14:00:00+00:00
user-0079,295,Y tế,VIEW,2025-09-02T16:00:00+00:00
user-0157,613,Công nghệ,SEARCH,2025-09-02T18:00:00+00:00
user-0298,116,Môi trường,SEARCH,2025-09-02T20:00:00+00:00
user-0063,665,Giáo dục,SEARCH,2025-09-02T22:00:00+00:00
user-0271,871,Văn hóa,VIEW,2025-09-03T00:00:00+00:00
user-0106,147,Công nghệ,SEARCH,2025-09-03T02:00:00+00:00
user-0072,270,Khởi nghiệp,SEARCH,2025-09-03T04:00:00+00:00
user-0276,64,Y tế,FOLLOW,2025-09-03T06:00:00+00:00
user-0188,998,Văn hóa,SEARCH,2025-09-03T08:00:00+00:00
user-0032,21,Văn hóa,VIEW,2025-09-03T10:00:00+00:00
user-0012,682,Môi trường,FOLLOW,2025-09-03T12:00:00+00:00
user-0296,254,Y tế,CONTRIBUTE,2025-09-03T14:00:00+00:00
user-0027,96,Y tế,VIEW,2025-09-03T16:00:00+00:00
user-0111,469,Y tế,FOLLOW,2025-09-03T18:00:00+00:00
user-0209,649,Khởi nghiệp,FOLLOW,2025-09-03T20:00:00+00:00
user-0154,900,Môi trường,VIEW,2025-09-03T22:00:00+00:00
user-0009,58,Văn hóa,SEARCH,2025-09-04T00:00:00+00:00
user-0150,703,Công nghệ,SEARCH,2025-09-04T02:00:00+00:00
user-0296,88,Khởi nghiệp,FOLLOW,2025-09-04T04:00:00+00:00
user-0060,482,Văn hóa,SEARCH,2025-09-04T06:00:00+00:00
user-0286,773,Giáo dục,VIEW,2025-09-04T08:00:00+00:00
user-0013,15,Khởi nghiệp,VIEW,2025-09-04T10:00:00+00:00
user-0155,682,Môi trường,VIEW,2025-09-04T12:00:00+00:00
user-0080,537,Môi trường,VIEW,2025-09-04T14:00:00+00:00
user-0105,536,Công nghệ,SEARCH,2025-09-04T16:00:00+00:00
user-0209,645,Khởi nghiệp,FOLLOW,2025-09-04T18:00:00+00:00
user-0061,489,Văn hóa,VIEW,2025-09-04T20:00:00+00:00
user-0179,29,Văn hóa,VIEW,2025-09-04T22:00:00+00:00
user-0128,568,Văn hóa,VIEW,2025-09-05T00:00:00+00:00
user-0134,520,Môi trường,CONTRIBUTE,2025-09-05T02:00:00+00:00
user-0180,684,Khởi nghiệp,VIEW,2025-09-05T04:00:00+00:00
user-0253,445,Môi trường,CONTRIBUTE,2025-09-05T06:00:00+00:00
user-0214,873,Văn hóa,CONTRIBUTE,2025-09-05T08:00:00+00:00
user-0031,627,Giáo dục,CONTRIBUTE,2025-09-05T10:00:00+00:00
user-0192,666,Công nghệ,VIEW,2025-09-05T12:00:00+00:00
user-0162,97,Văn hóa,VIEW,2025-09-05T14:00:00+00:00
user-0239,418,Văn hóa,SEARCH,2025-09-05T16:00:00+00:00
user-0201,341,Môi trường,FOLLOW,2025-09-05T18:00:00+00:00
user-0265,726,Môi trường,CONTRIBUTE,2025-09-05T20:00:00+00:00
user-0134,944,Môi trường,VIEW,2025-09-05T22:00:00+00:00
user-0173,771,Văn hóa,SEARCH,2025-09-06T00:00:00+00:00
user-0163,123,Môi trường,CONTRIBUTE,2025-09-06T02:00:00+00:00
user-0171,833,Công nghệ,SEARCH,2025-09-06T04:00:00+00:00
user-0229,378,Y tế,FOLLOW,2025-09-06T06:00:00+00:00
user-0088,374,Y tế,VIEW,2025-09-06T08:00:00+00:00
user-0073,595,Y tế,VIEW,2025-09-06T10:00:00+00:00
user-0246,226,Khởi nghiệp,SEARCH,2025-09-06T12:00:00+00:00
user-0222,665,Giáo dục,FOLLOW,2025-09-06T14:00:00+00:00
user-0185,377,Môi trường,SEARCH,2025-09-06T16:00:00+00:00
user-0083,916,Giáo dục,VIEW,2025-09-06T18:00:00+00:00
user-0161,404,Môi trường,VIEW,2025-09-06T20:00:00+00:00
user-0063,548,Giáo dục,CONTRIBUTE,2025-09-06T22:00:00+00:00
user-0234,554,Công nghệ,SEARCH,2025-09-07T00:00:00+00:00
user-0277,417,Văn hóa,VIEW,2025-09-07T02:00:00+00:00
user-0223,380,Văn hóa,VIEW,2025-09-07T04:00:00+00:00
user-0072,507,Khởi nghiệp,SEARCH,2025-09-07T06:00:00+00:00
user-0027,457,Khởi nghiệp,VIEW,2025-09-07T08:00:00+00:00
user-0269,837,Khởi nghiệp,FOLLOW,2025-09-07T10:00:00+00:00
user-0064,101,Môi trường,VIEW,2025-09-07T12:00:00+00:00
user-0117,653,Văn hóa,SEARCH,2025-09-07T14:00:00+00:00
user-0222,132,Giáo dục,VIEW,2025-09-07T16:00:00+00:00
user-0103,880,Môi trường,SEARCH,2025-09-07T18:00:00+00:00
user-0246,296,Môi trường,FOLLOW,2025-09-07T20:00:00+00:00
user-0238,18,Khởi nghiệp,VIEW,2025-09-07T22:00:00+00:00
user-0187,746,Y tế,FOLLOW,2025-09-08T00:00:00+00:00
user-0176,914,Môi trường,SEARCH,2025-09-08T02:00:00+00:00
user-0048,351,Công nghệ,SEARCH,2025-09-08T04:00:00+00:00
user-0091,17,Môi trường,VIEW,2025-09-08T06:00:00+00:00
user-0025,48,Y tế,SEARCH,2025-09-08T08:00:00+00:00
user-0038,331,Y tế,VIEW,2025-09-08T10:00:00+00:00
user-0225,580,Giáo dục,SEARCH,2025-09-08T12:00:00+00:00
user-0234,558,Công nghệ,VIEW,2025-09-08T14:00:00+00:00
user-0089,649,Khởi nghiệp,SEARCH,2025-09-08T16:00:00+00:00
user-0023,614,Môi trường,CONTRIBUTE,2025-09-08T18:00:00+00:00
user-0180,764,Khởi nghiệp,SEARCH,2025-09-08T20:00:00+00:00
user-0199,207,Khởi nghiệp,SEARCH,2025-09-08T22:00:00+00:00
user-0201,573,Môi trường,SEARCH,2025-09-09T00:00:00+00:00
user-0185,298,Văn hóa,VIEW,2025-09-09T02:00:00+00:00
user-0218,832,Môi trường,VIEW,2025-09-09T04:00:00+00:00
user-0270,553,Văn hóa,VIEW,2025-09-09T06:00:00+00:00
user-0018,573,Môi trường,VIEW,2025-09-09T08:00:00+00:00
user-0154,148,Giáo dục,VIEW,2025-09-09T10:00:00+00:00
user-0219,627,Giáo dục,SEARCH,2025-09-09T12:00:00+00:00
user-0245,569,Khởi nghiệp,CONTRIBUTE,2025-09-09T14:00:00+00:00
user-0046,962,Khởi nghiệp,VIEW,2025-09-09T16:00:00+00:00
user-0058,509,Văn hóa,FOLLOW,2025-09-09T18:00:00+00:00
user-0052,185,Công nghệ,FOLLOW,2025-09-09T20:00:00+00:00
user-0224,530,Văn hóa,VIEW,2025-09-09T22:00:00+00:00
user-0256,8,Văn hóa,SEARCH,2025-09-10T00:00:00+00:00
user-0002,434,Môi trường,VIEW,2025-09-10T02:00:00+00:00
user-0262,977,Văn hóa,VIEW,2025-09-10T04:00:00+00:00
user-0026,889,Công nghệ,VIEW,2025-09-10T06:00:00+00:00
user-0210,698,Môi trường,SEARCH,2025-09-10T08:00:00+00:00
user-0021,557,Khởi nghiệp,VIEW,2025-09-10T10:00:00+00:00
user-0150,873,Văn hóa,FOLLOW,2025-09-10T12:00:00+00:00
user-0045,366,Y tế,FOLLOW,2025-09-10T14:00:00+00:00
user-0006,395,Giáo dục,VIEW,2025-09-10T16:00:00+00:00
user-0235,356,Công nghệ,VIEW,2025-09-10T18:00:00+00:00
user-0231,456,Y tế,SEARCH,2025-09-10T20:00:00+00:00
user-0081,237,Y tế,VIEW,2025-09-10T22:00:00+00:00
user-0193,458,Môi trường,VIEW,2025-09-11T00:00:00+00:00
user-0140,784,Y tế,FOLLOW,2025-09-11T02:00:00+00:00
user-0031,491,Giáo dục,VIEW,2025-09-11T04:00:00+00:00
user-0192,772,Công nghệ,SEARCH,2025-09-11T06:00:00+00:00
user-0234,438,Công nghệ,VIEW,2025-09-11T08:00:00+00:00
user-0068,676,Văn hóa,VIEW,2025-09-11T10:00:00+00:00
user-0198,55,Công nghệ,VIEW,2025-09-11T12:00:00+00:00
user-0273,353,Y tế,VIEW,2025-09-11T14:00:00+00:00
user-0182,742,Công nghệ,VIEW,2025-09-11T16:00:00+00:00
user-0297,763,Môi trường,VIEW,2025-09-11T18:00:00+00:00
user-0156,650,Văn hóa,VIEW,2025-09-11T20:00:00+00:00
user-0052,302,Công nghệ,VIEW,2025-09-11T22:00:00+00:00
user-0218,21,Văn hóa,FOLLOW,2025-09-12T00:00:00+00:00
user-0163,504,Môi trường,VIEW,2025-09-12T02:00:00+00:00
user-0096,669,Y tế,SEARCH,2025-09-12T04:00:00+00:00
user-0156,6,Giáo dục,VIEW,2025-09-12T06:00:00+00:00
user-0066,261,Khởi nghiệp,VIEW,2025-09-12T08:00:00+00:00
user-0064,460,Môi trường,FOLLOW,2025-09-12T10:00:00+00:00
user-0153,652,Y tế,VIEW,2025-09-12T12:00:00+00:00
user-0099,412,Y tế,VIEW,2025-09-12T14:00:00+00:00
user-0282,260,Khởi nghiệp,VIEW,2025-09-12T16:00:00+00:00
user-0121,630,Y tế,SEARCH,2025-09-12T18:00:00+00:00
user-0056,105,Văn hóa,SEARCH,2025-09-12T20:00:00+00:00
user-0051,861,Giáo dục,CONTRIBUTE,2025-09-12T22:00:00+00:00
user-0181,135,Văn hóa,VIEW,2025-09-13T00:00:00+00:00
user-0062,361,Khởi nghiệp,SEARCH,2025-09-13T02:00:00+00:00
user-0106,429,Khởi nghiệp,SEARCH,2025-09-13T04:00:00+00:00
user-0070,775,Công nghệ,VIEW,2025-09-13T06:00:00+00:00
user-0095,522,Y tế,SEARCH,2025-09-13T08:00:00+00:00
user-0071,982,Khởi nghiệp,VIEW,2025-09-13T10:00:00+00:00
user-0272,438,Công nghệ,VIEW,2025-09-13T12:00:00+00:00
user-0220,922,Môi trường,VIEW,2025-09-13T14:00:00+00:00
user-0299,683,Công nghệ,FOLLOW,2025-09-13T16:00:00+00:00
user-0167,867,Công nghệ,SEARCH,2025-09-13T18:00:00+00:00
user-0249,914,Môi trường,VIEW,2025-09-13T20:00:00+00:00
user-0260,199,Môi trường,VIEW,2025-09-13T22:00:00+00:00
user-0264,624,Công nghệ,VIEW,2025-09-14T00:00:00+00:00
user-0266,906,Văn hóa,VIEW,2025-09-14T02:00:00+00:00
user-0275,340,Y tế,CONTRIBUTE,2025-09-14T04:00:00+00:00
user-0286,454,Giáo dục,VIEW,2025-09-14T06:00:00+00:00
user-0258,58,Văn hóa,VIEW,2025-09-14T08:00:00+00:00
user-0144,344,Khởi nghiệp,FOLLOW,2025-09-14T10:00:00+00:00
user-0180,880,Môi trường,CONTRIBUTE,2025-09-14T12:00:00+00:00
user-0107,603,Môi trường,VIEW,2025-09-14T14:00:00+00:00
user-0235,835,Công nghệ,SEARCH,2025-09-14T16:00:00+00:00
user-0129,962,Khởi nghiệp,FOLLOW,2025-09-14T18:00:00+00:00
user-0195,256,Khởi nghiệp,FOLLOW,2025-09-14T20:00:00+00:00
user-0151,321,Môi trường,VIEW,2025-09-14T22:00:00+00:00
user-0118,223,Giáo dục,VIEW,2025-09-15T00:00:00+00:00
user-0042,629,Khởi nghiệp,VIEW,2025-09-15T02:00:00+00:00
user-0080,495,Môi trường,SEARCH,2025-09-15T04:00:00+00:00
user-0019,220,Văn hóa,SEARCH,2025-09-15T06:00:00+00:00
user-0015,9,Môi trường,SEARCH,2025-09-15T08:00:00+00:00
user-0024,304,Giáo dục,FOLLOW,2025-09-15T10:00:00+00:00
user-0041,514,Công nghệ,SEARCH,2025-09-15T12:00:00+00:00
user-0140,761,Y tế,VIEW,2025-09-15T14:00:00+00:00
user-0139,749,Khởi nghiệp,VIEW,2025-09-15T16:00:00+00:00
user-0133,177,Giáo dục,SEARCH,2025-09-15T18:00:00+00:00
user-0203,518,Văn hóa,VIEW,2025-09-15T20:00:00+00:00
user-0111,456,Y tế,FOLLOW,2025-09-15T22:00:00+00:00
user-0098,522,Y tế,VIEW,2025-09-16T00:00:00+00:00
user-0030,901,Văn hóa,VIEW,2025-09-16T02:00:00+00:00
user-0034,547,Môi trường,VIEW,2025-09-16T04:00:00+00:00
user-0263,596,Khởi nghiệp,FOLLOW,2025-09-16T06:00:00+00:00
user-0174,426,Môi trường,SEARCH,2025-09-16T08:00:00+00:00
user-0128,816,Môi trường,FOLLOW,2025-09-16T10:00:00+00:00
user-0250,61,Giáo dục,SEARCH,2025-09-16T12:00:00+00:00
user-0023,157,Môi trường,VIEW,2025-09-16T14:00:00+00:00
user-0171,42,Giáo dục,VIEW,2025-09-16T16:00:00+00:00
user-0299,323,Công nghệ,FOLLOW,2025-09-16T18:00:00+00:00
user-0236,110,Văn hóa,VIEW,2025-09-16T20:00:00+00:00
user-0112,413,Y tế,VIEW,2025-09-16T22:00:00+00:00
user-0282,560,Giáo dục,VIEW,2025-09-17T00:00:00+00:00
user-0279,533,Văn hóa,CONTRIBUTE,2025-09-17T02:00:00+00:00
user-0174,682,Môi trường,SEARCH,2025-09-17T04:00:00+00:00
user-0159,230,Y tế,FOLLOW,2025-09-17T06:00:00+00:00
user-0088,618,Công nghệ,SEARCH,2025-09-17T08:00:00+00:00
user-0251,724,Giáo dục,VIEW,2025-09-17T10:00:00+00:00
user-0282,871,Văn hóa,SEARCH,2025-09-17T12:00:00+00:00
user-0102,510,Giáo dục,VIEW,2025-09-17T14:00:00+00:00
user-0137,774,Khởi nghiệp,VIEW,2025-09-17T16:00:00+00:00
user-0114,865,Công nghệ,VIEW,2025-09-17T18:00:00+00:00
user-0201,266,Môi trường,VIEW,2025-09-17T20:00:00+00:00
user-0159,151,Khởi nghiệp,VIEW,2025-09-17T22:00:00+00:00
user-0265,518,Văn hóa,SEARCH,2025-09-18T00:00:00+00:00
user-0171,589,Công nghệ,SEARCH,2025-09-18T02:00:00+00:00
user-0086,846,Công nghệ,VIEW,2025-09-18T04:00:00+00:00
user-0217,134,Công nghệ,VIEW,2025-09-18T06:00:00+00:00
user-0232,371,Môi trường,VIEW,2025-09-18T08:00:00+00:00
user-0002,766,Y tế,VIEW,2025-09-18T10:00:00+00:00
user-0066,813,Khởi nghiệp,VIEW,2025-09-18T12:00:00+00:00
user-0298,108,Giáo dục,SEARCH,2025-09-18T14:00:00+00:00
user-0128,212,Giáo dục,VIEW,2025-09-18T16:00:00+00:00
user-0114,218,Giáo dục,VIEW,2025-09-18T18:00:00+00:00
user-0102,719,Y tế,CONTRIBUTE,2025-09-18T20:00:00+00:00
user-0032,258,Văn hóa,FOLLOW,2025-09-18T22:00:00+00:00
user-0145,226,Khởi nghiệp,FOLLOW,2025-09-19T00:00:00+00:00
user-0049,283,Văn hóa,VIEW,2025-09-19T02:00:00+00:00
user-0154,781,Khởi nghiệp,CONTRIBUTE,2025-09-19T04:00:00+00:00
user-0241,586,Giáo dục,SEARCH,2025-09-19T06:00:00+00:00
user-0204,92,Môi trường,SEARCH,2025-09-19T08:00:00+00:00
user-0008,411,Môi trường,FOLLOW,2025-09-19T10:00:00+00:00
user-0234,831,Công nghệ,SEARCH,2025-09-19T12:00:00+00:00
user-0066,988,Khởi nghiệp,SEARCH,2025-09-19T14:00:00+00:00
user-0028,536,Công nghệ,FOLLOW,2025-09-19T16:00:00+00:00
user-0198,737,Văn hóa,FOLLOW,2025-09-19T18:00:00+00:00
user-0043,70,Công nghệ,VIEW,2025-09-19T20:00:00+00:00
user-0178,342,Y tế,VIEW,2025-09-19T22:00:00+00:00
user-0165,53,Giáo dục,SEARCH,2025-09-20T00:00:00+00:00
user-0185,801,Giáo dục,SEARCH,2025-09-20T02:00:00+00:00
user-0298,575,Môi trường,VIEW,2025-09-20T04:00:00+00:00
user-0176,154,Văn hóa,VIEW,2025-09-20T06:00:00+00:00
user-0020,557,Khởi nghiệp,VIEW,2025-09-20T08:00:00+00:00
user-0042,552,Công nghệ,SEARCH,2025-09-20T10:00:00+00:00
user-0236,198,Giáo dục,SEARCH,2025-09-20T12:00:00+00:00
user-0046,710,Môi trường,VIEW,2025-09-20T14:00:00+00:00
user-0072,846,Công nghệ,VIEW,2025-09-20T16:00:00+00:00
user-0259,667,Y tế,VIEW,2025-09-20T18:00:00+00:00
user-0107,990,Y tế,SEARCH,2025-09-20T20:00:00+00:00
user-0282,163,Khởi nghiệp,VIEW,2025-09-20T22:00:00+00:00
user-0229,682,Môi trường,VIEW,2025-09-21T00:00:00+00:00
user-0005,859,Môi trường,VIEW,2025-09-21T02:00:00+00:00
user-0171,174,Văn hóa,VIEW,2025-09-21T04:00:00+00:00
user-0273,807,Y tế,VIEW,2025-09-21T06:00:00+00:00
user-0071,513,Giáo dục,SEARCH,2025-09-21T08:00:00+00:00
user-0161,74,Giáo dục,VIEW,2025-09-21T10:00:00+00:00
user-0052,181,Môi trường,FOLLOW,2025-09-21T12:00:00+00:00
user-0219,480,Giáo dục,VIEW,2025-09-21T14:00:00+00:00
user-0029,565,Môi trường,SEARCH,2025-09-21T16:00:00+00:00
user-0096,33,Y tế,VIEW,2025-09-21T18:00:00+00:00
user-0176,541,Văn hóa,VIEW,2025-09-21T20:00:00+00:00
user-0204,136,Y tế,VIEW,2025-09-21T22:00:00+00:00
user-0204,124,Khởi nghiệp,VIEW,2025-09-22T00:00:00+00:00
user-0106,696,Khởi nghiệp,SEARCH,2025-09-22T02:00:00+00:00
user-0203,655,Giáo dục,SEARCH,2025-09-22T04:00:00+00:00
user-0195,588,Văn hóa,FOLLOW,2025-09-22T06:00:00+00:00
user-0238,609,Y tế,SEARCH,2025-09-22T08:00:00+00:00
user-0093,162,Khởi nghiệp,SEARCH,2025-09-22T10:00:00+00:00
user-0026,610,Công nghệ,SEARCH,2025-09-22T12:00:00+00:00
user-0156,957,Văn hóa,SEARCH,2025-09-22T14:00:00+00:00
user-0002,95,Công nghệ,FOLLOW,2025-09-22T16:00:00+00:00
user-0140,183,Y tế,VIEW,2025-09-22T18:00:00+00:00
user-0139,129,Khởi nghiệp,VIEW,2025-09-22T20:00:00+00:00
user-0160,874,Công nghệ,VIEW,2025-09-22T22:00:00+00:00
user-0215,270,Khởi nghiệp,VIEW,2025-09-23T00:00:00+00:00
user-0066,352,Khởi nghiệp,VIEW,2025-09-23T02:00:00+00:00
user-0025,581,Giáo dục,VIEW,2025-09-23T04:00:00+00:00
user-0209,534,Khởi nghiệp,FOLLOW,2025-09-23T06:00:00+00:00
user-0164,81,Giáo dục,FOLLOW,2025-09-23T08:00:00+00:00
user-0116,796,Khởi nghiệp,SEARCH,2025-09-23T10:00:00+00:00
user-0097,278,Giáo dục,VIEW,2025-09-23T12:00:00+00:00
user-0005,603,Môi trường,VIEW,2025-09-23T14:00:00+00:00
user-0053,895,Công nghệ,VIEW,2025-09-23T16:00:00+00:00
user-0289,97,Văn hóa,VIEW,2025-09-23T18:00:00+00:00
user-0268,263,Khởi nghiệp,FOLLOW,2025-09-23T20:00:00+00:00
user-0219,519,Công nghệ,VIEW,2025-09-23T22:00:00+00:00
user-0058,625,Văn hóa,SEARCH,2025-09-24T00:00:00+00:00
user-0162,925,Văn hóa,VIEW,2025-09-24T02:00:00+00:00
user-0216,174,Văn hóa,SEARCH,2025-09-24T04:00:00+00:00
user-0294,665,Giáo dục,VIEW,2025-09-24T06:00:00+00:00
user-0059,100,Công nghệ,FOLLOW,2025-09-24T08:00:00+00:00
user-0080,146,Khởi nghiệp,VIEW,2025-09-24T10:00:00+00:00
user-0039,775,Công nghệ,FOLLOW,2025-09-24T12:00:00+00:00
user-0227,844,Y tế,SEARCH,2025-09-24T14:00:00+00:00
user-0201,976,Giáo dục,FOLLOW,2025-09-24T16:00:00+00:00
user-0001,533,Văn hóa,SEARCH,2025-09-24T18:00:00+00:00
user-0126,281,Giáo dục,VIEW,2025-09-24T20:00:00+00:00
user-0106,699,Khởi nghiệp,VIEW,2025-09-24T22:00:00+00:00
user-0066,881,Khởi nghiệp,FOLLOW,2025-09-25T00:00:00+00:00
user-0197,318,Khởi nghiệp,SEARCH,2025-09-25T02:00:00+00:00
user-0064,461,Môi trường,SEARCH,2025-09-25T04:00:00+00:00
user-0205,914,Môi trường,FOLLOW,2025-09-25T06:00:00+00:00
user-0291,369,Y tế,VIEW,2025-09-25T08:00:00+00:00
user-0075,158,Khởi nghiệp,CONTRIBUTE,2025-09-25T10:00:00+00:00
user-0237,733,Môi trường,VIEW,2025-09-25T12:00:00+00:00
user-0289,446,Văn hóa,VIEW,2025-09-25T14:00:00+00:00
user-0292,770,Khởi nghiệp,SEARCH,2025-09-25T16:00:00+00:00
user-0156,141,Văn hóa,VIEW,2025-09-25T18:00:00+00:00
user-0267,129,Khởi nghiệp,FOLLOW,2025-09-25T20:00:00+00:00
user-0051,585,Y tế,VIEW,2025-09-25T22:00:00+00:00
user-0062,292,Môi trường,FOLLOW,2025-09-26T00:00:00+00:00
user-0172,146,Khởi nghiệp,FOLLOW,2025-09-26T02:00:00+00:00
user-0055,250,Công nghệ,VIEW,2025-09-26T04:00:00+00:00
user-0002,93,Môi trường,SEARCH,2025-09-26T06:00:00+00:00
user-0231,884,Công nghệ,FOLLOW,2025-09-26T08:00:00+00:00
user-0041,610,Công nghệ,SEARCH,2025-09-26T10:00:00+00:00
user-0120,611,Văn hóa,CONTRIBUTE,2025-09-26T12:00:00+00:00
user-0065,622,Văn hóa,VIEW,2025-09-26T14:00:00+00:00
user-0074,304,Giáo dục,CONTRIBUTE,2025-09-26T16:00:00+00:00
user-0089,677,Y tế,FOLLOW,2025-09-26T18:00:00+00:00
user-0046,458,Môi trường,FOLLOW,2025-09-26T20:00:00+00:00
user-0167,5,Môi trường,SEARCH,2025-09-26T22:00:00+00:00
user-0157,423,Khởi nghiệp,CONTRIBUTE,2025-09-27T00:00:00+00:00
user-0261,944,Môi trường,SEARCH,2025-09-27T02:00:00+00:00
user-0258,688,Công nghệ,FOLLOW,2025-09-27T04:00:00+00:00
user-0251,322,Khởi nghiệp,FOLLOW,2025-09-27T06:00:00+00:00
user-0280,592,Môi trường,VIEW,2025-09-27T08:00:00+00:00
user-0068,783,Y tế,SEARCH,2025-09-27T10:00:00+00:00
user-0175,915,Khởi nghiệp,SEARCH,2025-09-27T12:00:00+00:00
user-0170,261,Khởi nghiệp,SEARCH,2025-09-27T14:00:00+00:00
user-0164,897,Môi trường,SEARCH,2025-09-27T16:00:00+00:00
user-0245,985,Y tế,VIEW,2025-09-27T18:00:00+00:00
user-0080,164,Công nghệ,SEARCH,2025-09-27T20:00:00+00:00
user-0123,347,Văn hóa,FOLLOW,2025-09-27T22:00:00+00:00
user-0112,474,Y tế,VIEW,2025-09-28T00:00:00+00:00
user-0163,238,Môi trường,SEARCH,2025-09-28T02:00:00+00:00
user-0173,528,Công nghệ,SEARCH,2025-09-28T04:00:00+00:00
user-0299,500,Công nghệ,FOLLOW,2025-09-28T06:00:00+00:00
user-0090,877,Môi trường,CONTRIBUTE,2025-09-28T08:00:00+00:00
user-0143,520,Môi trường,VIEW,2025-09-28T10:00:00+00:00
user-0168,76,Công nghệ,VIEW,2025-09-28T12:00:00+00:00
user-0086,41,Khởi nghiệp,VIEW,2025-09-28T14:00:00+00:00
user-0096,424,Y tế,VIEW,2025-09-28T16:00:00+00:00
user-0049,714,Công nghệ,FOLLOW,2025-09-28T18:00:00+00:00
user-0232,740,Y tế,FOLLOW,2025-09-28T20:00:00+00:00
user-0135,456,Y tế,VIEW,2025-09-28T22:00:00+00:00
user-0237,858,Giáo dục,FOLLOW,2025-09-29T00:00:00+00:00
user-0020,615,Khởi nghiệp,SEARCH,2025-09-29T02:00:00+00:00
user-0230,856,Giáo dục,SEARCH,2025-09-29T04:00:00+00:00
user-0038,307,Môi trường,VIEW,2025-09-29T06:00:00+00:00
user-0180,98,Giáo dục,VIEW,2025-09-29T08:00:00+00:00
user-0239,970,Y tế,FOLLOW,2025-09-29T10:00:00+00:00
user-0171,874,Công nghệ,VIEW,2025-09-29T12:00:00+00:00
user-0286,278,Giáo dục,VIEW,2025-09-29T14:00:00+00:00
user-0021,303,Khởi nghiệp,CONTRIBUTE,2025-09-29T16:00:00+00:00
user-0119,917,Y tế,FOLLOW,2025-09-29T18:00:00+00:00
user-0073,668,Môi trường,VIEW,2025-09-29T20:00:00+00:00
user-0300,811,Công nghệ,VIEW,2025-09-29T22:00:00+00:00
user-0185,735,Môi trường,VIEW,2025-09-30T00:00:00+00:00
user-0054,485,Y tế,SEARCH,2025-09-30T02:00:00+00:00
user-0209,574,Môi trường,VIEW,2025-09-30T04:00:00+00:00
user-0174,357,Môi trường,SEARCH,2025-09-30T06:00:00+00:00
user-0158,142,Giáo dục,VIEW,2025-09-30T08:00:00+00:00
user-0238,189,Khởi nghiệp,VIEW,2025-09-30T10:00:00+00:00
user-0054,862,Giáo dục,FOLLOW,2025-09-30T12:00:00+00:00
user-0134,607,Văn hóa,VIEW,2025-09-30T14:00:00+00:00
user-0111,876,Văn hóa,VIEW,2025-09-30T16:00:00+00:00
user-0290,232,Y tế,VIEW,2025-09-30T18:00:00+00:00
user-0263,529,Giáo dục,VIEW,2025-09-30T20:00:00+00:00
user-0216,681,Khởi nghiệp,VIEW,2025-09-30T22:00:00+00:00
user-0023,583,Giáo dục,VIEW,2025-10-01T00:00:00+00:00
user-0026,682,Môi trường,VIEW,2025-10-01T02:00:00+00:00
user-0143,336,Giáo dục,SEARCH,2025-10-01T04:00:00+00:00
user-0264,217,Giáo dục,SEARCH,2025-10-01T06:00:00+00:00
user-0094,878,Công nghệ,VIEW,2025-10-01T08:00:00+00:00
user-0166,398,Văn hóa,VIEW,2025-10-01T10:00:00+00:00
user-0012,458,Môi trường,VIEW,2025-10-01T12:00:00+00:00
user-0078,126,Công nghệ,SEARCH,2025-10-01T14:00:00+00:00
user-0109,866,Khởi nghiệp,VIEW,2025-10-01T16:00:00+00:00
user-0021,731,Khởi nghiệp,FOLLOW,2025-10-01T18:00:00+00:00
user-0100,240,Khởi nghiệp,SEARCH,2025-10-01T20:00:00+00:00
user-0031,236,Giáo dục,SEARCH,2025-10-01T22:00:00+00:00
user-0256,532,Văn hóa,SEARCH,2025-10-02T00:00:00+00:00
user-0229,637,Công nghệ,SEARCH,2025-10-02T02:00:00+00:00
user-0087,386,Giáo dục,VIEW,2025-10-02T04:00:00+00:00
user-0176,17,Môi trường,VIEW,2025-10-02T06:00:00+00:00
user-0261,830,Văn hóa,CONTRIBUTE,2025-10-02T08:00:00+00:00
user-0298,376,Môi trường,VIEW,2025-10-02T10:00:00+00:00
user-0272,511,Công nghệ,VIEW,2025-10-02T12:00:00+00:00
user-0074,28,Môi trường,VIEW,2025-10-02T14:00:00+00:00
user-0095,938,Khởi nghiệp,VIEW,2025-10-02T16:00:00+00:00
user-0007,316,Văn hóa,SEARCH,2025-10-02T18:00:00+00:00
user-0069,310,Y tế,VIEW,2025-10-02T20:00:00+00:00
user-0134,547,Môi trường,SEARCH,2025-10-02T22:00:00+00:00
user-0135,17,Môi trường,VIEW,2025-10-03T00:00:00+00:00
user-0046,832,Môi trường,SEARCH,2025-10-03T02:00:00+00:00
user-0097,410,Giáo dục,FOLLOW,2025-10-03T04:00:00+00:00
user-0199,940,Môi trường,VIEW,2025-10-03T06:00:00+00:00
user-0197,375,Công nghệ,VIEW,2025-10-03T08:00:00+00:00
user-0111,960,Y tế,SEARCH,2025-10-03T10:00:00+00:00
user-0064,876,Văn hóa,VIEW,2025-10-03T12:00:00+00:00
user-0225,847,Giáo dục,SEARCH,2025-10-03T14:00:00+00:00
user-0181,399,Văn hóa,SEARCH,2025-10-03T16:00:00+00:00
user-0138,945,Khởi nghiệp,VIEW,2025-10-03T18:00:00+00:00
user-0208,51,Giáo dục,VIEW,2025-10-03T20:00:00+00:00
user-0028,290,Công nghệ,SEARCH,2025-10-03T22:00:00+00:00
user-0173,472,Khởi nghiệp,SEARCH,2025-10-04T00:00:00+00:00
user-0089,575,Môi trường,SEARCH,2025-10-04T02:00:00+00:00
user-0154,423,Khởi nghiệp,VIEW,2025-10-04T04:00:00+00:00
user-0080,800,Môi trường,VIEW,2025-10-04T06:00:00+00:00
user-0131,726,Môi trường,SEARCH,2025-10-04T08:00:00+00:00
user-0033,340,Y tế,VIEW,2025-10-04T10:00:00+00:00
user-0153,206,Y tế,SEARCH,2025-10-04T12:00:00+00:00
user-0243,48,Y tế,VIEW,2025-10-04T14:00:00+00:00
user-0130,572,Giáo dục,SEARCH,2025-10-04T16:00:00+00:00
user-0165,489,Văn hóa,VIEW,2025-10-04T18:00:00+00:00
user-0053,62,Công nghệ,VIEW,2025-10-04T20:00:00+00:00
user-0077,935,Công nghệ,SEARCH,2025-10-04T22:00:00+00:00
user-0051,174,Văn hóa,FOLLOW,2025-10-05T00:00:00+00:00
user-0016,477,Văn hóa,VIEW,2025-10-05T02:00:00+00:00
user-0251,785,Giáo dục,VIEW,2025-10-05T04:00:00+00:00
user-0066,640,Văn hóa,FOLLOW,2025-10-05T06:00:00+00:00
user-0230,361,Khởi nghiệp,VIEW,2025-10-05T08:00:00+00:00
user-0041,394,Văn hóa,SEARCH,2025-10-05T10:00:00+00:00
user-0018,39,Văn hóa,VIEW,2025-10-05T12:00:00+00:00
user-0161,967,Môi trường,CONTRIBUTE,2025-10-05T14:00:00+00:00
user-0006,54,Giáo dục,VIEW,2025-10-05T16:00:00+00:00
user-0298,476,Môi trường,SEARCH,2025-10-05T18:00:00+00:00
user-0065,267,Giáo dục,VIEW,2025-10-05T20:00:00+00:00
user-0043,154,Văn hóa,FOLLOW,2025-10-05T22:00:00+00:00
user-0207,11,Văn hóa,FOLLOW,2025-10-06T00:00:00+00:00
user-0292,919,Công nghệ,SEARCH,2025-10-06T02:00:00+00:00
user-0023,14,Môi trường,VIEW,2025-10-06T04:00:00+00:00
user-0217,257,Công nghệ,VIEW,2025-10-06T06:00:00+00:00
user-0165,443,Môi trường,FOLLOW,2025-10-06T08:00:00+00:00
user-0147,405,Giáo dục,VIEW,2025-10-06T10:00:00+00:00
user-0232,302,Công nghệ,VIEW,2025-10-06T12:00:00+00:00
user-0128,555,Văn hóa,VIEW,2025-10-06T14:00:00+00:00
user-0091,626,Văn hóa,VIEW,2025-10-06T16:00:00+00:00
user-0243,997,Y tế,VIEW,2025-10-06T18:00:00+00:00
user-0217,755,Công nghệ,SEARCH,2025-10-06T20:00:00+00:00
user-0213,85,Giáo dục,VIEW,2025-10-06T22:00:00+00:00
user-0265,270,Khởi nghiệp,CONTRIBUTE,2025-10-07T00:00:00+00:00
user-0257,312,Văn hóa,VIEW,2025-10-07T02:00:00+00:00
user-0191,371,Môi trường,VIEW,2025-10-07T04:00:00+00:00
user-0102,297,Văn hóa,VIEW,2025-10-07T06:00:00+00:00
user-0276,926,Y tế,FOLLOW,2025-10-07T08:00:00+00:00
user-0036,999,Khởi nghiệp,VIEW,2025-10-07T10:00:00+00:00
user-0113,714,Công nghệ,SEARCH,2025-10-07T12:00:00+00:00
user-0002,803,Công nghệ,SEARCH,2025-10-07T14:00:00+00:00
user-0274,390,Môi trường,VIEW,2025-10-07T16:00:00+00:00
user-0047,449,Môi trường,VIEW,2025-10-07T18:00:00+00:00
user-0123,293,Y tế,VIEW,2025-10-07T20:00:00+00:00
user-0050,27,Khởi nghiệp,FOLLOW,2025-10-07T22:00:00+00:00
user-0161,605,Môi trường,FOLLOW,2025-10-08T00:00:00+00:00
user-0172,240,Khởi nghiệp,SEARCH,2025-10-08T02:00:00+00:00
user-0035,258,Văn hóa,SEARCH,2025-10-08T04:00:00+00:00
user-0178,346,Giáo dục,VIEW,2025-10-08T06:00:00+00:00
user-0097,847,Giáo dục,SEARCH,2025-10-08T08:00:00+00:00
user-0084,15,Khởi nghiệp,SEARCH,2025-10-08T10:00:00+00:00
user-0014,374,Y tế,FOLLOW,2025-10-08T12:00:00+00:00
user-0090,429,Khởi nghiệp,VIEW,2025-10-08T14:00:00+00:00
user-0269,813,Khởi nghiệp,VIEW,2025-10-08T16:00:00+00:00
user-0238,40,Khởi nghiệp,VIEW,2025-10-08T18:00:00+00:00
user-0166,775,Công nghệ,FOLLOW,2025-10-08T20:00:00+00:00
user-0256,417,Văn hóa,VIEW,2025-10-08T22:00:00+00:00
user-0052,775,Công nghệ,CONTRIBUTE,2025-10-09T00:00:00+00:00
user-0165,108,Giáo dục,SEARCH,2025-10-09T02:00:00+00:00
user-0187,684,Khởi nghiệp,VIEW,2025-10-09T04:00:00+00:00
user-0249,321,Môi trường,VIEW,2025-10-09T06:00:00+00:00
user-0265,505,Khởi nghiệp,VIEW,2025-10-09T08:00:00+00:00
user-0155,570,Giáo dục,VIEW,2025-10-09T10:00:00+00:00
user-0280,526,Văn hóa,VIEW,2025-10-09T12:00:00+00:00
user-0014,773,Giáo dục,VIEW,2025-10-09T14:00:00+00:00
user-0203,700,Môi trường,VIEW,2025-10-09T16:00:00+00:00
user-0040,203,Y tế,SEARCH,2025-10-09T18:00:00+00:00
user-0020,530,Văn hóa,SEARCH,2025-10-09T20:00:00+00:00
user-0181,841,Khởi nghiệp,SEARCH,2025-10-09T22:00:00+00:00
user-0118,341,Môi trường,VIEW,2025-10-10T00:00:00+00:00
user-0116,964,Khởi nghiệp,VIEW,2025-10-10T02:00:00+00:00
user-0208,878,Công nghệ,SEARCH,2025-10-10T04:00:00+00:00
user-0277,416,Khởi nghiệp,FOLLOW,2025-10-10T06:00:00+00:00
user-0236,871,Văn hóa,VIEW,2025-10-10T08:00:00+00:00
user-0091,958,Y tế,VIEW,2025-10-10T10:00:00+00:00
user-0035,951,Văn hóa,SEARCH,2025-10-10T12:00:00+00:00
user-0247,373,Khởi nghiệp,VIEW,2025-10-10T14:00:00+00:00
user-0263,955,Môi trường,VIEW,2025-10-10T16:00:00+00:00
user-0125,22,Y tế,SEARCH,2025-10-10T18:00:00+00:00
user-0062,746,Y tế,CONTRIBUTE,2025-10-10T20:00:00+00:00
user-0018,289,Văn hóa,VIEW,2025-10-10T22:00:00+00:00
user-0132,440,Y tế,VIEW,2025-10-11T00:00:00+00:00
user-0008,865,Công nghệ,SEARCH,2025-10-11T02:00:00+00:00
user-0291,13,Y tế,VIEW,2025-10-11T04:00:00+00:00
user-0067,923,Y tế,SEARCH,2025-10-11T06:00:00+00:00
user-0045,669,Y tế,CONTRIBUTE,2025-10-11T08:00:00+00:00
user-0034,771,Văn hóa,SEARCH,2025-10-11T10:00:00+00:00
user-0017,946,Giáo dục,VIEW,2025-10-11T12:00:00+00:00
user-0013,781,Khởi nghiệp,VIEW,2025-10-11T14:00:00+00:00
user-0252,665,Giáo dục,CONTRIBUTE,2025-10-11T16:00:00+00:00
user-0020,122,Y tế,SEARCH,2025-10-11T18:00:00+00:00
user-0261,949,Văn hóa,VIEW,2025-10-11T20:00:00+00:00
user-0215,839,Y tế,VIEW,2025-10-11T22:00:00+00:00
user-0212,605,Môi trường,VIEW,2025-10-12T00:00:00+00:00
user-0178,861,Giáo dục,FOLLOW,2025-10-12T02:00:00+00:00
user-0060,388,Văn hóa,SEARCH,2025-10-12T04:00:00+00:00
user-0055,964,Khởi nghiệp,VIEW,2025-10-12T06:00:00+00:00
user-0188,106,Văn hóa,VIEW,2025-10-12T08:00:00+00:00
user-0035,555,Văn hóa,VIEW,2025-10-12T10:00:00+00:00
user-0119,540,Giáo dục,VIEW,2025-10-12T12:00:00+00:00
user-0125,48,Y tế,FOLLOW,2025-10-12T14:00:00+00:00
user-0151,921,Khởi nghiệp,VIEW,2025-10-12T16:00:00+00:00
user-0113,137,Khởi nghiệp,VIEW,2025-10-12T18:00:00+00:00
user-0094,80,Giáo dục,SEARCH,2025-10-12T20:00:00+00:00
user-0110,442,Khởi nghiệp,VIEW,2025-10-12T22:00:00+00:00
user-0267,516,Khởi nghiệp,VIEW,2025-10-13T00:00:00+00:00
user-0262,944,Môi trường,FOLLOW,2025-10-13T02:00:00+00:00
user-0017,693,Y tế,SEARCH,2025-10-13T04:00:00+00:00
user-0044,478,Giáo dục,VIEW,2025-10-13T06:00:00+00:00
user-0289,220,Văn hóa,VIEW,2025-10-13T08:00:00+00:00
user-0020,923,Y tế,VIEW,2025-10-13T10:00:00+00:00
user-0153,168,Giáo dục,VIEW,2025-10-13T12:00:00+00:00
user-0181,600,Văn hóa,FOLLOW,2025-10-13T14:00:00+00:00
user-0186,139,Giáo dục,FOLLOW,2025-10-13T16:00:00+00:00
user-0007,651,Môi trường,SEARCH,2025-10-13T18:00:00+00:00
user-0158,577,Giáo dục,SEARCH,2025-10-13T20:00:00+00:00
user-0149,708,Khởi nghiệp,VIEW,2025-10-13T22:00:00+00:00
user-0139,608,Công nghệ,VIEW,2025-10-14T00:00:00+00:00
user-0139,874,Công nghệ,VIEW,2025-10-14T02:00:00+00:00
user-0149,82,Khởi nghiệp,VIEW,2025-10-14T04:00:00+00:00
user-0224,948,Văn hóa,VIEW,2025-10-14T06:00:00+00:00
user-0173,998,Văn hóa,VIEW,2025-10-14T08:00:00+00:00
user-0073,440,Y tế,VIEW,2025-10-14T10:00:00+00:00
user-0034,328,Văn hóa,VIEW,2025-10-14T12:00:00+00:00
user-0243,420,Khởi nghiệp,CONTRIBUTE,2025-10-14T14:00:00+00:00
user-0154,15,Khởi nghiệp,SEARCH,2025-10-14T16:00:00+00:00
user-0196,506,Văn hóa,VIEW,2025-10-14T18:00:00+00:00
user-0093,4,Khởi nghiệp,VIEW,2025-10-14T20:00:00+00:00
user-0090,31,Y tế,VIEW,2025-10-14T22:00:00+00:00
user-0104,212,Giáo dục,VIEW,2025-10-15T00:00:00+00:00
user-0006,278,Giáo dục,VIEW,2025-10-15T02:00:00+00:00
user-0134,259,Môi trường,VIEW,2025-10-15T04:00:00+00:00
user-0261,967,Môi trường,VIEW,2025-10-15T06:00:00+00:00
user-0162,934,Văn hóa,VIEW,2025-10-15T08:00:00+00:00
user-0091,871,Văn hóa,VIEW,2025-10-15T10:00:00+00:00
user-0294,29,Văn hóa,CONTRIBUTE,2025-10-15T12:00:00+00:00
user-0220,516,Khởi nghiệp,FOLLOW,2025-10-15T14:00:00+00:00
user-0092,157,Môi trường,SEARCH,2025-10-15T16:00:00+00:00
user-0290,270,Khởi nghiệp,SEARCH,2025-10-15T18:00:00+00:00
user-0071,355,Giáo dục,VIEW,2025-10-15T20:00:00+00:00
user-0261,267,Giáo dục,CONTRIBUTE,2025-10-15T22:00:00+00:00
user-0270,117,Môi trường,SEARCH,2025-10-16T00:00:00+00:00
user-0052,620,Khởi nghiệp,VIEW,2025-10-16T02:00:00+00:00
user-0097,779,Công nghệ,VIEW,2025-10-16T04:00:00+00:00
user-0076,194,Môi trường,FOLLOW,2025-10-16T06:00:00+00:00
user-0076,293,Y tế,FOLLOW,2025-10-16T08:00:00+00:00
user-0049,369,Y tế,SEARCH,2025-10-16T10:00:00+00:00
user-0169,44,Giáo dục,VIEW,2025-10-16T12:00:00+00:00
user-0226,748,Y tế,VIEW,2025-10-16T14:00:00+00:00
user-0166,814,Công nghệ,FOLLOW,2025-10-16T16:00:00+00:00
user-0043,776,Công nghệ,VIEW,2025-10-16T18:00:00+00:00
user-0222,291,Giáo dục,FOLLOW,2025-10-16T20:00:00+00:00
user-0111,407,Công nghệ,VIEW,2025-10-16T22:00:00+00:00
user-0026,117,Môi trường,VIEW,2025-10-17T00:00:00+00:00
user-0059,484,Văn hóa,VIEW,2025-10-17T02:00:00+00:00
user-0024,537,Môi trường,VIEW,2025-10-17T04:00:00+00:00
user-0245,659,Y tế,VIEW,2025-10-17T06:00:00+00:00
user-0293,725,Khởi nghiệp,SEARCH,2025-10-17T08:00:00+00:00
user-0088,558,Công nghệ,SEARCH,2025-10-17T10:00:00+00:00
user-0209,980,Khởi nghiệp,VIEW,2025-10-17T12:00:00+00:00
user-0093,764,Khởi nghiệp,FOLLOW,2025-10-17T14:00:00+00:00
user-0242,375,Công nghệ,VIEW,2025-10-17T16:00:00+00:00
user-0092,180,Công nghệ,FOLLOW,2025-10-17T18:00:00+00:00
user-0235,916,Giáo dục,VIEW,2025-10-17T20:00:00+00:00
user-0134,385,Giáo dục,FOLLOW,2025-10-17T22:00:00+00:00
user-0260,880,Môi trường,VIEW,2025-10-18T00:00:00+00:00
user-0212,120,Giáo dục,SEARCH,2025-10-18T02:00:00+00:00
user-0275,666,Công nghệ,VIEW,2025-10-18T04:00:00+00:00
user-0228,965,Văn hóa,FOLLOW,2025-10-18T06:00:00+00:00
user-0144,993,Khởi nghiệp,SEARCH,2025-10-18T08:00:00+00:00
user-0271,751,Y tế,VIEW,2025-10-18T10:00:00+00:00
user-0190,108,Giáo dục,VIEW,2025-10-18T12:00:00+00:00
user-0266,401,Môi trường,FOLLOW,2025-10-18T14:00:00+00:00
user-0185,722,Công nghệ,VIEW,2025-10-18T16:00:00+00:00
user-0001,410,Giáo dục,FOLLOW,2025-10-18T18:00:00+00:00
user-0008,890,Văn hóa,SEARCH,2025-10-18T20:00:00+00:00
user-0215,610,Công nghệ,SEARCH,2025-10-18T22:00:00+00:00
user-0260,601,Môi trường,SEARCH,2025-10-19T00:00:00+00:00
user-0268,984,Công nghệ,VIEW,2025-10-19T02:00:00+00:00
user-0057,72,Giáo dục,FOLLOW,2025-10-19T04:00:00+00:00
user-0189,997,Y tế,VIEW,2025-10-19T06:00:00+00:00
user-0233,884,Công nghệ,VIEW,2025-10-19T08:00:00+00:00
user-0172,61,Giáo dục,SEARCH,2025-10-19T10:00:00+00:00
user-0179,924,Giáo dục,SEARCH,2025-10-19T12:00:00+00:00
user-0044,150,Văn hóa,VIEW,2025-10-19T14:00:00+00:00
user-0232,92,Môi trường,VIEW,2025-10-19T16:00:00+00:00
user-0216,774,Khởi nghiệp,VIEW,2025-10-19T18:00:00+00:00
user-0141,170,Giáo dục,VIEW,2025-10-19T20:00:00+00:00
user-0257,149,Văn hóa,VIEW,2025-10-19T22:00:00+00:00
user-0061,277,Văn hóa,SEARCH,2025-10-20T00:00:00+00:00
user-0154,943,Môi trường,SEARCH,2025-10-20T02:00:00+00:00
user-0021,277,Văn hóa,VIEW,2025-10-20T04:00:00+00:00
user-0242,743,Giáo dục,VIEW,2025-10-20T06:00:00+00:00
user-0046,710,Môi trường,VIEW,2025-10-20T08:00:00+00:00
user-0188,329,Văn hóa,SEARCH,2025-10-20T10:00:00+00:00
user-0173,729,Khởi nghiệp,SEARCH,2025-10-20T12:00:00+00:00
user-0071,532,Văn hóa,VIEW,2025-10-20T14:00:00+00:00
user-0213,655,Giáo dục,SEARCH,2025-10-20T16:00:00+00:00
user-0141,141,Văn hóa,FOLLOW,2025-10-20T18:00:00+00:00
user-0071,561,Khởi nghiệp,VIEW,2025-10-20T20:00:00+00:00
user-0094,237,Y tế,SEARCH,2025-10-20T22:00:00+00:00
user-0288,731,Khởi nghiệp,VIEW,2025-10-21T00:00:00+00:00
user-0296,621,Khởi nghiệp,SEARCH,2025-10-21T02:00:00+00:00
user-0243,253,Y tế,FOLLOW,2025-10-21T04:00:00+00:00
user-0091,779,Công nghệ,SEARCH,2025-10-21T06:00:00+00:00
user-0220,698,Môi trường,SEARCH,2025-10-21T08:00:00+00:00
user-0202,390,Môi trường,VIEW,2025-10-21T10:00:00+00:00
user-0042,599,Khởi nghiệp,VIEW,2025-10-21T12:00:00+00:00
user-0032,791,Văn hóa,CONTRIBUTE,2025-10-21T14:00:00+00:00
user-0005,601,Môi trường,FOLLOW,2025-10-21T16:00:00+00:00
user-0074,786,Công nghệ,VIEW,2025-10-21T18:00:00+00:00
user-0181,127,Giáo dục,VIEW,2025-10-21T20:00:00+00:00
user-0042,187,Khởi nghiệp,FOLLOW,2025-10-21T22:00:00+00:00
user-0279,184,Văn hóa,CONTRIBUTE,2025-10-22T00:00:00+00:00
user-0272,502,Công nghệ,SEARCH,2025-10-22T02:00:00+00:00
user-0149,847,Giáo dục,VIEW,2025-10-22T04:00:00+00:00
user-0055,959,Văn hóa,VIEW,2025-10-22T06:00:00+00:00
user-0204,37,Khởi nghiệp,SEARCH,2025-10-22T08:00:00+00:00
user-0239,522,Y tế,VIEW,2025-10-22T10:00:00+00:00
user-0026,90,Môi trường,VIEW,2025-10-22T12:00:00+00:00
user-0197,553,Văn hóa,VIEW,2025-10-22T14:00:00+00:00
user-0110,223,Giáo dục,SEARCH,2025-10-22T16:00:00+00:00
user-0084,263,Khởi nghiệp,VIEW,2025-10-22T18:00:00+00:00
user-0034,12,Văn hóa,SEARCH,2025-10-22T20:00:00+00:00
user-0072,190,Khởi nghiệp,VIEW,2025-10-22T22:00:00+00:00
user-0174,478,Giáo dục,VIEW,2025-10-23T00:00:00+00:00
user-0208,53,Giáo dục,VIEW,2025-10-23T02:00:00+00:00
user-0280,916,Giáo dục,VIEW,2025-10-23T04:00:00+00:00
user-0162,446,Văn hóa,FOLLOW,2025-10-23T06:00:00+00:00
user-0215,712,Văn hóa,CONTRIBUTE,2025-10-23T08:00:00+00:00
user-0287,28,Môi trường,VIEW,2025-10-23T10:00:00+00:00
user-0129,841,Khởi nghiệp,VIEW,2025-10-23T12:00:00+00:00
user-0092,34,Môi trường,FOLLOW,2025-10-23T14:00:00+00:00
user-0294,451,Văn hóa,VIEW,2025-10-23T16:00:00+00:00
user-0126,454,Giáo dục,VIEW,2025-10-23T18:00:00+00:00
user-0196,280,Khởi nghiệp,SEARCH,2025-10-23T20:00:00+00:00
user-0267,764,Khởi nghiệp,VIEW,2025-10-23T22:00:00+00:00
user-0051,241,Khởi nghiệp,FOLLOW,2025-10-24T00:00:00+00:00
user-0150,526,Văn hóa,VIEW,2025-10-24T02:00:00+00:00
user-0126,861,Giáo dục,FOLLOW,2025-10-24T04:00:00+00:00
user-0122,249,Công nghệ,VIEW,2025-10-24T06:00:00+00:00
user-0062,445,Môi trường,SEARCH,2025-10-24T08:00:00+00:00
user-0082,119,Công nghệ,SEARCH,2025-10-24T10:00:00+00:00
user-0075,650,Văn hóa,FOLLOW,2025-10-24T12:00:00+00:00
user-0054,991,Công nghệ,VIEW,2025-10-24T14:00:00+00:00
user-0022,870,Công nghệ,VIEW,2025-10-24T16:00:00+00:00
user-0207,959,Văn hóa,VIEW,2025-10-24T18:00:00+00:00
user-0085,941,Y tế,CONTRIBUTE,2025-10-24T20:00:00+00:00
user-0110,386,Giáo dục,VIEW,2025-10-24T22:00:00+00:00
user-0266,885,Giáo dục,SEARCH,2025-10-25T00:00:00+00:00
user-0170,112,Công nghệ,VIEW,2025-10-25T02:00:00+00:00
user-0014,126,Công nghệ,SEARCH,2025-10-25T04:00:00+00:00
user-0037,389,Khởi nghiệp,SEARCH,2025-10-25T06:00:00+00:00
user-0177,141,Văn hóa,VIEW,2025-10-25T08:00:00+00:00
user-0274,972,Môi trường,VIEW,2025-10-25T10:00:00+00:00
user-0010,395,Giáo dục,CONTRIBUTE,2025-10-25T12:00:00+00:00
user-0122,861,Giáo dục,SEARCH,2025-10-25T14:00:00+00:00
user-0158,49,Giáo dục,VIEW,2025-10-25T16:00:00+00:00
user-0242,316,Văn hóa,VIEW,2025-10-25T18:00:00+00:00
user-0115,800,Môi trường,VIEW,2025-10-25T20:00:00+00:00
user-0107,176,Môi trường,FOLLOW,2025-10-25T22:00:00+00:00
user-0200,746,Y tế,FOLLOW,2025-10-26T00:00:00+00:00
user-0183,381,Y tế,VIEW,2025-10-26T02:00:00+00:00
user-0244,238,Môi trường,SEARCH,2025-10-26T04:00:00+00:00
user-0102,744,Giáo dục,VIEW,2025-10-26T06:00:00+00:00
user-0031,556,Giáo dục,VIEW,2025-10-26T08:00:00+00:00
user-0064,723,Khởi nghiệp,VIEW,2025-10-26T10:00:00+00:00
user-0107,182,Môi trường,VIEW,2025-10-26T12:00:00+00:00
user-0267,953,Môi trường,CONTRIBUTE,2025-10-26T14:00:00+00:00
user-0045,499,Giáo dục,VIEW,2025-10-26T16:00:00+00:00
user-0066,701,Khởi nghiệp,VIEW,2025-10-26T18:00:00+00:00
user-0089,34,Môi trường,SEARCH,2025-10-26T20:00:00+00:00
user-0216,829,Khởi nghiệp,SEARCH,2025-10-26T22:00:00+00:00
user-0298,206,Y tế,VIEW,2025-10-27T00:00:00+00:00
user-0019,437,Văn hóa,FOLLOW,2025-10-27T02:00:00+00:00
user-0219,936,Giáo dục,FOLLOW,2025-10-27T04:00:00+00:00
user-0252,44,Giáo dục,VIEW,2025-10-27T06:00:00+00:00
user-0160,338,Công nghệ,VIEW,2025-10-27T08:00:00+00:00
user-0138,513,Giáo dục,FOLLOW,2025-10-27T10:00:00+00:00
user-0073,688,Công nghệ,VIEW,2025-10-27T12:00:00+00:00
user-0062,41,Khởi nghiệp,VIEW,2025-10-27T14:00:00+00:00
user-0050,900,Môi trường,FOLLOW,2025-10-27T16:00:00+00:00
user-0052,322,Khởi nghiệp,VIEW,2025-10-27T18:00:00+00:00
user-0204,966,Công nghệ,SEARCH,2025-10-27T20:00:00+00:00
user-0163,80,Giáo dục,VIEW,2025-10-27T22:00:00+00:00
user-0030,890,Văn hóa,VIEW,2025-10-28T00:00:00+00:00
user-0235,528,Công nghệ,VIEW,2025-10-28T02:00:00+00:00
user-0276,899,Y tế,SEARCH,2025-10-28T04:00:00+00:00
user-0017,485,Y tế,FOLLOW,2025-10-28T06:00:00+00:00
user-0011,95,Công nghệ,FOLLOW,2025-10-28T08:00:00+00:00
user-0015,490,Môi trường,VIEW,2025-10-28T10:00:00+00:00
user-0076,159,Y tế,VIEW,2025-10-28T12:00:00+00:00
user-0015,288,Môi trường,SEARCH,2025-10-28T14:00:00+00:00
user-0047,757,Khởi nghiệp,SEARCH,2025-10-28T16:00:00+00:00
user-0156,887,Văn hóa,VIEW,2025-10-28T18:00:00+00:00
user-0274,584,Y tế,FOLLOW,2025-10-28T20:00:00+00:00
user-0158,174,Văn hóa,VIEW,2025-10-28T22:00:00+00:00
user-0002,751,Y tế,FOLLOW,2025-10-29T00:00:00+00:00
user-0295,417,Văn hóa,SEARCH,2025-10-29T02:00:00+00:00
user-0095,205,Y tế,SEARCH,2025-10-29T04:00:00+00:00
user-0286,513,Giáo dục,SEARCH,2025-10-29T06:00:00+00:00
user-0050,162,Khởi nghiệp,CONTRIBUTE,2025-10-29T08:00:00+00:00
user-0105,991,Công nghệ,VIEW,2025-10-29T10:00:00+00:00
user-0096,472,Khởi nghiệp,SEARCH,2025-10-29T12:00:00+00:00
user-0012,922,Môi trường,VIEW,2025-10-29T14:00:00+00:00
user-0098,771,Văn hóa,VIEW,2025-10-29T16:00:00+00:00
user-0221,534,Khởi nghiệp,VIEW,2025-10-29T18:00:00+00:00
user-0042,985,Y tế,SEARCH,2025-10-29T20:00:00+00:00
user-0231,674,Công nghệ,VIEW,2025-10-29T22:00:00+00:00
user-0240,593,Môi trường,VIEW,2025-10-30T00:00:00+00:00
user-0218,123,Môi trường,SEARCH,2025-10-30T02:00:00+00:00
user-0155,528,Công nghệ,SEARCH,2025-10-30T04:00:00+00:00
user-0159,56,Khởi nghiệp,VIEW,2025-10-30T06:00:00+00:00
user-0221,116,Môi trường,VIEW,2025-10-30T08:00:00+00:00
user-0246,591,Khởi nghiệp,VIEW,2025-10-30T10:00:00+00:00
user-0231,62,Công nghệ,VIEW,2025-10-30T12:00:00+00:00
user-0057,13,Y tế,SEARCH,2025-10-30T14:00:00+00:00
user-0214,901,Văn hóa,SEARCH,2025-10-30T16:00:00+00:00
user-0250,724,Giáo dục,CONTRIBUTE,2025-10-30T18:00:00+00:00
user-0287,633,Giáo dục,VIEW,2025-10-30T20:00:00+00:00
user-0233,559,Công nghệ,FOLLOW,2025-10-30T22:00:00+00:00
user-0238,82,Khởi nghiệp,SEARCH,2025-10-31T00:00:00+00:00
user-0090,774,Khởi nghiệp,VIEW,2025-10-31T02:00:00+00:00
user-0177,771,Văn hóa,VIEW,2025-10-31T04:00:00+00:00
user-0153,619,Môi trường,FOLLOW,2025-10-31T06:00:00+00:00
user-0084,499,Giáo dục,VIEW,2025-10-31T08:00:00+00:00
user-0183,904,Y tế,FOLLOW,2025-10-31T10:00:00+00:00
user-0099,338,Công nghệ,SEARCH,2025-10-31T12:00:00+00:00
user-0014,624,Công nghệ,FOLLOW,2025-10-31T14:00:00+00:00
user-0053,229,Giáo dục,VIEW,2025-10-31T16:00:00+00:00
user-0137,507,Khởi nghiệp,VIEW,2025-10-31T18:00:00+00:00
user-0004,124,Khởi nghiệp,CONTRIBUTE,2025-10-31T20:00:00+00:00
user-0162,965,Văn hóa,VIEW,2025-10-31T22:00:00+00:00
user-0223,554,Công nghệ,VIEW,2025-11-01T00:00:00+00:00
user-0061,828,Văn hóa,CONTRIBUTE,2025-11-01T02:00:00+00:00
user-0205,101,Môi trường,VIEW,2025-11-01T04:00:00+00:00
user-0255,723,Khởi nghiệp,FOLLOW,2025-11-01T06:00:00+00:00
user-0105,78,Y tế,VIEW,2025-11-01T08:00:00+00:00
user-0022,509,Văn hóa,SEARCH,2025-11-01T10:00:00+00:00
user-0055,679,Văn hóa,VIEW,2025-11-01T12:00:00+00:00
user-0152,28,Môi trường,VIEW,2025-11-01T14:00:00+00:00
user-0125,104,Văn hóa,FOLLOW,2025-11-01T16:00:00+00:00
user-0009,87,Văn hóa,CONTRIBUTE,2025-11-01T18:00:00+00:00
user-0126,854,Giáo dục,CONTRIBUTE,2025-11-01T20:00:00+00:00
user-0170,156,Khởi nghiệp,VIEW,2025-11-01T22:00:00+00:00
user-0133,370,Văn hóa,CONTRIBUTE,2025-11-02T00:00:00+00:00
user-0012,648,Môi trường,FOLLOW,2025-11-02T02:00:00+00:00
user-0089,445,Môi trường,CONTRIBUTE,2025-11-02T04:00:00+00:00
user-0181,777,Giáo dục,VIEW,2025-11-02T06:00:00+00:00
user-0132,138,Y tế,VIEW,2025-11-02T08:00:00+00:00
user-0242,836,Giáo dục,VIEW,2025-11-02T10:00:00+00:00
user-0191,294,Khởi nghiệp,SEARCH,2025-11-02T12:00:00+00:00
user-0123,588,Văn hóa,FOLLOW,2025-11-02T14:00:00+00:00
user-0059,39,Văn hóa,SEARCH,2025-11-02T16:00:00+00:00
user-0122,365,Môi trường,SEARCH,2025-11-02T18:00:00+00:00
user-0006,744,Giáo dục,VIEW,2025-11-02T20:00:00+00:00
user-0259,573,Môi trường,VIEW,2025-11-02T22:00:00+00:00
user-0040,303,Khởi nghiệp,VIEW,2025-11-03T00:00:00+00:00
user-0080,726,Môi trường,CONTRIBUTE,2025-11-03T02:00:00+00:00
user-0244,376,Môi trường,SEARCH,2025-11-03T04:00:00+00:00
user-0159,882,Khởi nghiệp,VIEW,2025-11-03T06:00:00+00:00
user-0146,84,Khởi nghiệp,VIEW,2025-11-03T08:00:00+00:00
user-0263,19,Giáo dục,SEARCH,2025-11-03T10:00:00+00:00
user-0021,995,Khởi nghiệp,VIEW,2025-11-03T12:00:00+00:00
user-0057,686,Văn hóa,VIEW,2025-11-03T14:00:00+00:00
user-0016,104,Văn hóa,VIEW,2025-11-03T16:00:00+00:00
user-0225,468,Giáo dục,SEARCH,2025-11-03T18:00:00+00:00
user-0048,912,Y tế,FOLLOW,2025-11-03T20:00:00+00:00
user-0253,510,Giáo dục,SEARCH,2025-11-03T22:00:00+00:00
user-0041,351,Công nghệ,FOLLOW,2025-11-04T00:00:00+00:00
user-0138,389,Khởi nghiệp,SEARCH,2025-11-04T02:00:00+00:00
user-0067,88,Khởi nghiệp,SEARCH,2025-11-04T04:00:00+00:00
user-0216,303,Khởi nghiệp,VIEW,2025-11-04T06:00:00+00:00
user-0142,420,Khởi nghiệp,VIEW,2025-11-04T08:00:00+00:00
user-0101,695,Môi trường,FOLLOW,2025-11-04T10:00:00+00:00
user-0230,465,Giáo dục,VIEW,2025-11-04T12:00:00+00:00
user-0155,569,Khởi nghiệp,SEARCH,2025-11-04T14:00:00+00:00
user-0144,599,Khởi nghiệp,VIEW,2025-11-04T16:00:00+00:00
user-0014,419,Môi trường,VIEW,2025-11-04T18:00:00+00:00
user-0061,905,Môi trường,CONTRIBUTE,2025-11-04T20:00:00+00:00
user-0063,937,Môi trường,SEARCH,2025-11-04T22:00:00+00:00
user-0267,157,Môi trường,SEARCH,2025-11-05T00:00:00+00:00
user-0294,521,Môi trường,VIEW,2025-11-05T02:00:00+00:00
user-0265,545,Môi trường,FOLLOW,2025-11-05T04:00:00+00:00
user-0185,797,Y tế,SEARCH,2025-11-05T06:00:00+00:00
user-0136,547,Môi trường,VIEW,2025-11-05T08:00:00+00:00
user-0167,238,Môi trường,SEARCH,2025-11-05T10:00:00+00:00
user-0095,892,Y tế,SEARCH,2025-11-05T12:00:00+00:00
user-0139,601,Môi trường,VIEW,2025-11-05T14:00:00+00:00
user-0066,118,Văn hóa,FOLLOW,2025-11-05T16:00:00+00:00
user-0178,218,Giáo dục,VIEW,2025-11-05T18:00:00+00:00
user-0172,896,Giáo dục,FOLLOW,2025-11-05T20:00:00+00:00
user-0104,885,Giáo dục,VIEW,2025-11-05T22:00:00+00:00
user-0264,320,Công nghệ,CONTRIBUTE,2025-11-06T00:00:00+00:00
user-0154,534,Khởi nghiệp,SEARCH,2025-11-06T02:00:00+00:00
user-0179,381,Y tế,VIEW,2025-11-06T04:00:00+00:00
user-0281,316,Văn hóa,SEARCH,2025-11-06T06:00:00+00:00
user-0092,916,Giáo dục,VIEW,2025-11-06T08:00:00+00:00
user-0150,255,Văn hóa,CONTRIBUTE,2025-11-06T10:00:00+00:00
user-0179,728,Môi trường,VIEW,2025-11-06T12:00:00+00:00
user-0180,389,Khởi nghiệp,VIEW,2025-11-06T14:00:00+00:00
user-0017,455,Y tế,VIEW,2025-11-06T16:00:00+00:00
user-0220,377,Môi trường,VIEW,2025-11-06T18:00:00+00:00
user-0044,399,Văn hóa,FOLLOW,2025-11-06T20:00:00+00:00
user-0028,156,Khởi nghiệp,SEARCH,2025-11-06T22:00:00+00:00
user-0057,162,Khởi nghiệp,CONTRIBUTE,2025-11-07T00:00:00+00:00
user-0182,539,Môi trường,VIEW,2025-11-07T02:00:00+00:00
user-0249,210,Giáo dục,SEARCH,2025-11-07T04:00:00+00:00
user-0064,549,Môi trường,CONTRIBUTE,2025-11-07T06:00:00+00:00
user-0212,227,Môi trường,SEARCH,2025-11-07T08:00:00+00:00
user-0255,324,Văn hóa,SEARCH,2025-11-07T10:00:00+00:00
user-0081,4,Khởi nghiệp,SEARCH,2025-11-07T12:00:00+00:00
user-0162,533,Văn hóa,VIEW,2025-11-07T14:00:00+00:00
user-0173,18,Khởi nghiệp,FOLLOW,2025-11-07T16:00:00+00:00
user-0202,81,Giáo dục,FOLLOW,2025-11-07T18:00:00+00:00
user-0086,261,Khởi nghiệp,SEARCH,2025-11-07T20:00:00+00:00
user-0291,587,Y tế,VIEW,2025-11-07T22:00:00+00:00
user-0232,115,Y tế,VIEW,2025-11-08T00:00:00+00:00
user-0253,627,Giáo dục,SEARCH,2025-11-08T02:00:00+00:00
user-0055,370,Văn hóa,VIEW,2025-11-08T04:00:00+00:00
user-0208,731,Khởi nghiệp,SEARCH,2025-11-08T06:00:00+00:00
user-0258,523,Văn hóa,SEARCH,2025-11-08T08:00:00+00:00
user-0026,598,Văn hóa,FOLLOW,2025-11-08T10:00:00+00:00
user-0166,409,Văn hóa,VIEW,2025-11-08T12:00:00+00:00
user-0143,386,Giáo dục,CONTRIBUTE,2025-11-08T14:00:00+00:00
user-0020,523,Văn hóa,VIEW,2025-11-08T16:00:00+00:00
user-0010,99,Y tế,FOLLOW,2025-11-08T18:00:00+00:00
user-0076,485,Y tế,VIEW,2025-11-08T20:00:00+00:00
user-0245,904,Y tế,SEARCH,2025-11-08T22:00:00+00:00
user-0217,5,Môi trường,SEARCH,2025-11-09T00:00:00+00:00
user-0106,411,Môi trường,SEARCH,2025-11-09T02:00:00+00:00
user-0124,961,Y tế,SEARCH,2025-11-09T04:00:00+00:00
user-0157,742,Công nghệ,FOLLOW,2025-11-09T06:00:00+00:00
user-0170,297,Văn hóa,SEARCH,2025-11-09T08:00:00+00:00
user-0202,944,Môi trường,VIEW,2025-11-09T10:00:00+00:00
user-0027,136,Y tế,VIEW,2025-11-09T12:00:00+00:00
user-0120,891,Khởi nghiệp,SEARCH,2025-11-09T14:00:00+00:00
user-0072,646,Khởi nghiệp,VIEW,2025-11-09T16:00:00+00:00
user-0049,926,Y tế,SEARCH,2025-11-09T18:00:00+00:00
user-0177,149,Văn hóa,VIEW,2025-11-09T20:00:00+00:00
user-0233,814,Công nghệ,SEARCH,2025-11-09T22:00:00+00:00
user-0148,224,Công nghệ,VIEW,2025-11-10T00:00:00+00:00
user-0005,872,Y tế,VIEW,2025-11-10T02:00:00+00:00
user-0133,800,Môi trường,FOLLOW,2025-11-10T04:00:00+00:00
user-0164,242,Giáo dục,FOLLOW,2025-11-10T06:00:00+00:00
user-0047,754,Khởi nghiệp,SEARCH,2025-11-10T08:00:00+00:00
user-0120,39,Văn hóa,VIEW,2025-11-10T10:00:00+00:00
user-0099,947,Công nghệ,SEARCH,2025-11-10T12:00:00+00:00
user-0210,490,Môi trường,VIEW,2025-11-10T14:00:00+00:00
user-0152,683,Công nghệ,FOLLOW,2025-11-10T16:00:00+00:00
user-0239,304,Giáo dục,FOLLOW,2025-11-10T18:00:00+00:00
user-0013,349,Y tế,CONTRIBUTE,2025-11-10T20:00:00+00:00
user-0213,936,Giáo dục,SEARCH,2025-11-10T22:00:00+00:00
user-0111,984,Công nghệ,VIEW,2025-11-11T00:00:00+00:00
user-0170,942,Khởi nghiệp,SEARCH,2025-11-11T02:00:00+00:00
user-0212,143,Môi trường,VIEW,2025-11-11T04:00:00+00:00
user-0143,139,Giáo dục,VIEW,2025-11-11T06:00:00+00:00
user-0131,521,Môi trường,SEARCH,2025-11-11T08:00:00+00:00
user-0290,754,Khởi nghiệp,VIEW,2025-11-11T10:00:00+00:00
user-0223,496,Khởi nghiệp,SEARCH,2025-11-11T12:00:00+00:00
user-0011,886,Giáo dục,FOLLOW,2025-11-11T14:00:00+00:00
user-0136,447,Y tế,SEARCH,2025-11-11T16:00:00+00:00
user-0056,770,Khởi nghiệp,FOLLOW,2025-11-11T18:00:00+00:00
user-0158,951,Văn hóa,VIEW,2025-11-11T20:00:00+00:00
user-0168,326,Khởi nghiệp,SEARCH,2025-11-11T22:00:00+00:00
user-0275,922,Môi trường,VIEW,2025-11-12T00:00:00+00:00
user-0128,310,Y tế,VIEW,2025-11-12T02:00:00+00:00
user-0125,523,Văn hóa,SEARCH,2025-11-12T04:00:00+00:00
user-0067,721,Y tế,SEARCH,2025-11-12T06:00:00+00:00
user-0078,867,Công nghệ,FOLLOW,2025-11-12T08:00:00+00:00
user-0090,2,Y tế,FOLLOW,2025-11-12T10:00:00+00:00
user-0291,565,Môi trường,SEARCH,2025-11-12T12:00:00+00:00
user-0012,379,Công nghệ,VIEW,2025-11-12T14:00:00+00:00
user-0250,842,Khởi nghiệp,VIEW,2025-11-12T16:00:00+00:00
user-0088,12,Văn hóa,SEARCH,2025-11-12T18:00:00+00:00
user-0048,691,Công nghệ,VIEW,2025-11-12T20:00:00+00:00
user-0262,585,Y tế,VIEW,2025-11-12T22:00:00+00:00
user-0089,512,Giáo dục,VIEW,2025-11-13T00:00:00+00:00
user-0191,88,Khởi nghiệp,SEARCH,2025-11-13T02:00:00+00:00
user-0042,883,Khởi nghiệp,VIEW,2025-11-13T04:00:00+00:00
user-0142,649,Khởi nghiệp,SEARCH,2025-11-13T06:00:00+00:00
user-0172,44,Giáo dục,SEARCH,2025-11-13T08:00:00+00:00
user-0129,534,Khởi nghiệp,CONTRIBUTE,2025-11-13T10:00:00+00:00
user-0214,134,Công nghệ,VIEW,2025-11-13T12:00:00+00:00
user-0124,920,Y tế,VIEW,2025-11-13T14:00:00+00:00
user-0027,844,Y tế,SEARCH,2025-11-13T16:00:00+00:00
user-0166,438,Công nghệ,VIEW,2025-11-13T18:00:00+00:00
user-0160,779,Công nghệ,SEARCH,2025-11-13T20:00:00+00:00
user-0049,911,Công nghệ,CONTRIBUTE,2025-11-13T22:00:00+00:00
user-0187,413,Y tế,FOLLOW,2025-11-14T00:00:00+00:00
user-0087,79,Môi trường,VIEW,2025-11-14T02:00:00+00:00
user-0221,973,Khởi nghiệp,SEARCH,2025-11-14T04:00:00+00:00
user-0122,801,Giáo dục,CONTRIBUTE,2025-11-14T06:00:00+00:00
user-0121,808,Y tế,SEARCH,2025-11-14T08:00:00+00:00
user-0144,427,Công nghệ,VIEW,2025-11-14T10:00:00+00:00
user-0107,551,Môi trường,VIEW,2025-11-14T12:00:00+00:00
user-0064,152,Môi trường,VIEW,2025-11-14T14:00:00+00:00
user-0044,610,Công nghệ,FOLLOW,2025-11-14T16:00:00+00:00
user-0068,309,Giáo dục,FOLLOW,2025-11-14T18:00:00+00:00
user-0151,620,Khởi nghiệp,SEARCH,2025-11-14T20:00:00+00:00
user-0089,565,Môi trường,SEARCH,2025-11-14T22:00:00+00:00
user-0016,132,Giáo dục,VIEW,2025-11-15T00:00:00+00:00
user-0172,491,Giáo dục,VIEW,2025-11-15T02:00:00+00:00
user-0109,430,Công nghệ,CONTRIBUTE,2025-11-15T04:00:00+00:00
user-0192,658,Công nghệ,SEARCH,2025-11-15T06:00:00+00:00
user-0299,290,Công nghệ,VIEW,2025-11-15T08:00:00+00:00
user-0208,202,Công nghệ,VIEW,2025-11-15T10:00:00+00:00
user-0232,790,Môi trường,SEARCH,2025-11-15T12:00:00+00:00
user-0268,19,Giáo dục,VIEW,2025-11-15T14:00:00+00:00
user-0190,588,Văn hóa,SEARCH,2025-11-15T16:00:00+00:00
user-0112,144,Y tế,VIEW,2025-11-15T18:00:00+00:00
user-0223,798,Công nghệ,VIEW,2025-11-15T20:00:00+00:00
user-0164,334,Giáo dục,CONTRIBUTE,2025-11-15T22:00:00+00:00
user-0152,169,Giáo dục,SEARCH,2025-11-16T00:00:00+00:00
user-0207,20,Văn hóa,SEARCH,2025-11-16T02:00:00+00:00
user-0248,535,Môi trường,VIEW,2025-11-16T04:00:00+00:00
user-0254,202,Công nghệ,SEARCH,2025-11-16T06:00:00+00:00
user-0067,261,Khởi nghiệp,VIEW,2025-11-16T08:00:00+00:00
user-0003,273,Văn hóa,SEARCH,2025-11-16T10:00:00+00:00
user-0132,107,Y tế,CONTRIBUTE,2025-11-16T12:00:00+00:00
user-0205,555,Văn hóa,CONTRIBUTE,2025-11-16T14:00:00+00:00
user-0266,478,Giáo dục,VIEW,2025-11-16T16:00:00+00:00
user-0089,292,Môi trường,FOLLOW,2025-11-16T18:00:00+00:00
user-0064,27,Khởi nghiệp,VIEW,2025-11-16T20:00:00+00:00
user-0090,577,Giáo dục,VIEW,2025-11-16T22:00:00+00:00
user-0294,541,Văn hóa,SEARCH,2025-11-17T00:00:00+00:00
user-0125,201,Y tế,SEARCH,2025-11-17T02:00:00+00:00
user-0025,571,Giáo dục,VIEW,2025-11-17T04:00:00+00:00
user-0168,956,Khởi nghiệp,VIEW,2025-11-17T06:00:00+00:00
user-0217,786,Công nghệ,FOLLOW,2025-11-17T08:00:00+00:00
user-0177,251,Văn hóa,SEARCH,2025-11-17T10:00:00+00:00
user-0193,569,Khởi nghiệp,VIEW,2025-11-17T12:00:00+00:00
user-0176,332,Công nghệ,SEARCH,2025-11-17T14:00:00+00:00
user-0200,483,Y tế,FOLLOW,2025-11-17T16:00:00+00:00
user-0068,481,Giáo dục,FOLLOW,2025-11-17T18:00:00+00:00
user-0079,56,Khởi nghiệp,VIEW,2025-11-17T20:00:00+00:00
user-0128,860,Văn hóa,VIEW,2025-11-17T22:00:00+00:00
user-0130,947,Công nghệ,VIEW,2025-11-18T00:00:00+00:00
user-0237,295,Y tế,SEARCH,2025-11-18T02:00:00+00:00
user-0234,202,Công nghệ,SEARCH,2025-11-18T04:00:00+00:00
user-0079,336,Giáo dục,FOLLOW,2025-11-18T06:00:00+00:00
user-0121,293,Y tế,VIEW,2025-11-18T08:00:00+00:00
user-0291,483,Y tế,VIEW,2025-11-18T10:00:00+00:00
user-0097,52,Giáo dục,SEARCH,2025-11-18T12:00:00+00:00
user-0136,368,Giáo dục,VIEW,2025-11-18T14:00:00+00:00
user-0232,903,Môi trường,SEARCH,2025-11-18T16:00:00+00:00
user-0033,683,Công nghệ,FOLLOW,2025-11-18T18:00:00+00:00
user-0256,184,Văn hóa,VIEW,2025-11-18T20:00:00+00:00
user-0061,611,Văn hóa,VIEW,2025-11-18T22:00:00+00:00
user-0045,159,Y tế,FOLLOW,2025-11-19T00:00:00+00:00
user-0166,8,Văn hóa,VIEW,2025-11-19T02:00:00+00:00
user-0286,548,Giáo dục,SEARCH,2025-11-19T04:00:00+00:00
user-0012,452,Công nghệ,SEARCH,2025-11-19T06:00:00+00:00
user-0077,13,Y tế,VIEW,2025-11-19T08:00:00+00:00
user-0141,715,Văn hóa,VIEW,2025-11-19T10:00:00+00:00
user-0085,867,Công nghệ,SEARCH,2025-11-19T12:00:00+00:00
user-0210,435,Môi trường,VIEW,2025-11-19T14:00:00+00:00
user-0193,1000,Khởi nghiệp,FOLLOW,2025-11-19T16:00:00+00:00
user-0023,221,Giáo dục,SEARCH,2025-11-19T18:00:00+00:00
user-0072,190,Khởi nghiệp,VIEW,2025-11-19T20:00:00+00:00
user-0181,730,Văn hóa,VIEW,2025-11-19T22:00:00+00:00
user-0105,63,Khởi nghiệp,SEARCH,2025-11-20T00:00:00+00:00
user-0073,555,Văn hóa,FOLLOW,2025-11-20T02:00:00+00:00
user-0107,618,Công nghệ,VIEW,2025-11-20T04:00:00+00:00
user-0122,728,Môi trường,VIEW,2025-11-20T06:00:00+00:00
user-0296,378,Y tế,SEARCH,2025-11-20T08:00:00+00:00
user-0227,99,Y tế,VIEW,2025-11-20T10:00:00+00:00
user-0253,707,Giáo dục,SEARCH,2025-11-20T12:00:00+00:00
user-0280,270,Khởi nghiệp,CONTRIBUTE,2025-11-20T14:00:00+00:00
user-0118,14,Môi trường,VIEW,2025-11-20T16:00:00+00:00
user-0239,139,Giáo dục,VIEW,2025-11-20T18:00:00+00:00
user-0122,761,Y tế,SEARCH,2025-11-20T20:00:00+00:00
user-0296,137,Khởi nghiệp,CONTRIBUTE,2025-11-20T22:00:00+00:00
user-0208,472,Khởi nghiệp,VIEW,2025-11-21T00:00:00+00:00
user-0111,878,Công nghệ,FOLLOW,2025-11-21T02:00:00+00:00
user-0266,711,Giáo dục,VIEW,2025-11-21T04:00:00+00:00
user-0152,856,Giáo dục,VIEW,2025-11-21T06:00:00+00:00
user-0293,545,Môi trường,SEARCH,2025-11-21T08:00:00+00:00
user-0050,128,Văn hóa,VIEW,2025-11-21T10:00:00+00:00
user-0020,899,Y tế,VIEW,2025-11-21T12:00:00+00:00
user-0010,296,Môi trường,FOLLOW,2025-11-21T14:00:00+00:00
user-0127,821,Khởi nghiệp,VIEW,2025-11-21T16:00:00+00:00
user-0106,151,Khởi nghiệp,VIEW,2025-11-21T18:00:00+00:00
user-0084,629,Khởi nghiệp,CONTRIBUTE,2025-11-21T20:00:00+00:00
user-0098,255,Văn hóa,VIEW,2025-11-21T22:00:00+00:00
user-0011,61,Giáo dục,VIEW,2025-11-22T00:00:00+00:00
user-0294,996,Môi trường,VIEW,2025-11-22T02:00:00+00:00
user-0093,15,Khởi nghiệp,SEARCH,2025-11-22T04:00:00+00:00
user-0239,621,Khởi nghiệp,CONTRIBUTE,2025-11-22T06:00:00+00:00
user-0247,858,Giáo dục,VIEW,2025-11-22T08:00:00+00:00
user-0271,662,Y tế,VIEW,2025-11-22T10:00:00+00:00
user-0276,588,Văn hóa,FOLLOW,2025-11-22T12:00:00+00:00
user-0280,883,Khởi nghiệp,VIEW,2025-11-22T14:00:00+00:00
user-0079,763,Môi trường,SEARCH,2025-11-22T16:00:00+00:00
user-0044,464,Công nghệ,VIEW,2025-11-22T18:00:00+00:00
user-0262,246,Khởi nghiệp,VIEW,2025-11-22T20:00:00+00:00
user-0146,477,Văn hóa,VIEW,2025-11-22T22:00:00+00:00
user-0151,749,Khởi nghiệp,VIEW,2025-11-23T00:00:00+00:00
user-0133,14,Môi trường,SEARCH,2025-11-23T02:00:00+00:00
user-0170,932,Công nghệ,VIEW,2025-11-23T04:00:00+00:00
user-0188,545,Môi trường,FOLLOW,2025-11-23T06:00:00+00:00
user-0063,819,Môi trường,VIEW,2025-11-23T08:00:00+00:00
user-0193,185,Công nghệ,VIEW,2025-11-23T10:00:00+00:00
user-0222,222,Giáo dục,VIEW,2025-11-23T12:00:00+00:00
user-0186,548,Giáo dục,VIEW,2025-11-23T14:00:00+00:00
user-0207,365,Môi trường,VIEW,2025-11-23T16:00:00+00:00
user-0270,887,Văn hóa,VIEW,2025-11-23T18:00:00+00:00
user-0100,325,Môi trường,VIEW,2025-11-23T20:00:00+00:00
user-0185,959,Văn hóa,SEARCH,2025-11-23T22:00:00+00:00
user-0256,534,Khởi nghiệp,VIEW,2025-11-24T00:00:00+00:00
user-0040,496,Khởi nghiệp,SEARCH,2025-11-24T02:00:00+00:00
user-0132,33,Y tế,VIEW,2025-11-24T04:00:00+00:00
user-0182,650,Văn hóa,VIEW,2025-11-24T06:00:00+00:00
user-0265,372,Môi trường,VIEW,2025-11-24T08:00:00+00:00
user-0027,674,Công nghệ,VIEW,2025-11-24T10:00:00+00:00
user-0028,137,Khởi nghiệp,VIEW,2025-11-24T12:00:00+00:00
user-0194,962,Khởi nghiệp,VIEW,2025-11-24T14:00:00+00:00
user-0297,376,Môi trường,VIEW,2025-11-24T16:00:00+00:00
user-0066,347,Văn hóa,VIEW,2025-11-24T18:00:00+00:00
user-0215,962,Khởi nghiệp,VIEW,2025-11-24T20:00:00+00:00
user-0171,125,Khởi nghiệp,VIEW,2025-11-24T22:00:00+00:00
user-0147,305,Công nghệ,VIEW,2025-11-25T00:00:00+00:00
user-0202,767,Môi trường,SEARCH,2025-11-25T02:00:00+00:00
user-0017,64,Y tế,FOLLOW,2025-11-25T04:00:00+00:00
user-0066,187,Khởi nghiệp,VIEW,2025-11-25T06:00:00+00:00
user-0067,476,Môi trường,VIEW,2025-11-25T08:00:00+00:00
user-0146,509,Văn hóa,SEARCH,2025-11-25T10:00:00+00:00
user-0228,394,Văn hóa,SEARCH,2025-11-25T12:00:00+00:00
user-0184,864,Giáo dục,SEARCH,2025-11-25T14:00:00+00:00
user-0126,152,Môi trường,VIEW,2025-11-25T16:00:00+00:00
user-0035,197,Văn hóa,FOLLOW,2025-11-25T18:00:00+00:00
user-0019,160,Văn hóa,VIEW,2025-11-25T20:00:00+00:00
user-0235,994,Công nghệ,VIEW,2025-11-25T22:00:00+00:00
user-0022,830,Văn hóa,VIEW,2025-11-26T00:00:00+00:00
user-0065,415,Văn hóa,VIEW,2025-11-26T02:00:00+00:00
user-0071,476,Môi trường,VIEW,2025-11-26T04:00:00+00:00
user-0147,496,Khởi nghiệp,VIEW,2025-11-26T06:00:00+00:00
user-0142,37,Khởi nghiệp,SEARCH,2025-11-26T08:00:00+00:00
user-0263,49,Giáo dục,SEARCH,2025-11-26T10:00:00+00:00
user-0006,753,Giáo dục,SEARCH,2025-11-26T12:00:00+00:00
user-0051,902,Khởi nghiệp,VIEW,2025-11-26T14:00:00+00:00
user-0226,37,Khởi nghiệp,VIEW,2025-11-26T16:00:00+00:00
user-0103,344,Khởi nghiệp,VIEW,2025-11-26T18:00:00+00:00
user-0290,524,Y tế,VIEW,2025-11-26T20:00:00+00:00
user-0232,83,Y tế,VIEW,2025-11-26T22:00:00+00:00
user-0272,281,Giáo dục,VIEW,2025-11-27T00:00:00+00:00
user-0014,763,Môi trường,VIEW,2025-11-27T02:00:00+00:00
user-0123,128,Văn hóa,SEARCH,2025-11-27T04:00:00+00:00
user-0285,354,Giáo dục,VIEW,2025-11-27T06:00:00+00:00
user-0101,434,Môi trường,SEARCH,2025-11-27T08:00:00+00:00
user-0034,879,Văn hóa,VIEW,2025-11-27T10:00:00+00:00
user-0207,843,Công nghệ,VIEW,2025-11-27T12:00:00+00:00
user-0111,742,Công nghệ,FOLLOW,2025-11-27T14:00:00+00:00
user-0253,182,Môi trường,VIEW,2025-11-27T16:00:00+00:00
user-0262,980,Khởi nghiệp,VIEW,2025-11-27T18:00:00+00:00
user-0018,690,Môi trường,FOLLOW,2025-11-27T20:00:00+00:00
user-0223,250,Công nghệ,SEARCH,2025-11-27T22:00:00+00:00
user-0117,949,Văn hóa,VIEW,2025-11-28T00:00:00+00:00
user-0117,509,Văn hóa,VIEW,2025-11-28T02:00:00+00:00
user-0179,340,Y tế,VIEW,2025-11-28T04:00:00+00:00
user-0089,822,Môi trường,CONTRIBUTE,2025-11-28T06:00:00+00:00
user-0201,414,Khởi nghiệp,VIEW,2025-11-28T08:00:00+00:00
user-0023,602,Giáo dục,SEARCH,2025-11-28T10:00:00+00:00
user-0253,547,Môi trường,VIEW,2025-11-28T12:00:00+00:00
user-0169,940,Môi trường,FOLLOW,2025-11-28T14:00:00+00:00
user-0036,323,Công nghệ,FOLLOW,2025-11-28T16:00:00+00:00
user-0078,783,Y tế,VIEW,2025-11-28T18:00:00+00:00
user-0294,756,Văn hóa,SEARCH,2025-11-28T20:00:00+00:00
user-0250,169,Giáo dục,VIEW,2025-11-28T22:00:00+00:00
user-0084,550,Khởi nghiệp,FOLLOW,2025-11-29T00:00:00+00:00
user-0195,531,Môi trường,SEARCH,2025-11-29T02:00:00+00:00
user-0228,252,Giáo dục,VIEW,2025-11-29T04:00:00+00:00
user-0135,819,Môi trường,FOLLOW,2025-11-29T06:00:00+00:00
user-0150,925,Văn hóa,SEARCH,2025-11-29T08:00:00+00:00
user-0291,300,Y tế,VIEW,2025-11-29T10:00:00+00:00
user-0038,704,Y tế,SEARCH,2025-11-29T12:00:00+00:00
user-0125,149,Văn hóa,VIEW,2025-11-29T14:00:00+00:00
user-0256,881,Khởi nghiệp,VIEW,2025-11-29T16:00:00+00:00
user-0122,614,Môi trường,VIEW,2025-11-29T18:00:00+00:00
user-0143,473,Công nghệ,VIEW,2025-11-29T20:00:00+00:00
user-0010,90,Môi trường,VIEW,2025-11-29T22:00:00+00:00
user-0220,596,Khởi nghiệp,VIEW,2025-11-30T00:00:00+00:00
user-0127,617,Y tế,SEARCH,2025-11-30T02:00:00+00:00
user-0105,596,Khởi nghiệp,VIEW,2025-11-30T04:00:00+00:00
user-0290,918,Khởi nghiệp,VIEW,2025-11-30T06:00:00+00:00
user-0268,963,Khởi nghiệp,VIEW,2025-11-30T08:00:00+00:00
user-0138,24,Giáo dục,SEARCH,2025-11-30T10:00:00+00:00
user-0185,871,Văn hóa,VIEW,2025-11-30T12:00:00+00:00
user-0062,515,Y tế,VIEW,2025-11-30T14:00:00+00:00
user-0134,497,Văn hóa,SEARCH,2025-11-30T16:00:00+00:00
user-0201,955,Môi trường,SEARCH,2025-11-30T18:00:00+00:00
user-0158,986,Giáo dục,VIEW,2025-11-30T20:00:00+00:00
user-0041,431,Văn hóa,VIEW,2025-11-30T22:00:00+00:00
user-0210,880,Môi trường,VIEW,2025-12-01T00:00:00+00:00
user-0244,763,Môi trường,VIEW,2025-12-01T02:00:00+00:00
user-0166,901,Văn hóa,VIEW,2025-12-01T04:00:00+00:00
user-0087,544,Giáo dục,VIEW,2025-12-01T06:00:00+00:00
user-0059,568,Văn hóa,CONTRIBUTE,2025-12-01T08:00:00+00:00
user-0092,97,Văn hóa,VIEW,2025-12-01T10:00:00+00:00
user-0061,453,Y tế,SEARCH,2025-12-01T12:00:00+00:00
user-0132,703,Công nghệ,VIEW,2025-12-01T14:00:00+00:00
user-0288,250,Công nghệ,SEARCH,2025-12-01T16:00:00+00:00
user-0050,163,Khởi nghiệp,FOLLOW,2025-12-01T18:00:00+00:00
user-0014,647,Giáo dục,VIEW,2025-12-01T20:00:00+00:00
user-0170,1000,Khởi nghiệp,FOLLOW,2025-12-01T22:00:00+00:00
user-0094,576,Công nghệ,VIEW,2025-12-02T00:00:00+00:00
user-0239,629,Khởi nghiệp,SEARCH,2025-12-02T02:00:00+00:00
user-0161,791,Văn hóa,FOLLOW,2025-12-02T04:00:00+00:00
user-0041,250,Công nghệ,SEARCH,2025-12-02T06:00:00+00:00
user-0023,79,Môi trường,VIEW,2025-12-02T08:00:00+00:00
user-0258,951,Văn hóa,SEARCH,2025-12-02T10:00:00+00:00
user-0284,306,Môi trường,CONTRIBUTE,2025-12-02T12:00:00+00:00
user-0049,797,Y tế,VIEW,2025-12-02T14:00:00+00:00
user-0210,459,Y tế,VIEW,2025-12-02T16:00:00+00:00
user-0156,308,Văn hóa,VIEW,2025-12-02T18:00:00+00:00
user-0266,600,Văn hóa,VIEW,2025-12-02T20:00:00+00:00
user-0269,509,Văn hóa,VIEW,2025-12-02T22:00:00+00:00
user-0008,818,Môi trường,SEARCH,2025-12-03T00:00:00+00:00
user-0154,619,Môi trường,VIEW,2025-12-03T02:00:00+00:00
user-0291,353,Y tế,VIEW,2025-12-03T04:00:00+00:00
user-0018,29,Văn hóa,VIEW,2025-12-03T06:00:00+00:00
user-0245,872,Y tế,CONTRIBUTE,2025-12-03T08:00:00+00:00
user-0119,170,Giáo dục,FOLLOW,2025-12-03T10:00:00+00:00
user-0063,886,Giáo dục,SEARCH,2025-12-03T12:00:00+00:00
user-0131,759,Môi trường,VIEW,2025-12-03T14:00:00+00:00
user-0134,489,Văn hóa,SEARCH,2025-12-03T16:00:00+00:00
user-0235,101,Môi trường,SEARCH,2025-12-03T18:00:00+00:00
user-0015,384,Giáo dục,VIEW,2025-12-03T20:00:00+00:00
user-0259,960,Y tế,VIEW,2025-12-03T22:00:00+00:00
user-0284,219,Giáo dục,VIEW,2025-12-04T00:00:00+00:00
user-0058,506,Văn hóa,VIEW,2025-12-04T02:00:00+00:00
user-0188,363,Môi trường,FOLLOW,2025-12-04T04:00:00+00:00
user-0232,173,Môi trường,SEARCH,2025-12-04T06:00:00+00:00
user-0087,190,Khởi nghiệp,FOLLOW,2025-12-04T08:00:00+00:00
user-0175,661,Giáo dục,SEARCH,2025-12-04T10:00:00+00:00
user-0117,105,Văn hóa,VIEW,2025-12-04T12:00:00+00:00
user-0017,801,Giáo dục,VIEW,2025-12-04T14:00:00+00:00
user-0115,917,Y tế,SEARCH,2025-12-04T16:00:00+00:00
user-0198,477,Văn hóa,FOLLOW,2025-12-04T18:00:00+00:00
user-0045,669,Y tế,VIEW,2025-12-04T20:00:00+00:00
user-0154,758,Công nghệ,VIEW,2025-12-04T22:00:00+00:00
user-0234,245,Công nghệ,FOLLOW,2025-12-05T00:00:00+00:00
user-0167,955,Môi trường,FOLLOW,2025-12-05T02:00:00+00:00
user-0051,254,Y tế,VIEW,2025-12-05T04:00:00+00:00
user-0087,100,Công nghệ,VIEW,2025-12-05T06:00:00+00:00
user-0254,452,Công nghệ,VIEW,2025-12-05T08:00:00+00:00
user-0234,55,Công nghệ,VIEW,2025-12-05T10:00:00+00:00
user-0256,88,Khởi nghiệp,VIEW,2025-12-05T12:00:00+00:00
user-0193,848,Khởi nghiệp,VIEW,2025-12-05T14:00:00+00:00
user-0054,275,Môi trường,SEARCH,2025-12-05T16:00:00+00:00
user-0035,951,Văn hóa,VIEW,2025-12-05T18:00:00+00:00
user-0263,461,Môi trường,FOLLOW,2025-12-05T20:00:00+00:00
user-0272,772,Công nghệ,VIEW,2025-12-05T22:00:00+00:00
user-0188,685,Văn hóa,SEARCH,2025-12-06T00:00:00+00:00
user-0299,683,Công nghệ,VIEW,2025-12-06T02:00:00+00:00
user-0043,160,Văn hóa,CONTRIBUTE,2025-12-06T04:00:00+00:00
user-0096,844,Y tế,VIEW,2025-12-06T06:00:00+00:00
user-0261,887,Văn hóa,VIEW,2025-12-06T08:00:00+00:00
user-0275,659,Y tế,SEARCH,2025-12-06T10:00:00+00:00
user-0260,439,Công nghệ,VIEW,2025-12-06T12:00:00+00:00
user-0235,145,Công nghệ,VIEW,2025-12-06T14:00:00+00:00
user-0279,192,Văn hóa,VIEW,2025-12-06T16:00:00+00:00
user-0043,879,Văn hóa,VIEW,2025-12-06T18:00:00+00:00
user-0100,52,Giáo dục,SEARCH,2025-12-06T20:00:00+00:00
user-0127,374,Y tế,VIEW,2025-12-06T22:00:00+00:00
user-0165,856,Giáo dục,VIEW,2025-12-07T00:00:00+00:00
user-0255,929,Y tế,VIEW,2025-12-07T02:00:00+00:00
user-0125,990,Y tế,VIEW,2025-12-07T04:00:00+00:00
user-0195,359,Giáo dục,FOLLOW,2025-12-07T06:00:00+00:00
user-0136,530,Văn hóa,FOLLOW,2025-12-07T08:00:00+00:00
user-0031,334,Giáo dục,VIEW,2025-12-07T10:00:00+00:00
user-0041,145,Công nghệ,CONTRIBUTE,2025-12-07T12:00:00+00:00
user-0128,871,Văn hóa,SEARCH,2025-12-07T14:00:00+00:00
user-0202,336,Giáo dục,VIEW,2025-12-07T16:00:00+00:00
user-0257,791,Văn hóa,VIEW,2025-12-07T18:00:00+00:00
user-0081,353,Y tế,VIEW,2025-12-07T20:00:00+00:00
user-0247,924,Giáo dục,FOLLOW,2025-12-07T22:00:00+00:00
user-0085,402,Công nghệ,SEARCH,2025-12-08T00:00:00+00:00
user-0294,231,Môi trường,SEARCH,2025-12-08T02:00:00+00:00
user-0135,476,Môi trường,VIEW,2025-12-08T04:00:00+00:00
user-0166,70,Công nghệ,CONTRIBUTE,2025-12-08T06:00:00+00:00
user-0082,924,Giáo dục,VIEW,2025-12-08T08:00:00+00:00
user-0171,853,Khởi nghiệp,VIEW,2025-12-08T10:00:00+00:00
user-0035,34,Môi trường,FOLLOW,2025-12-08T12:00:00+00:00
user-0111,815,Y tế,SEARCH,2025-12-08T14:00:00+00:00
user-0061,579,Văn hóa,SEARCH,2025-12-08T16:00:00+00:00
user-0286,74,Giáo dục,VIEW,2025-12-08T18:00:00+00:00
user-0118,944,Môi trường,CONTRIBUTE,2025-12-08T20:00:00+00:00
user-0014,403,Y tế,SEARCH,2025-12-08T22:00:00+00:00
user-0060,432,Văn hóa,VIEW,2025-12-09T00:00:00+00:00
user-0081,712,Văn hóa,VIEW,2025-12-09T02:00:00+00:00
user-0006,665,Giáo dục,FOLLOW,2025-12-09T04:00:00+00:00
user-0275,760,Công nghệ,SEARCH,2025-12-09T06:00:00+00:00
user-0156,308,Văn hóa,FOLLOW,2025-12-09T08:00:00+00:00
user-0157,608,Công nghệ,VIEW,2025-12-09T10:00:00+00:00
user-0066,705,Khởi nghiệp,SEARCH,2025-12-09T12:00:00+00:00
user-0184,221,Giáo dục,VIEW,2025-12-09T14:00:00+00:00
user-0290,389,Khởi nghiệp,VIEW,2025-12-09T16:00:00+00:00
user-0107,321,Môi trường,VIEW,2025-12-09T18:00:00+00:00
user-0248,922,Môi trường,VIEW,2025-12-09T20:00:00+00:00
user-0122,363,Môi trường,VIEW,2025-12-09T22:00:00+00:00
user-0047,470,Giáo dục,VIEW,2025-12-10T00:00:00+00:00
user-0201,173,Môi trường,SEARCH,2025-12-10T02:00:00+00:00
user-0037,519,Công nghệ,VIEW,2025-12-10T04:00:00+00:00
user-0120,805,Khởi nghiệp,VIEW,2025-12-10T06:00:00+00:00
user-0180,472,Khởi nghiệp,VIEW,2025-12-10T08:00:00+00:00
user-0016,583,Giáo dục,VIEW,2025-12-10T10:00:00+00:00
user-0067,681,Khởi nghiệp,VIEW,2025-12-10T12:00:00+00:00
user-0179,677,Y tế,FOLLOW,2025-12-10T14:00:00+00:00
user-0036,489,Văn hóa,VIEW,2025-12-10T16:00:00+00:00
user-0280,367,Khởi nghiệp,VIEW,2025-12-10T18:00:00+00:00
user-0275,122,Y tế,VIEW,2025-12-10T20:00:00+00:00
user-0002,467,Y tế,SEARCH,2025-12-10T22:00:00+00:00
user-0285,111,Công nghệ,FOLLOW,2025-12-11T00:00:00+00:00
user-0226,459,Y tế,VIEW,2025-12-11T02:00:00+00:00
user-0160,979,Y tế,VIEW,2025-12-11T04:00:00+00:00
user-0159,506,Văn hóa,VIEW,2025-12-11T06:00:00+00:00
user-0205,619,Môi trường,SEARCH,2025-12-11T08:00:00+00:00
user-0085,73,Công nghệ,VIEW,2025-12-11T10:00:00+00:00
user-0051,35,Văn hóa,FOLLOW,2025-12-11T12:00:00+00:00
user-0214,124,Khởi nghiệp,VIEW,2025-12-11T14:00:00+00:00
user-0136,802,Môi trường,SEARCH,2025-12-11T16:00:00+00:00
user-0121,294,Khởi nghiệp,SEARCH,2025-12-11T18:00:00+00:00
user-0283,405,Giáo dục,VIEW,2025-12-11T20:00:00+00:00
user-0158,482,Văn hóa,SEARCH,2025-12-11T22:00:00+00:00
user-0057,702,Y tế,VIEW,2025-12-12T00:00:00+00:00
user-0002,728,Môi trường,SEARCH,2025-12-12T02:00:00+00:00
user-0292,899,Y tế,VIEW,2025-12-12T04:00:00+00:00
user-0087,575,Môi trường,VIEW,2025-12-12T06:00:00+00:00
user-0081,918,Khởi nghiệp,CONTRIBUTE,2025-12-12T08:00:00+00:00
user-0035,674,Công nghệ,VIEW,2025-12-12T10:00:00+00:00
user-0170,404,Môi trường,FOLLOW,2025-12-12T12:00:00+00:00
user-0213,744,Giáo dục,VIEW,2025-12-12T14:00:00+00:00
user-0252,736,Môi trường,VIEW,2025-12-12T16:00:00+00:00
user-0261,377,Môi trường,SEARCH,2025-12-12T18:00:00+00:00
user-0043,977,Văn hóa,VIEW,2025-12-12T20:00:00+00:00
user-0134,419,Môi trường,VIEW,2025-12-12T22:00:00+00:00
user-0175,433,Khởi nghiệp,VIEW,2025-12-13T00:00:00+00:00
user-0200,138,Y tế,VIEW,2025-12-13T02:00:00+00:00
user-0170,214,Công nghệ,VIEW,2025-12-13T04:00:00+00:00
user-0200,649,Khởi nghiệp,FOLLOW,2025-12-13T06:00:00+00:00
user-0073,278,Giáo dục,VIEW,2025-12-13T08:00:00+00:00
user-0037,412,Y tế,SEARCH,2025-12-13T10:00:00+00:00
user-0213,336,Giáo dục,SEARCH,2025-12-13T12:00:00+00:00
user-0208,775,Công nghệ,VIEW,2025-12-13T14:00:00+00:00
user-0059,606,Khởi nghiệp,SEARCH,2025-12-13T16:00:00+00:00
user-0249,331,Y tế,SEARCH,2025-12-13T18:00:00+00:00
user-0061,535,Môi trường,VIEW,2025-12-13T20:00:00+00:00
user-0010,510,Giáo dục,FOLLOW,2025-12-13T22:00:00+00:00
user-0178,288,Môi trường,FOLLOW,2025-12-14T00:00:00+00:00
user-0279,724,Giáo dục,FOLLOW,2025-12-14T02:00:00+00:00
user-0109,247,Văn hóa,VIEW,2025-12-14T04:00:00+00:00
user-0087,499,Giáo dục,VIEW,2025-12-14T06:00:00+00:00
user-0237,412,Y tế,VIEW,2025-12-14T08:00:00+00:00
user-0210,437,Văn hóa,VIEW,2025-12-14T10:00:00+00:00
user-0013,628,Y tế,VIEW,2025-12-14T12:00:00+00:00
user-0008,58,Văn hóa,FOLLOW,2025-12-14T14:00:00+00:00
user-0035,123,Môi trường,VIEW,2025-12-14T16:00:00+00:00
user-0173,505,Khởi nghiệp,VIEW,2025-12-14T18:00:00+00:00
user-0068,586,Giáo dục,VIEW,2025-12-14T20:00:00+00:00
user-0284,563,Giáo dục,FOLLOW,2025-12-14T22:00:00+00:00
user-0167,215,Môi trường,VIEW,2025-12-15T00:00:00+00:00
user-0112,251,Văn hóa,VIEW,2025-12-15T02:00:00+00:00
user-0243,377,Môi trường,FOLLOW,2025-12-15T04:00:00+00:00
user-0111,62,Công nghệ,CONTRIBUTE,2025-12-15T06:00:00+00:00
user-0073,857,Giáo dục,FOLLOW,2025-12-15T08:00:00+00:00
user-0217,551,Môi trường,FOLLOW,2025-12-15T10:00:00+00:00
user-0121,467,Y tế,SEARCH,2025-12-15T12:00:00+00:00
user-0012,397,Công nghệ,VIEW,2025-12-15T14:00:00+00:00
user-0003,753,Giáo dục,VIEW,2025-12-15T16:00:00+00:00
user-0009,204,Văn hóa,VIEW,2025-12-15T18:00:00+00:00
user-0082,777,Giáo dục,VIEW,2025-12-15T20:00:00+00:00
user-0260,955,Môi trường,SEARCH,2025-12-15T22:00:00+00:00
user-0277,760,Công nghệ,VIEW,2025-12-16T00:00:00+00:00
user-0267,303,Khởi nghiệp,CONTRIBUTE,2025-12-16T02:00:00+00:00
user-0162,897,Môi trường,VIEW,2025-12-16T04:00:00+00:00
user-0080,919,Công nghệ,VIEW,2025-12-16T06:00:00+00:00
user-0059,555,Văn hóa,VIEW,2025-12-16T08:00:00+00:00
user-0270,905,Môi trường,SEARCH,2025-12-16T10:00:00+00:00
user-0063,593,Môi trường,VIEW,2025-12-16T12:00:00+00:00
user-0100,15,Khởi nghiệp,FOLLOW,2025-12-16T14:00:00+00:00
user-0186,60,Khởi nghiệp,VIEW,2025-12-16T16:00:00+00:00
user-0216,915,Khởi nghiệp,VIEW,2025-12-16T18:00:00+00:00
user-0190,650,Văn hóa,VIEW,2025-12-16T20:00:00+00:00
user-0291,99,Y tế,SEARCH,2025-12-16T22:00:00+00:00
user-0129,190,Khởi nghiệp,SEARCH,2025-12-17T00:00:00+00:00
user-0100,344,Khởi nghiệp,CONTRIBUTE,2025-12-17T02:00:00+00:00
user-0017,239,Giáo dục,SEARCH,2025-12-17T04:00:00+00:00
user-0113,591,Khởi nghiệp,VIEW,2025-12-17T06:00:00+00:00
user-0185,398,Văn hóa,VIEW,2025-12-17T08:00:00+00:00
user-0271,817,Y tế,VIEW,2025-12-17T10:00:00+00:00
user-0147,492,Giáo dục,SEARCH,2025-12-17T12:00:00+00:00
user-0009,417,Văn hóa,VIEW,2025-12-17T14:00:00+00:00
user-0217,272,Công nghệ,VIEW,2025-12-17T16:00:00+00:00
user-0208,302,Công nghệ,SEARCH,2025-12-17T18:00:00+00:00
user-0241,399,Văn hóa,VIEW,2025-12-17T20:00:00+00:00
user-0186,373,Khởi nghiệp,VIEW,2025-12-17T22:00:00+00:00
user-0285,563,Giáo dục,CONTRIBUTE,2025-12-18T00:00:00+00:00
user-0116,837,Khởi nghiệp,SEARCH,2025-12-18T02:00:00+00:00
user-0199,738,Môi trường,FOLLOW,2025-12-18T04:00:00+00:00
user-0161,858,Giáo dục,VIEW,2025-12-18T06:00:00+00:00
user-0215,884,Công nghệ,FOLLOW,2025-12-18T08:00:00+00:00
user-0145,240,Khởi nghiệp,SEARCH,2025-12-18T10:00:00+00:00
user-0013,764,Khởi nghiệp,VIEW,2025-12-18T12:00:00+00:00
user-0129,629,Khởi nghiệp,VIEW,2025-12-18T14:00:00+00:00
user-0172,278,Giáo dục,VIEW,2025-12-18T16:00:00+00:00
user-0082,586,Giáo dục,VIEW,2025-12-18T18:00:00+00:00
user-0211,97,Văn hóa,VIEW,2025-12-18T20:00:00+00:00
user-0016,220,Văn hóa,SEARCH,2025-12-18T22:00:00+00:00
user-0181,639,Công nghệ,VIEW,2025-12-19T00:00:00+00:00
user-0175,925,Văn hóa,CONTRIBUTE,2025-12-19T02:00:00+00:00
user-0013,260,Khởi nghiệp,VIEW,2025-12-19T04:00:00+00:00
user-0284,173,Môi trường,VIEW,2025-12-19T06:00:00+00:00
user-0191,520,Môi trường,SEARCH,2025-12-19T08:00:00+00:00
user-0292,729,Khởi nghiệp,VIEW,2025-12-19T10:00:00+00:00
user-0127,299,Y tế,VIEW,2025-12-19T12:00:00+00:00
user-0150,608,Công nghệ,CONTRIBUTE,2025-12-19T14:00:00+00:00
user-0062,435,Môi trường,FOLLOW,2025-12-19T16:00:00+00:00
user-0278,411,Môi trường,VIEW,2025-12-19T18:00:00+00:00
user-0057,189,Khởi nghiệp,VIEW,2025-12-19T20:00:00+00:00
user-0260,160,Văn hóa,FOLLOW,2025-12-19T22:00:00+00:00
user-0131,940,Môi trường,VIEW,2025-12-20T00:00:00+00:00
user-0282,472,Khởi nghiệp,VIEW,2025-12-20T02:00:00+00:00
user-0030,424,Y tế,SEARCH,2025-12-20T04:00:00+00:00
user-0067,38,Khởi nghiệp,VIEW,2025-12-20T06:00:00+00:00
user-0223,823,Công nghệ,SEARCH,2025-12-20T08:00:00+00:00
user-0227,716,Giáo dục,SEARCH,2025-12-20T10:00:00+00:00
user-0060,204,Văn hóa,SEARCH,2025-12-20T12:00:00+00:00
user-0037,305,Công nghệ,SEARCH,2025-12-20T14:00:00+00:00
user-0236,679,Văn hóa,SEARCH,2025-12-20T16:00:00+00:00
user-0018,182,Môi trường,VIEW,2025-12-20T18:00:00+00:00
user-0127,122,Y tế,FOLLOW,2025-12-20T20:00:00+00:00
user-0091,500,Công nghệ,SEARCH,2025-12-20T22:00:00+00:00
user-0243,268,Khởi nghiệp,SEARCH,2025-12-21T00:00:00+00:00
user-0270,600,Văn hóa,CONTRIBUTE,2025-12-21T02:00:00+00:00
user-0032,380,Văn hóa,FOLLOW,2025-12-21T04:00:00+00:00
user-0112,94,Công nghệ,VIEW,2025-12-21T06:00:00+00:00
user-0085,346,Giáo dục,VIEW,2025-12-21T08:00:00+00:00
user-0001,739,Công nghệ,VIEW,2025-12-21T10:00:00+00:00
user-0256,493,Văn hóa,VIEW,2025-12-21T12:00:00+00:00
user-0155,945,Khởi nghiệp,VIEW,2025-12-21T14:00:00+00:00
user-0002,417,Văn hóa,VIEW,2025-12-21T16:00:00+00:00
user-0107,943,Môi trường,SEARCH,2025-12-21T18:00:00+00:00
user-0117,19,Giáo dục,FOLLOW,2025-12-21T20:00:00+00:00
user-0255,287,Khởi nghiệp,VIEW,2025-12-21T22:00:00+00:00
user-0147,80,Giáo dục,FOLLOW,2025-12-22T00:00:00+00:00
user-0167,440,Y tế,VIEW,2025-12-22T02:00:00+00:00
user-0060,265,Khởi nghiệp,FOLLOW,2025-12-22T04:00:00+00:00
user-0091,276,Công nghệ,VIEW,2025-12-22T06:00:00+00:00
user-0296,979,Y tế,SEARCH,2025-12-22T08:00:00+00:00
user-0126,791,Văn hóa,SEARCH,2025-12-22T10:00:00+00:00
user-0260,790,Môi trường,VIEW,2025-12-22T12:00:00+00:00
user-0127,33,Y tế,VIEW,2025-12-22T14:00:00+00:00
user-0166,234,Công nghệ,SEARCH,2025-12-22T16:00:00+00:00
user-0085,727,Y tế,SEARCH,2025-12-22T18:00:00+00:00
user-0107,800,Môi trường,FOLLOW,2025-12-22T20:00:00+00:00
user-0209,770,Khởi nghiệp,FOLLOW,2025-12-22T22:00:00+00:00
user-0043,687,Văn hóa,VIEW,2025-12-23T00:00:00+00:00
user-0294,914,Môi trường,CONTRIBUTE,2025-12-23T02:00:00+00:00
user-0158,204,Văn hóa,SEARCH,2025-12-23T04:00:00+00:00
user-0198,36,Văn hóa,VIEW,2025-12-23T06:00:00+00:00
user-0105,691,Công nghệ,CONTRIBUTE,2025-12-23T08:00:00+00:00
user-0054,299,Y tế,VIEW,2025-12-23T10:00:00+00:00
user-0271,228,Môi trường,CONTRIBUTE,2025-12-23T12:00:00+00:00
user-0223,81,Giáo dục,VIEW,2025-12-23T14:00:00+00:00
user-0088,697,Công nghệ,FOLLOW,2025-12-23T16:00:00+00:00
user-0299,171,Giáo dục,VIEW,2025-12-23T18:00:00+00:00
user-0050,650,Văn hóa,VIEW,2025-12-23T20:00:00+00:00
user-0009,482,Văn hóa,SEARCH,2025-12-23T22:00:00+00:00
user-0062,268,Khởi nghiệp,VIEW,2025-12-24T00:00:00+00:00
user-0222,741,Giáo dục,VIEW,2025-12-24T02:00:00+00:00
user-0231,379,Công nghệ,VIEW,2025-12-24T04:00:00+00:00
user-0210,449,Môi trường,SEARCH,2025-12-24T06:00:00+00:00
user-0243,839,Y tế,VIEW,2025-12-24T08:00:00+00:00
user-0016,49,Giáo dục,VIEW,2025-12-24T10:00:00+00:00
user-0269,135,Văn hóa,SEARCH,2025-12-24T12:00:00+00:00
user-0090,543,Khởi nghiệp,SEARCH,2025-12-24T14:00:00+00:00
user-0285,210,Giáo dục,VIEW,2025-12-24T16:00:00+00:00
user-0038,839,Y tế,VIEW,2025-12-24T18:00:00+00:00
user-0234,928,Công nghệ,FOLLOW,2025-12-24T20:00:00+00:00
user-0131,742,Công nghệ,VIEW,2025-12-24T22:00:00+00:00
user-0157,16,Công nghệ,VIEW,2025-12-25T00:00:00+00:00
user-0006,80,Giáo dục,VIEW,2025-12-25T02:00:00+00:00
user-0151,509,Văn hóa,VIEW,2025-12-25T04:00:00+00:00
user-0142,156,Khởi nghiệp,FOLLOW,2025-12-25T06:00:00+00:00
user-0015,865,Công nghệ,SEARCH,2025-12-25T08:00:00+00:00
user-0069,450,Công nghệ,VIEW,2025-12-25T10:00:00+00:00
user-0081,232,Y tế,CONTRIBUTE,2025-12-25T12:00:00+00:00
user-0116,151,Khởi nghiệp,SEARCH,2025-12-25T14:00:00+00:00
user-0144,40,Khởi nghiệp,VIEW,2025-12-25T16:00:00+00:00
user-0244,93,Môi trường,VIEW,2025-12-25T18:00:00+00:00
user-0167,33,Y tế,SEARCH,2025-12-25T20:00:00+00:00
user-0032,730,Văn hóa,SEARCH,2025-12-25T22:00:00+00:00
user-0158,976,Giáo dục,CONTRIBUTE,2025-12-26T00:00:00+00:00
user-0283,570,Giáo dục,VIEW,2025-12-26T02:00:00+00:00
user-0226,413,Y tế,VIEW,2025-12-26T04:00:00+00:00
user-0154,28,Môi trường,VIEW,2025-12-26T06:00:00+00:00
user-0136,150,Văn hóa,SEARCH,2025-12-26T08:00:00+00:00
user-0032,245,Công nghệ,VIEW,2025-12-26T10:00:00+00:00
user-0035,909,Môi trường,VIEW,2025-12-26T12:00:00+00:00
user-0253,661,Giáo dục,FOLLOW,2025-12-26T14:00:00+00:00
user-0272,849,Công nghệ,SEARCH,2025-12-26T16:00:00+00:00
user-0257,847,Giáo dục,FOLLOW,2025-12-26T18:00:00+00:00
user-0081,398,Văn hóa,SEARCH,2025-12-26T20:00:00+00:00
user-0063,67,Môi trường,CONTRIBUTE,2025-12-26T22:00:00+00:00
user-0134,695,Môi trường,SEARCH,2025-12-27T00:00:00+00:00
user-0118,146,Khởi nghiệp,VIEW,2025-12-27T02:00:00+00:00
user-0020,893,Giáo dục,VIEW,2025-12-27T04:00:00+00:00
user-0015,947,Công nghệ,FOLLOW,2025-12-27T06:00:00+00:00
user-0085,678,Y tế,VIEW,2025-12-27T08:00:00+00:00
user-0123,642,Công nghệ,SEARCH,2025-12-27T10:00:00+00:00
user-0169,482,Văn hóa,FOLLOW,2025-12-27T12:00:00+00:00
user-0185,720,Văn hóa,VIEW,2025-12-27T14:00:00+00:00
user-0242,879,Văn hóa,CONTRIBUTE,2025-12-27T16:00:00+00:00
user-0088,43,Công nghệ,VIEW,2025-12-27T18:00:00+00:00
user-0120,473,Công nghệ,VIEW,2025-12-27T20:00:00+00:00
user-0261,819,Môi trường,FOLLOW,2025-12-27T22:00:00+00:00
user-0168,479,Khởi nghiệp,VIEW,2025-12-28T00:00:00+00:00
user-0044,351,Công nghệ,SEARCH,2025-12-28T02:00:00+00:00
user-0023,461,Môi trường,SEARCH,2025-12-28T04:00:00+00:00
user-0151,451,Văn hóa,CONTRIBUTE,2025-12-28T06:00:00+00:00
user-0103,706,Công nghệ,FOLLOW,2025-12-28T08:00:00+00:00
user-0104,861,Giáo dục,SEARCH,2025-12-28T10:00:00+00:00
user-0297,918,Khởi nghiệp,SEARCH,2025-12-28T12:00:00+00:00
user-0185,738,Môi trường,VIEW,2025-12-28T14:00:00+00:00
user-0175,40,Khởi nghiệp,SEARCH,2025-12-28T16:00:00+00:00
user-0017,847,Giáo dục,FOLLOW,2025-12-28T18:00:00+00:00
user-0029,566,Y tế,FOLLOW,2025-12-28T20:00:00+00:00
user-0034,944,Môi trường,VIEW,2025-12-28T22:00:00+00:00
user-0237,410,Giáo dục,VIEW,2025-12-29T00:00:00+00:00
user-0083,704,Y tế,SEARCH,2025-12-29T02:00:00+00:00
user-0297,117,Môi trường,VIEW,2025-12-29T04:00:00+00:00
user-0276,424,Y tế,FOLLOW,2025-12-29T06:00:00+00:00
user-0113,114,Khởi nghiệp,VIEW,2025-12-29T08:00:00+00:00
user-0094,554,Công nghệ,VIEW,2025-12-29T10:00:00+00:00
user-0176,214,Công nghệ,VIEW,2025-12-29T12:00:00+00:00
user-0170,974,Khởi nghiệp,CONTRIBUTE,2025-12-29T14:00:00+00:00
user-0172,177,Giáo dục,FOLLOW,2025-12-29T16:00:00+00:00
user-0086,703,Công nghệ,VIEW,2025-12-29T18:00:00+00:00
user-0264,302,Công nghệ,FOLLOW,2025-12-29T20:00:00+00:00
user-0125,751,Y tế,SEARCH,2025-12-29T22:00:00+00:00
user-0021,337,Y tế,SEARCH,2025-12-30T00:00:00+00:00
user-0259,46,Y tế,VIEW,2025-12-30T02:00:00+00:00
user-0113,872,Y tế,VIEW,2025-12-30T04:00:00+00:00
user-0075,901,Văn hóa,VIEW,2025-12-30T06:00:00+00:00
user-0087,682,Môi trường,SEARCH,2025-12-30T08:00:00+00:00
user-0134,431,Văn hóa,VIEW,2025-12-30T10:00:00+00:00
user-0220,321,Môi trường,VIEW,2025-12-30T12:00:00+00:00
user-0181,989,Giáo dục,VIEW,2025-12-30T14:00:00+00:00
user-0190,277,Văn hóa,SEARCH,2025-12-30T16:00:00+00:00
user-0271,441,Y tế,SEARCH,2025-12-30T18:00:00+00:00
user-0202,108,Giáo dục,SEARCH,2025-12-30T20:00:00+00:00
user-0148,135,Văn hóa,VIEW,2025-12-30T22:00:00+00:00
user-0105,636,Công nghệ,VIEW,2025-12-31T00:00:00+00:00
user-0028,55,Công nghệ,SEARCH,2025-12-31T02:00:00+00:00
user-0103,774,Khởi nghiệp,CONTRIBUTE,2025-12-31T04:00:00+00:00
user-0052,883,Khởi nghiệp,SEARCH,2025-12-31T06:00:00+00:00
user-0274,449,Môi trường,SEARCH,2025-12-31T08:00:00+00:00
user-0052,514,Công nghệ,VIEW,2025-12-31T10:00:00+00:00
user-0010,23,Giáo dục,VIEW,2025-12-31T12:00:00+00:00
user-0283,821,Khởi nghiệp,VIEW,2025-12-31T14:00:00+00:00
user-0180,214,Công nghệ,VIEW,2025-12-31T16:00:00+00:00
user-0114,70,Công nghệ,VIEW,2025-12-31T18:00:00+00:00
user-0131,545,Môi trường,VIEW,2025-12-31T20:00:00+00:00
user-0127,954,Y tế,VIEW,2025-12-31T22:00:00+00:00
user-0038,740,Y tế,SEARCH,2026-01-01T00:00:00+00:00
user-0237,30,Giáo dục,VIEW,2026-01-01T02:00:00+00:00
user-0220,905,Môi trường,VIEW,2026-01-01T04:00:00+00:00
user-0095,62,Công nghệ,VIEW,2026-01-01T06:00:00+00:00
user-0124,339,Công nghệ,VIEW,2026-01-01T08:00:00+00:00
user-0029,266,Môi trường,SEARCH,2026-01-01T10:00:00+00:00
user-0178,171,Giáo dục,CONTRIBUTE,2026-01-01T12:00:00+00:00
user-0041,564,Công nghệ,VIEW,2026-01-01T14:00:00+00:00
user-0207,548,Giáo dục,CONTRIBUTE,2026-01-01T16:00:00+00:00
user-0239,653,Văn hóa,FOLLOW,2026-01-01T18:00:00+00:00
user-0103,162,Khởi nghiệp,FOLLOW,2026-01-01T20:00:00+00:00
user-0016,462,Môi trường,CONTRIBUTE,2026-01-01T22:00:00+00:00
user-0270,484,Văn hóa,SEARCH,2026-01-02T00:00:00+00:00
user-0280,769,Văn hóa,VIEW,2026-01-02T02:00:00+00:00
user-0070,162,Khởi nghiệp,FOLLOW,2026-01-02T04:00:00+00:00
user-0030,508,Giáo dục,FOLLOW,2026-01-02T06:00:00+00:00
user-0207,657,Công nghệ,VIEW,2026-01-02T08:00:00+00:00
user-0256,274,Khởi nghiệp,VIEW,2026-01-02T10:00:00+00:00
user-0271,903,Môi trường,FOLLOW,2026-01-02T12:00:00+00:00
user-0288,416,Khởi nghiệp,SEARCH,2026-01-02T14:00:00+00:00
user-0077,100,Công nghệ,VIEW,2026-01-02T16:00:00+00:00
user-0219,409,Văn hóa,SEARCH,2026-01-02T18:00:00+00:00
user-0241,640,Văn hóa,FOLLOW,2026-01-02T20:00:00+00:00
user-0182,414,Khởi nghiệp,SEARCH,2026-01-02T22:00:00+00:00
user-0288,694,Văn hóa,SEARCH,2026-01-03T00:00:00+00:00
user-0164,800,Môi trường,VIEW,2026-01-03T02:00:00+00:00
user-0195,910,Giáo dục,VIEW,2026-01-03T04:00:00+00:00
user-0050,256,Khởi nghiệp,CONTRIBUTE,2026-01-03T06:00:00+00:00
user-0147,864,Giáo dục,FOLLOW,2026-01-03T08:00:00+00:00
user-0011,573,Môi trường,VIEW,2026-01-03T10:00:00+00:00
user-0206,685,Văn hóa,SEARCH,2026-01-03T12:00:00+00:00
user-0069,952,Khởi nghiệp,SEARCH,2026-01-03T14:00:00+00:00
user-0080,790,Môi trường,VIEW,2026-01-03T16:00:00+00:00
user-0184,343,Khởi nghiệp,VIEW,2026-01-03T18:00:00+00:00
user-0283,91,Giáo dục,VIEW,2026-01-03T20:00:00+00:00
user-0141,39,Văn hóa,FOLLOW,2026-01-03T22:00:00+00:00
user-0136,348,Giáo dục,CONTRIBUTE,2026-01-04T00:00:00+00:00
user-0067,144,Y tế,VIEW,2026-01-04T02:00:00+00:00
user-0015,296,Môi trường,VIEW,2026-01-04T04:00:00+00:00
user-0113,163,Khởi nghiệp,VIEW,2026-01-04T06:00:00+00:00
user-0072,855,Môi trường,SEARCH,2026-01-04T08:00:00+00:00
user-0173,947,Công nghệ,SEARCH,2026-01-04T10:00:00+00:00
user-0075,553,Văn hóa,SEARCH,2026-01-04T12:00:00+00:00
user-0227,327,Văn hóa,SEARCH,2026-01-04T14:00:00+00:00
user-0028,287,Khởi nghiệp,VIEW,2026-01-04T16:00:00+00:00
user-0097,856,Giáo dục,FOLLOW,2026-01-04T18:00:00+00:00
user-0295,612,Văn hóa,VIEW,2026-01-04T20:00:00+00:00
user-0109,798,Công nghệ,VIEW,2026-01-04T22:00:00+00:00
user-0022,576,Công nghệ,SEARCH,2026-01-05T00:00:00+00:00
user-0237,295,Y tế,VIEW,2026-01-05T02:00:00+00:00
user-0039,994,Công nghệ,VIEW,2026-01-05T04:00:00+00:00
user-0057,335,Y tế,VIEW,2026-01-05T06:00:00+00:00
user-0067,731,Khởi nghiệp,FOLLOW,2026-01-05T08:00:00+00:00
user-0088,797,Y tế,FOLLOW,2026-01-05T10:00:00+00:00
user-0209,643,Khởi nghiệp,FOLLOW,2026-01-05T12:00:00+00:00
user-0245,537,Môi trường,VIEW,2026-01-05T14:00:00+00:00
user-0083,203,Y tế,VIEW,2026-01-05T16:00:00+00:00
user-0105,102,Giáo dục,SEARCH,2026-01-05T18:00:00+00:00
user-0292,683,Công nghệ,CONTRIBUTE,2026-01-05T20:00:00+00:00
user-0070,246,Khởi nghiệp,FOLLOW,2026-01-05T22:00:00+00:00
user-0072,820,Khởi nghiệp,VIEW,2026-01-06T00:00:00+00:00
user-0148,459,Y tế,VIEW,2026-01-06T02:00:00+00:00
user-0162,756,Văn hóa,VIEW,2026-01-06T04:00:00+00:00
user-0235,611,Văn hóa,VIEW,2026-01-06T06:00:00+00:00
user-0243,662,Y tế,VIEW,2026-01-06T08:00:00+00:00
user-0290,151,Khởi nghiệp,VIEW,2026-01-06T10:00:00+00:00
user-0068,453,Y tế,CONTRIBUTE,2026-01-06T12:00:00+00:00
user-0182,825,Y tế,FOLLOW,2026-01-06T14:00:00+00:00
user-0246,414,Khởi nghiệp,VIEW,2026-01-06T16:00:00+00:00
user-0226,64,Y tế,VIEW,2026-01-06T18:00:00+00:00
user-0234,455,Y tế,VIEW,2026-01-06T20:00:00+00:00
user-0184,770,Khởi nghiệp,SEARCH,2026-01-06T22:00:00+00:00
user-0218,29,Văn hóa,VIEW,2026-01-07T00:00:00+00:00
user-0136,830,Văn hóa,VIEW,2026-01-07T02:00:00+00:00
user-0111,677,Y tế,VIEW,2026-01-07T04:00:00+00:00
user-0154,859,Môi trường,VIEW,2026-01-07T06:00:00+00:00
user-0020,477,Văn hóa,VIEW,2026-01-07T08:00:00+00:00
user-0064,419,Môi trường,CONTRIBUTE,2026-01-07T10:00:00+00:00
user-0114,867,Công nghệ,VIEW,2026-01-07T12:00:00+00:00
user-0226,353,Y tế,VIEW,2026-01-07T14:00:00+00:00
user-0222,916,Giáo dục,VIEW,2026-01-07T16:00:00+00:00
user-0132,927,Y tế,FOLLOW,2026-01-07T18:00:00+00:00
user-0224,460,Môi trường,VIEW,2026-01-07T20:00:00+00:00
user-0213,543,Khởi nghiệp,SEARCH,2026-01-07T22:00:00+00:00
user-0016,466,Môi trường,VIEW,2026-01-08T00:00:00+00:00
user-0112,432,Văn hóa,VIEW,2026-01-08T02:00:00+00:00
user-0287,209,Khởi nghiệp,VIEW,2026-01-08T04:00:00+00:00
user-0176,695,Môi trường,VIEW,2026-01-08T06:00:00+00:00
user-0141,982,Khởi nghiệp,VIEW,2026-01-08T08:00:00+00:00
user-0249,266,Môi trường,FOLLOW,2026-01-08T10:00:00+00:00
user-0032,327,Văn hóa,SEARCH,2026-01-08T12:00:00+00:00
user-0215,166,Công nghệ,VIEW,2026-01-08T14:00:00+00:00
user-0036,65,Văn hóa,VIEW,2026-01-08T16:00:00+00:00
user-0101,72,Giáo dục,SEARCH,2026-01-08T18:00:00+00:00
user-0276,828,Văn hóa,VIEW,2026-01-08T20:00:00+00:00
user-0029,337,Y tế,CONTRIBUTE,2026-01-08T22:00:00+00:00
user-0277,680,Khởi nghiệp,FOLLOW,2026-01-09T00:00:00+00:00
user-0060,737,Văn hóa,VIEW,2026-01-09T02:00:00+00:00
user-0198,399,Văn hóa,VIEW,2026-01-09T04:00:00+00:00
user-0262,732,Công nghệ,VIEW,2026-01-09T06:00:00+00:00
user-0169,42,Giáo dục,VIEW,2026-01-09T08:00:00+00:00
user-0265,83,Y tế,VIEW,2026-01-09T10:00:00+00:00
user-0004,76,Công nghệ,VIEW,2026-01-09T12:00:00+00:00
user-0294,953,Môi trường,VIEW,2026-01-09T14:00:00+00:00
user-0215,119,Công nghệ,VIEW,2026-01-09T16:00:00+00:00
user-0014,539,Môi trường,VIEW,2026-01-09T18:00:00+00:00
user-0142,12,Văn hóa,FOLLOW,2026-01-09T20:00:00+00:00
user-0001,665,Giáo dục,VIEW,2026-01-09T22:00:00+00:00
user-0243,268,Khởi nghiệp,VIEW,2026-01-10T00:00:00+00:00
user-0031,80,Giáo dục,VIEW,2026-01-10T02:00:00+00:00
user-0276,29,Văn hóa,VIEW,2026-01-10T04:00:00+00:00
user-0185,154,Văn hóa,VIEW,2026-01-10T06:00:00+00:00
user-0128,594,Môi trường,SEARCH,2026-01-10T08:00:00+00:00
user-0023,411,Môi trường,VIEW,2026-01-10T10:00:00+00:00
user-0150,484,Văn hóa,FOLLOW,2026-01-10T12:00:00+00:00
user-0174,822,Môi trường,SEARCH,2026-01-10T14:00:00+00:00
user-0151,714,Công nghệ,FOLLOW,2026-01-10T16:00:00+00:00
user-0214,246,Khởi nghiệp,SEARCH,2026-01-10T18:00:00+00:00
user-0001,334,Giáo dục,VIEW,2026-01-10T20:00:00+00:00
user-0118,451,Văn hóa,SEARCH,2026-01-10T22:00:00+00:00
user-0082,718,Công nghệ,FOLLOW,2026-01-11T00:00:00+00:00
user-0182,36,Văn hóa,VIEW,2026-01-11T02:00:00+00:00
user-0132,45,Khởi nghiệp,SEARCH,2026-01-11T04:00:00+00:00
user-0171,984,Công nghệ,VIEW,2026-01-11T06:00:00+00:00
user-0083,984,Công nghệ,FOLLOW,2026-01-11T08:00:00+00:00
user-0118,88,Khởi nghiệp,SEARCH,2026-01-11T10:00:00+00:00
user-0070,828,Văn hóa,FOLLOW,2026-01-11T12:00:00+00:00
user-0011,395,Giáo dục,FOLLOW,2026-01-11T14:00:00+00:00
user-0162,830,Văn hóa,SEARCH,2026-01-11T16:00:00+00:00
user-0113,591,Khởi nghiệp,SEARCH,2026-01-11T18:00:00+00:00
user-0042,429,Khởi nghiệp,SEARCH,2026-01-11T20:00:00+00:00
user-0242,715,Văn hóa,VIEW,2026-01-11T22:00:00+00:00
user-0066,312,Văn hóa,VIEW,2026-01-12T00:00:00+00:00
user-0197,784,Y tế,SEARCH,2026-01-12T02:00:00+00:00
user-0004,298,Văn hóa,VIEW,2026-01-12T04:00:00+00:00
user-0254,856,Giáo dục,FOLLOW,2026-01-12T06:00:00+00:00
user-0275,196,Công nghệ,CONTRIBUTE,2026-01-12T08:00:00+00:00
user-0087,525,Giáo dục,SEARCH,2026-01-12T10:00:00+00:00
user-0283,194,Môi trường,SEARCH,2026-01-12T12:00:00+00:00
user-0211,828,Văn hóa,VIEW,2026-01-12T14:00:00+00:00
user-0047,316,Văn hóa,VIEW,2026-01-12T16:00:00+00:00
user-0025,468,Giáo dục,SEARCH,2026-01-12T18:00:00+00:00
user-0019,736,Môi trường,VIEW,2026-01-12T20:00:00+00:00
user-0066,643,Khởi nghiệp,FOLLOW,2026-01-12T22:00:00+00:00
user-0265,963,Khởi nghiệp,VIEW,2026-01-13T00:00:00+00:00
user-0203,535,Môi trường,VIEW,2026-01-13T02:00:00+00:00
user-0081,289,Văn hóa,SEARCH,2026-01-13T04:00:00+00:00
user-0263,374,Y tế,SEARCH,2026-01-13T06:00:00+00:00
user-0095,617,Y tế,VIEW,2026-01-13T08:00:00+00:00
user-0291,806,Y tế,VIEW,2026-01-13T10:00:00+00:00
user-0230,392,Giáo dục,VIEW,2026-01-13T12:00:00+00:00
user-0084,974,Khởi nghiệp,FOLLOW,2026-01-13T14:00:00+00:00
user-0239,306,Môi trường,SEARCH,2026-01-13T16:00:00+00:00
user-0009,934,Văn hóa,SEARCH,2026-01-13T18:00:00+00:00
user-0005,349,Y tế,VIEW,2026-01-13T20:00:00+00:00
user-0220,110,Văn hóa,FOLLOW,2026-01-13T22:00:00+00:00
user-0294,690,Môi trường,SEARCH,2026-01-14T00:00:00+00:00
user-0211,170,Giáo dục,VIEW,2026-01-14T02:00:00+00:00
user-0145,40,Khởi nghiệp,FOLLOW,2026-01-14T04:00:00+00:00
user-0241,140,Văn hóa,VIEW,2026-01-14T06:00:00+00:00
user-0226,672,Y tế,VIEW,2026-01-14T08:00:00+00:00
user-0078,134,Công nghệ,SEARCH,2026-01-14T10:00:00+00:00
user-0286,368,Giáo dục,VIEW,2026-01-14T12:00:00+00:00
user-0160,579,Văn hóa,FOLLOW,2026-01-14T14:00:00+00:00
user-0107,695,Môi trường,VIEW,2026-01-14T16:00:00+00:00
user-0280,842,Khởi nghiệp,VIEW,2026-01-14T18:00:00+00:00
user-0227,937,Môi trường,VIEW,2026-01-14T20:00:00+00:00
user-0292,383,Y tế,FOLLOW,2026-01-14T22:00:00+00:00
user-0188,389,Khởi nghiệp,SEARCH,2026-01-15T00:00:00+00:00
user-0086,415,Văn hóa,SEARCH,2026-01-15T02:00:00+00:00
user-0037,870,Công nghệ,SEARCH,2026-01-15T04:00:00+00:00
user-0256,873,Văn hóa,VIEW,2026-01-15T06:00:00+00:00
user-0155,561,Khởi nghiệp,SEARCH,2026-01-15T08:00:00+00:00
user-0244,390,Môi trường,VIEW,2026-01-15T10:00:00+00:00
user-0249,77,Y tế,FOLLOW,2026-01-15T12:00:00+00:00
user-0267,599,Khởi nghiệp,SEARCH,2026-01-15T14:00:00+00:00
user-0157,697,Công nghệ,VIEW,2026-01-15T16:00:00+00:00
user-0134,35,Văn hóa,VIEW,2026-01-15T18:00:00+00:00
user-0026,528,Công nghệ,VIEW,2026-01-15T20:00:00+00:00
user-0046,575,Môi trường,VIEW,2026-01-15T22:00:00+00:00
user-0210,859,Môi trường,VIEW,2026-01-16T00:00:00+00:00
user-0290,788,Y tế,SEARCH,2026-01-16T02:00:00+00:00
user-0273,660,Công nghệ,SEARCH,2026-01-16T04:00:00+00:00
user-0195,901,Văn hóa,SEARCH,2026-01-16T06:00:00+00:00
user-0249,431,Văn hóa,VIEW,2026-01-16T08:00:00+00:00
user-0225,727,Y tế,CONTRIBUTE,2026-01-16T10:00:00+00:00
user-0004,978,Công nghệ,SEARCH,2026-01-16T12:00:00+00:00
user-0102,273,Văn hóa,FOLLOW,2026-01-16T14:00:00+00:00
user-0134,36,Văn hóa,SEARCH,2026-01-16T16:00:00+00:00
user-0190,237,Y tế,VIEW,2026-01-16T18:00:00+00:00
user-0145,881,Khởi nghiệp,SEARCH,2026-01-16T20:00:00+00:00
user-0033,463,Y tế,SEARCH,2026-01-16T22:00:00+00:00
user-0009,432,Văn hóa,SEARCH,2026-01-17T00:00:00+00:00
user-0202,221,Giáo dục,VIEW,2026-01-17T02:00:00+00:00
user-0154,520,Môi trường,VIEW,2026-01-17T04:00:00+00:00
user-0298,997,Y tế,SEARCH,2026-01-17T06:00:00+00:00
user-0253,862,Giáo dục,VIEW,2026-01-17T08:00:00+00:00
user-0118,534,Khởi nghiệp,VIEW,2026-01-17T10:00:00+00:00
user-0286,574,Môi trường,FOLLOW,2026-01-17T12:00:00+00:00
user-0133,157,Môi trường,CONTRIBUTE,2026-01-17T14:00:00+00:00
user-0134,682,Môi trường,VIEW,2026-01-17T16:00:00+00:00
user-0150,764,Khởi nghiệp,SEARCH,2026-01-17T18:00:00+00:00
user-0282,646,Khởi nghiệp,CONTRIBUTE,2026-01-17T20:00:00+00:00
user-0109,950,Văn hóa,VIEW,2026-01-17T22:00:00+00:00
user-0251,836,Giáo dục,FOLLOW,2026-01-18T00:00:00+00:00
user-0134,690,Môi trường,VIEW,2026-01-18T02:00:00+00:00
user-0288,976,Giáo dục,SEARCH,2026-01-18T04:00:00+00:00
user-0286,142,Giáo dục,VIEW,2026-01-18T06:00:00+00:00
user-0084,841,Khởi nghiệp,VIEW,2026-01-18T08:00:00+00:00
user-0099,954,Y tế,SEARCH,2026-01-18T10:00:00+00:00
user-0143,217,Giáo dục,SEARCH,2026-01-18T12:00:00+00:00
user-0134,535,Môi trường,VIEW,2026-01-18T14:00:00+00:00
user-0202,377,Môi trường,SEARCH,2026-01-18T16:00:00+00:00
user-0188,553,Văn hóa,SEARCH,2026-01-18T18:00:00+00:00
user-0124,88,Khởi nghiệp,VIEW,2026-01-18T20:00:00+00:00
user-0007,822,Môi trường,VIEW,2026-01-18T22:00:00+00:00
user-0048,863,Công nghệ,VIEW,2026-01-19T00:00:00+00:00
user-0212,402,Công nghệ,CONTRIBUTE,2026-01-19T02:00:00+00:00
user-0036,97,Văn hóa,VIEW,2026-01-19T04:00:00+00:00
user-0026,101,Môi trường,VIEW,2026-01-19T06:00:00+00:00
user-0061,285,Giáo dục,VIEW,2026-01-19T08:00:00+00:00
user-0069,774,Khởi nghiệp,VIEW,2026-01-19T10:00:00+00:00
user-0209,261,Khởi nghiệp,VIEW,2026-01-19T12:00:00+00:00
user-0111,536,Công nghệ,CONTRIBUTE,2026-01-19T14:00:00+00:00
user-0244,759,Môi trường,SEARCH,2026-01-19T16:00:00+00:00
user-0166,286,Công nghệ,VIEW,2026-01-19T18:00:00+00:00
user-0079,997,Y tế,VIEW,2026-01-19T20:00:00+00:00
user-0238,241,Khởi nghiệp,VIEW,2026-01-19T22:00:00+00:00
user-0120,247,Văn hóa,VIEW,2026-01-20T00:00:00+00:00
user-0181,497,Văn hóa,FOLLOW,2026-01-20T02:00:00+00:00
user-0164,609,Y tế,FOLLOW,2026-01-20T04:00:00+00:00
user-0050,303,Khởi nghiệp,SEARCH,2026-01-20T06:00:00+00:00
user-0065,548,Giáo dục,VIEW,2026-01-20T08:00:00+00:00
user-0002,157,Môi trường,VIEW,2026-01-20T10:00:00+00:00
user-0206,538,Giáo dục,VIEW,2026-01-20T12:00:00+00:00
user-0252,804,Y tế,VIEW,2026-01-20T14:00:00+00:00
user-0288,464,Công nghệ,FOLLOW,2026-01-20T16:00:00+00:00
user-0228,8,Văn hóa,SEARCH,2026-01-20T18:00:00+00:00
user-0186,382,Môi trường,SEARCH,2026-01-20T20:00:00+00:00
user-0210,17,Môi trường,VIEW,2026-01-20T22:00:00+00:00
user-0118,880,Môi trường,VIEW,2026-01-21T00:00:00+00:00
user-0206,972,Môi trường,VIEW,2026-01-21T02:00:00+00:00
user-0286,711,Giáo dục,SEARCH,2026-01-21T04:00:00+00:00
user-0172,108,Giáo dục,VIEW,2026-01-21T06:00:00+00:00
user-0221,561,Khởi nghiệp,CONTRIBUTE,2026-01-21T08:00:00+00:00
user-0212,809,Y tế,CONTRIBUTE,2026-01-21T10:00:00+00:00
user-0228,965,Văn hóa,CONTRIBUTE,2026-01-21T12:00:00+00:00
user-0143,545,Môi trường,FOLLOW,2026-01-21T14:00:00+00:00
user-0098,86,Văn hóa,VIEW,2026-01-21T16:00:00+00:00
user-0129,361,Khởi nghiệp,SEARCH,2026-01-21T18:00:00+00:00
user-0288,241,Khởi nghiệp,FOLLOW,2026-01-21T20:00:00+00:00
user-0208,251,Văn hóa,SEARCH,2026-01-21T22:00:00+00:00
user-0113,300,Y tế,FOLLOW,2026-01-22T00:00:00+00:00
user-0148,652,Y tế,SEARCH,2026-01-22T02:00:00+00:00
user-0133,549,Môi trường,SEARCH,2026-01-22T04:00:00+00:00
user-0095,142,Giáo dục,SEARCH,2026-01-22T06:00:00+00:00
user-0014,566,Y tế,FOLLOW,2026-01-22T08:00:00+00:00
user-0177,826,Công nghệ,VIEW,2026-01-22T10:00:00+00:00
user-0198,523,Văn hóa,VIEW,2026-01-22T12:00:00+00:00
user-0094,202,Công nghệ,SEARCH,2026-01-22T14:00:00+00:00
user-0134,698,Môi trường,CONTRIBUTE,2026-01-22T16:00:00+00:00
user-0274,691,Công nghệ,VIEW,2026-01-22T18:00:00+00:00
user-0082,3,Công nghệ,FOLLOW,2026-01-22T20:00:00+00:00
user-0080,92,Môi trường,FOLLOW,2026-01-22T22:00:00+00:00
user-0299,519,Công nghệ,VIEW,2026-01-23T00:00:00+00:00
user-0259,598,Văn hóa,VIEW,2026-01-23T02:00:00+00:00
user-0030,608,Công nghệ,FOLLOW,2026-01-23T04:00:00+00:00
user-0078,378,Y tế,SEARCH,2026-01-23T06:00:00+00:00
user-0080,679,Văn hóa,SEARCH,2026-01-23T08:00:00+00:00
user-0166,526,Văn hóa,FOLLOW,2026-01-23T10:00:00+00:00
user-0085,641,Công nghệ,VIEW,2026-01-23T12:00:00+00:00
user-0091,106,Văn hóa,VIEW,2026-01-23T14:00:00+00:00
user-0122,458,Môi trường,SEARCH,2026-01-23T16:00:00+00:00
user-0011,673,Công nghệ,SEARCH,2026-01-23T18:00:00+00:00
user-0124,12,Văn hóa,VIEW,2026-01-23T20:00:00+00:00
user-0069,472,Khởi nghiệp,VIEW,2026-01-23T22:00:00+00:00
user-0259,929,Y tế,VIEW,2026-01-24T00:00:00+00:00
user-0243,729,Khởi nghiệp,SEARCH,2026-01-24T02:00:00+00:00
user-0272,814,Công nghệ,SEARCH,2026-01-24T04:00:00+00:00
user-0242,118,Văn hóa,SEARCH,2026-01-24T06:00:00+00:00
user-0292,815,Y tế,FOLLOW,2026-01-24T08:00:00+00:00
user-0094,991,Công nghệ,FOLLOW,2026-01-24T10:00:00+00:00
user-0098,299,Y tế,FOLLOW,2026-01-24T12:00:00+00:00
user-0071,352,Khởi nghiệp,VIEW,2026-01-24T14:00:00+00:00
user-0034,682,Môi trường,VIEW,2026-01-24T16:00:00+00:00
user-0148,998,Văn hóa,VIEW,2026-01-24T18:00:00+00:00
user-0180,238,Môi trường,FOLLOW,2026-01-24T20:00:00+00:00
user-0083,203,Y tế,SEARCH,2026-01-24T22:00:00+00:00
user-0001,570,Giáo dục,FOLLOW,2026-01-25T00:00:00+00:00
user-0274,678,Y tế,VIEW,2026-01-25T02:00:00+00:00
user-0204,533,Văn hóa,SEARCH,2026-01-25T04:00:00+00:00
user-0010,275,Môi trường,VIEW,2026-01-25T06:00:00+00:00
user-0264,940,Môi trường,VIEW,2026-01-25T08:00:00+00:00
user-0116,821,Khởi nghiệp,SEARCH,2026-01-25T10:00:00+00:00
user-0112,985,Y tế,VIEW,2026-01-25T12:00:00+00:00
user-0204,682,Môi trường,SEARCH,2026-01-25T14:00:00+00:00
user-0074,618,Công nghệ,VIEW,2026-01-25T16:00:00+00:00
user-0198,11,Văn hóa,VIEW,2026-01-25T18:00:00+00:00
user-0148,798,Công nghệ,SEARCH,2026-01-25T20:00:00+00:00
user-0063,368,Giáo dục,VIEW,2026-01-25T22:00:00+00:00
user-0282,780,Môi trường,VIEW,2026-01-26T00:00:00+00:00
user-0019,720,Văn hóa,SEARCH,2026-01-26T02:00:00+00:00
user-0292,196,Công nghệ,FOLLOW,2026-01-26T04:00:00+00:00
user-0062,818,Môi trường,SEARCH,2026-01-26T06:00:00+00:00
user-0102,529,Giáo dục,SEARCH,2026-01-26T08:00:00+00:00
user-0056,389,Khởi nghiệp,FOLLOW,2026-01-26T10:00:00+00:00
user-0182,257,Công nghệ,VIEW,2026-01-26T12:00:00+00:00
user-0094,397,Công nghệ,SEARCH,2026-01-26T14:00:00+00:00
user-0292,250,Công nghệ,VIEW,2026-01-26T16:00:00+00:00
user-0147,860,Văn hóa,VIEW,2026-01-26T18:00:00+00:00
user-0284,168,Giáo dục,VIEW,2026-01-26T20:00:00+00:00
user-0203,266,Môi trường,SEARCH,2026-01-26T22:00:00+00:00
user-0157,932,Công nghệ,VIEW,2026-01-27T00:00:00+00:00
user-0022,297,Văn hóa,SEARCH,2026-01-27T02:00:00+00:00
user-0069,988,Khởi nghiệp,VIEW,2026-01-27T04:00:00+00:00
user-0106,361,Khởi nghiệp,CONTRIBUTE,2026-01-27T06:00:00+00:00
user-0059,685,Văn hóa,VIEW,2026-01-27T08:00:00+00:00
user-0242,71,Giáo dục,FOLLOW,2026-01-27T10:00:00+00:00
user-0143,51,Giáo dục,VIEW,2026-01-27T12:00:00+00:00
user-0282,596,Khởi nghiệp,FOLLOW,2026-01-27T14:00:00+00:00
user-0160,717,Văn hóa,VIEW,2026-01-27T16:00:00+00:00
user-0199,800,Môi trường,VIEW,2026-01-27T18:00:00+00:00
user-0020,640,Văn hóa,SEARCH,2026-01-27T20:00:00+00:00
user-0032,374,Y tế,VIEW,2026-01-27T22:00:00+00:00
user-0243,496,Khởi nghiệp,VIEW,2026-01-28T00:00:00+00:00
user-0091,493,Văn hóa,CONTRIBUTE,2026-01-28T02:00:00+00:00
user-0204,829,Khởi nghiệp,FOLLOW,2026-01-28T04:00:00+00:00
user-0006,824,Giáo dục,SEARCH,2026-01-28T06:00:00+00:00
user-0073,859,Môi trường,SEARCH,2026-01-28T08:00:00+00:00
user-0122,108,Giáo dục,VIEW,2026-01-28T10:00:00+00:00
user-0220,123,Môi trường,SEARCH,2026-01-28T12:00:00+00:00
user-0190,917,Y tế,FOLLOW,2026-01-28T14:00:00+00:00
user-0174,953,Môi trường,VIEW,2026-01-28T16:00:00+00:00
user-0265,654,Khởi nghiệp,FOLLOW,2026-01-28T18:00:00+00:00
user-0081,720,Văn hóa,FOLLOW,2026-01-28T20:00:00+00:00
user-0184,635,Giáo dục,SEARCH,2026-01-28T22:00:00+00:00
user-0284,759,Môi trường,SEARCH,2026-01-29T00:00:00+00:00
user-0035,663,Văn hóa,VIEW,2026-01-29T02:00:00+00:00
user-0297,28,Môi trường,SEARCH,2026-01-29T04:00:00+00:00
user-0042,4,Khởi nghiệp,VIEW,2026-01-29T06:00:00+00:00
user-0127,662,Y tế,CONTRIBUTE,2026-01-29T08:00:00+00:00
user-0118,767,Môi trường,VIEW,2026-01-29T10:00:00+00:00
user-0268,284,Khởi nghiệp,CONTRIBUTE,2026-01-29T12:00:00+00:00
user-0214,361,Khởi nghiệp,CONTRIBUTE,2026-01-29T14:00:00+00:00
user-0143,545,Môi trường,VIEW,2026-01-29T16:00:00+00:00
user-0137,805,Khởi nghiệp,SEARCH,2026-01-29T18:00:00+00:00
user-0220,241,Khởi nghiệp,VIEW,2026-01-29T20:00:00+00:00
user-0284,940,Môi trường,SEARCH,2026-01-29T22:00:00+00:00
user-0293,351,Công nghệ,VIEW,2026-01-30T00:00:00+00:00
user-0161,93,Môi trường,FOLLOW,2026-01-30T02:00:00+00:00
user-0226,354,Giáo dục,SEARCH,2026-01-30T04:00:00+00:00
user-0153,469,Y tế,VIEW,2026-01-30T06:00:00+00:00
user-0079,744,Giáo dục,VIEW,2026-01-30T08:00:00+00:00
user-0175,480,Giáo dục,VIEW,2026-01-30T10:00:00+00:00
user-0247,52,Giáo dục,SEARCH,2026-01-30T12:00:00+00:00
user-0055,70,Công nghệ,VIEW,2026-01-30T14:00:00+00:00
user-0293,407,Công nghệ,SEARCH,2026-01-30T16:00:00+00:00
user-0222,855,Môi trường,SEARCH,2026-01-30T18:00:00+00:00
user-0155,600,Văn hóa,SEARCH,2026-01-30T20:00:00+00:00
user-0256,643,Khởi nghiệp,SEARCH,2026-01-30T22:00:00+00:00
user-0276,64,Y tế,SEARCH,2026-01-31T00:00:00+00:00
user-0137,56,Khởi nghiệp,VIEW,2026-01-31T02:00:00+00:00
user-0205,738,Môi trường,FOLLOW,2026-01-31T04:00:00+00:00
user-0226,203,Y tế,SEARCH,2026-01-31T06:00:00+00:00
user-0187,309,Giáo dục,VIEW,2026-01-31T08:00:00+00:00
user-0031,108,Giáo dục,VIEW,2026-01-31T10:00:00+00:00
user-0239,529,Giáo dục,VIEW,2026-01-31T12:00:00+00:00
user-0201,371,Môi trường,VIEW,2026-01-31T14:00:00+00:00
user-0071,312,Văn hóa,VIEW,2026-01-31T16:00:00+00:00
user-0068,251,Văn hóa,VIEW,2026-01-31T18:00:00+00:00
user-0215,276,Công nghệ,SEARCH,2026-01-31T20:00:00+00:00
user-0005,970,Y tế,SEARCH,2026-01-31T22:00:00+00:00
user-0255,840,Văn hóa,VIEW,2026-02-01T00:00:00+00:00
user-0203,25,Môi trường,SEARCH,2026-02-01T02:00:00+00:00
user-0044,329,Văn hóa,FOLLOW,2026-02-01T04:00:00+00:00
user-0056,956,Khởi nghiệp,SEARCH,2026-02-01T06:00:00+00:00
user-0193,967,Môi trường,SEARCH,2026-02-01T08:00:00+00:00
user-0251,38,Khởi nghiệp,SEARCH,2026-02-01T10:00:00+00:00
user-0236,906,Văn hóa,SEARCH,2026-02-01T12:00:00+00:00
user-0128,462,Môi trường,SEARCH,2026-02-01T14:00:00+00:00
user-0235,627,Giáo dục,VIEW,2026-02-01T16:00:00+00:00
user-0195,209,Khởi nghiệp,VIEW,2026-02-01T18:00:00+00:00
user-0292,688,Công nghệ,SEARCH,2026-02-01T20:00:00+00:00
user-0056,15,Khởi nghiệp,FOLLOW,2026-02-01T22:00:00+00:00
user-0005,958,Y tế,VIEW,2026-02-02T00:00:00+00:00
user-0249,787,Y tế,SEARCH,2026-02-02T02:00:00+00:00
user-0189,599,Khởi nghiệp,SEARCH,2026-02-02T04:00:00+00:00
user-0218,451,Văn hóa,VIEW,2026-02-02T06:00:00+00:00
user-0095,613,Công nghệ,CONTRIBUTE,2026-02-02T08:00:00+00:00
user-0100,217,Giáo dục,FOLLOW,2026-02-02T10:00:00+00:00
user-0186,708,Khởi nghiệp,FOLLOW,2026-02-02T12:00:00+00:00
user-0235,340,Y tế,VIEW,2026-02-02T14:00:00+00:00
user-0282,489,Văn hóa,VIEW,2026-02-02T16:00:00+00:00
user-0283,439,Công nghệ,SEARCH,2026-02-02T18:00:00+00:00
user-0252,52,Giáo dục,VIEW,2026-02-02T20:00:00+00:00
user-0297,372,Môi trường,SEARCH,2026-02-02T22:00:00+00:00
user-0112,433,Khởi nghiệp,VIEW,2026-02-03T00:00:00+00:00
user-0175,241,Khởi nghiệp,SEARCH,2026-02-03T02:00:00+00:00
user-0072,591,Khởi nghiệp,VIEW,2026-02-03T04:00:00+00:00
user-0025,248,Y tế,VIEW,2026-02-03T06:00:00+00:00
user-0201,445,Môi trường,SEARCH,2026-02-03T08:00:00+00:00
user-0177,653,Văn hóa,FOLLOW,2026-02-03T10:00:00+00:00
user-0249,315,Y tế,FOLLOW,2026-02-03T12:00:00+00:00
user-0240,507,Khởi nghiệp,VIEW,2026-02-03T14:00:00+00:00
user-0215,398,Văn hóa,SEARCH,2026-02-03T16:00:00+00:00
user-0190,77,Y tế,VIEW,2026-02-03T18:00:00+00:00
user-0046,93,Môi trường,VIEW,2026-02-03T20:00:00+00:00
user-0161,36,Văn hóa,SEARCH,2026-02-03T22:00:00+00:00
user-0282,131,Công nghệ,VIEW,2026-02-04T00:00:00+00:00
user-0207,588,Văn hóa,SEARCH,2026-02-04T02:00:00+00:00
user-0184,278,Giáo dục,VIEW,2026-02-04T04:00:00+00:00
user-0235,814,Công nghệ,SEARCH,2026-02-04T06:00:00+00:00
user-0129,133,Khởi nghiệp,FOLLOW,2026-02-04T08:00:00+00:00
user-0286,233,Giáo dục,SEARCH,2026-02-04T10:00:00+00:00
user-0194,674,Công nghệ,FOLLOW,2026-02-04T12:00:00+00:00
user-0131,296,Môi trường,SEARCH,2026-02-04T14:00:00+00:00
user-0289,196,Công nghệ,VIEW,2026-02-04T16:00:00+00:00
user-0146,578,Khởi nghiệp,FOLLOW,2026-02-04T18:00:00+00:00
user-0180,828,Văn hóa,SEARCH,2026-02-04T20:00:00+00:00
user-0098,401,Môi trường,VIEW,2026-02-04T22:00:00+00:00
user-0288,145,Công nghệ,VIEW,2026-02-05T00:00:00+00:00
user-0052,196,Công nghệ,SEARCH,2026-02-05T02:00:00+00:00
user-0053,779,Công nghệ,VIEW,2026-02-05T04:00:00+00:00
user-0101,152,Môi trường,SEARCH,2026-02-05T06:00:00+00:00
user-0096,463,Y tế,SEARCH,2026-02-05T08:00:00+00:00
user-0130,852,Công nghệ,SEARCH,2026-02-05T10:00:00+00:00
user-0199,421,Môi trường,SEARCH,2026-02-05T12:00:00+00:00
user-0031,904,Y tế,FOLLOW,2026-02-05T14:00:00+00:00
user-0258,111,Công nghệ,VIEW,2026-02-05T16:00:00+00:00
user-0265,337,Y tế,VIEW,2026-02-05T18:00:00+00:00
user-0075,378,Y tế,VIEW,2026-02-05T20:00:00+00:00
user-0201,680,Khởi nghiệp,SEARCH,2026-02-05T22:00:00+00:00
user-0101,267,Giáo dục,FOLLOW,2026-02-06T00:00:00+00:00
user-0293,245,Công nghệ,SEARCH,2026-02-06T02:00:00+00:00
user-0003,752,Văn hóa,SEARCH,2026-02-06T04:00:00+00:00
user-0225,291,Giáo dục,SEARCH,2026-02-06T06:00:00+00:00
user-0282,159,Y tế,VIEW,2026-02-06T08:00:00+00:00
user-0151,988,Khởi nghiệp,FOLLOW,2026-02-06T10:00:00+00:00
user-0042,597,Khởi nghiệp,SEARCH,2026-02-06T12:00:00+00:00
user-0049,779,Công nghệ,CONTRIBUTE,2026-02-06T14:00:00+00:00
user-0171,620,Khởi nghiệp,SEARCH,2026-02-06T16:00:00+00:00
user-0124,666,Công nghệ,FOLLOW,2026-02-06T18:00:00+00:00
user-0051,813,Khởi nghiệp,VIEW,2026-02-06T20:00:00+00:00
user-0086,684,Khởi nghiệp,CONTRIBUTE,2026-02-06T22:00:00+00:00
user-0288,697,Công nghệ,SEARCH,2026-02-07T00:00:00+00:00
user-0083,709,Y tế,FOLLOW,2026-02-07T02:00:00+00:00
user-0216,414,Khởi nghiệp,VIEW,2026-02-07T04:00:00+00:00
user-0277,977,Văn hóa,SEARCH,2026-02-07T06:00:00+00:00
user-0087,239,Giáo dục,VIEW,2026-02-07T08:00:00+00:00
user-0272,664,Công nghệ,VIEW,2026-02-07T10:00:00+00:00
user-0126,785,Giáo dục,VIEW,2026-02-07T12:00:00+00:00
user-0196,643,Khởi nghiệp,SEARCH,2026-02-07T14:00:00+00:00
user-0014,183,Y tế,VIEW,2026-02-07T16:00:00+00:00
user-0233,925,Văn hóa,CONTRIBUTE,2026-02-07T18:00:00+00:00
user-0011,857,Giáo dục,VIEW,2026-02-07T20:00:00+00:00
user-0216,201,Y tế,VIEW,2026-02-07T22:00:00+00:00
user-0265,264,Khởi nghiệp,VIEW,2026-02-08T00:00:00+00:00
user-0282,246,Khởi nghiệp,SEARCH,2026-02-08T02:00:00+00:00
user-0022,879,Văn hóa,CONTRIBUTE,2026-02-08T04:00:00+00:00
user-0117,428,Văn hóa,VIEW,2026-02-08T06:00:00+00:00
user-0096,447,Y tế,VIEW,2026-02-08T08:00:00+00:00
user-0142,266,Môi trường,VIEW,2026-02-08T10:00:00+00:00
user-0162,213,Giáo dục,VIEW,2026-02-08T12:00:00+00:00
user-0243,205,Y tế,VIEW,2026-02-08T14:00:00+00:00
user-0226,2,Y tế,CONTRIBUTE,2026-02-08T16:00:00+00:00
user-0182,710,Môi trường,FOLLOW,2026-02-08T18:00:00+00:00
user-0192,831,Công nghệ,VIEW,2026-02-08T20:00:00+00:00
user-0027,843,Công nghệ,SEARCH,2026-02-08T22:00:00+00:00
user-0061,155,Y tế,VIEW,2026-02-09T00:00:00+00:00
user-0214,625,Văn hóa,SEARCH,2026-02-09T02:00:00+00:00
user-0281,823,Công nghệ,SEARCH,2026-02-09T04:00:00+00:00
user-0169,695,Môi trường,VIEW,2026-02-09T06:00:00+00:00
user-0226,844,Y tế,VIEW,2026-02-09T08:00:00+00:00
user-0294,975,Môi trường,SEARCH,2026-02-09T10:00:00+00:00
user-0169,177,Giáo dục,VIEW,2026-02-09T12:00:00+00:00
user-0226,185,Công nghệ,VIEW,2026-02-09T14:00:00+00:00
user-0267,240,Khởi nghiệp,SEARCH,2026-02-09T16:00:00+00:00
user-0191,944,Môi trường,CONTRIBUTE,2026-02-09T18:00:00+00:00
user-0126,579,Văn hóa,FOLLOW,2026-02-09T20:00:00+00:00
user-0239,368,Giáo dục,SEARCH,2026-02-09T22:00:00+00:00
user-0199,443,Môi trường,VIEW,2026-02-10T00:00:00+00:00
user-0203,619,Môi trường,VIEW,2026-02-10T02:00:00+00:00
user-0256,930,Văn hóa,SEARCH,2026-02-10T04:00:00+00:00
user-0142,185,Công nghệ,SEARCH,2026-02-10T06:00:00+00:00
user-0193,1000,Khởi nghiệp,FOLLOW,2026-02-10T08:00:00+00:00
user-0087,499,Giáo dục,VIEW,2026-02-10T10:00:00+00:00
user-0132,256,Khởi nghiệp,SEARCH,2026-02-10T12:00:00+00:00
user-0201,944,Môi trường,SEARCH,2026-02-10T14:00:00+00:00
user-0008,344,Khởi nghiệp,FOLLOW,2026-02-10T16:00:00+00:00
user-0129,129,Khởi nghiệp,SEARCH,2026-02-10T18:00:00+00:00
user-0158,686,Văn hóa,VIEW,2026-02-10T20:00:00+00:00
user-0170,697,Công nghệ,VIEW,2026-02-10T22:00:00+00:00
user-0202,461,Môi trường,FOLLOW,2026-02-11T00:00:00+00:00
user-0181,930,Văn hóa,SEARCH,2026-02-11T02:00:00+00:00
user-0023,711,Giáo dục,SEARCH,2026-02-11T04:00:00+00:00
user-0038,230,Y tế,VIEW,2026-02-11T06:00:00+00:00
user-0184,129,Khởi nghiệp,VIEW,2026-02-11T08:00:00+00:00
user-0181,741,Giáo dục,VIEW,2026-02-11T10:00:00+00:00
user-0184,974,Khởi nghiệp,SEARCH,2026-02-11T12:00:00+00:00
user-0182,495,Môi trường,VIEW,2026-02-11T14:00:00+00:00
user-0292,473,Công nghệ,SEARCH,2026-02-11T16:00:00+00:00
user-0241,394,Văn hóa,VIEW,2026-02-11T18:00:00+00:00
user-0009,427,Công nghệ,VIEW,2026-02-11T20:00:00+00:00
user-0269,303,Khởi nghiệp,VIEW,2026-02-11T22:00:00+00:00
user-0064,268,Khởi nghiệp,VIEW,2026-02-12T00:00:00+00:00
user-0160,514,Công nghệ,VIEW,2026-02-12T02:00:00+00:00
user-0238,649,Khởi nghiệp,VIEW,2026-02-12T04:00:00+00:00
user-0127,677,Y tế,VIEW,2026-02-12T06:00:00+00:00
user-0117,484,Văn hóa,SEARCH,2026-02-12T08:00:00+00:00
user-0164,375,Công nghệ,FOLLOW,2026-02-12T10:00:00+00:00
user-0081,6,Giáo dục,VIEW,2026-02-12T12:00:00+00:00
user-0084,279,Văn hóa,VIEW,2026-02-12T14:00:00+00:00
user-0235,259,Môi trường,VIEW,2026-02-12T16:00:00+00:00
user-0048,904,Y tế,VIEW,2026-02-12T18:00:00+00:00
user-0198,140,Văn hóa,VIEW,2026-02-12T20:00:00+00:00
user-0089,357,Môi trường,VIEW,2026-02-12T22:00:00+00:00
user-0223,542,Y tế,SEARCH,2026-02-13T00:00:00+00:00
user-0283,511,Công nghệ,VIEW,2026-02-13T02:00:00+00:00
user-0296,729,Khởi nghiệp,VIEW,2026-02-13T04:00:00+00:00
user-0258,807,Y tế,VIEW,2026-02-13T06:00:00+00:00
user-0193,960,Y tế,VIEW,2026-02-13T08:00:00+00:00
user-0100,265,Khởi nghiệp,VIEW,2026-02-13T10:00:00+00:00
user-0281,820,Khởi nghiệp,SEARCH,2026-02-13T12:00:00+00:00
user-0036,251,Văn hóa,VIEW,2026-02-13T14:00:00+00:00
user-0254,392,Giáo dục,VIEW,2026-02-13T16:00:00+00:00
user-0261,537,Môi trường,VIEW,2026-02-13T18:00:00+00:00
user-0038,472,Khởi nghiệp,VIEW,2026-02-13T20:00:00+00:00
user-0028,808,Y tế,VIEW,2026-02-13T22:00:00+00:00
user-0014,573,Môi trường,FOLLOW,2026-02-14T00:00:00+00:00
user-0048,138,Y tế,VIEW,2026-02-14T02:00:00+00:00
user-0104,171,Giáo dục,SEARCH,2026-02-14T04:00:00+00:00
user-0174,61,Giáo dục,FOLLOW,2026-02-14T06:00:00+00:00
user-0179,170,Giáo dục,SEARCH,2026-02-14T08:00:00+00:00
user-0281,338,Công nghệ,FOLLOW,2026-02-14T10:00:00+00:00
user-0077,185,Công nghệ,VIEW,2026-02-14T12:00:00+00:00
user-0061,783,Y tế,VIEW,2026-02-14T14:00:00+00:00
user-0066,925,Văn hóa,VIEW,2026-02-14T16:00:00+00:00
user-0143,357,Môi trường,SEARCH,2026-02-14T18:00:00+00:00
user-0227,746,Y tế,VIEW,2026-02-14T20:00:00+00:00
user-0060,279,Văn hóa,VIEW,2026-02-14T22:00:00+00:00
user-0197,575,Môi trường,FOLLOW,2026-02-15T00:00:00+00:00
user-0068,568,Văn hóa,SEARCH,2026-02-15T02:00:00+00:00
user-0178,529,Giáo dục,VIEW,2026-02-15T04:00:00+00:00
user-0121,386,Giáo dục,VIEW,2026-02-15T06:00:00+00:00
user-0045,83,Y tế,VIEW,2026-02-15T08:00:00+00:00
user-0137,263,Khởi nghiệp,VIEW,2026-02-15T10:00:00+00:00
user-0276,788,Y tế,CONTRIBUTE,2026-02-15T12:00:00+00:00
user-0118,209,Khởi nghiệp,VIEW,2026-02-15T14:00:00+00:00
user-0235,317,Giáo dục,CONTRIBUTE,2026-02-15T16:00:00+00:00
user-0140,478,Giáo dục,FOLLOW,2026-02-15T18:00:00+00:00
user-0208,136,Y tế,VIEW,2026-02-15T20:00:00+00:00
user-0255,149,Văn hóa,VIEW,2026-02-15T22:00:00+00:00
user-0027,659,Y tế,VIEW,2026-02-16T00:00:00+00:00
user-0298,603,Môi trường,SEARCH,2026-02-16T02:00:00+00:00
user-0122,601,Môi trường,VIEW,2026-02-16T04:00:00+00:00
user-0075,104,Văn hóa,VIEW,2026-02-16T06:00:00+00:00
user-0265,515,Y tế,VIEW,2026-02-16T08:00:00+00:00
user-0185,720,Văn hóa,VIEW,2026-02-16T10:00:00+00:00
user-0177,645,Khởi nghiệp,VIEW,2026-02-16T12:00:00+00:00
user-0264,290,Công nghệ,VIEW,2026-02-16T14:00:00+00:00
user-0175,207,Khởi nghiệp,SEARCH,2026-02-16T16:00:00+00:00
user-0164,194,Môi trường,VIEW,2026-02-16T18:00:00+00:00
user-0276,140,Văn hóa,VIEW,2026-02-16T20:00:00+00:00
user-0063,910,Giáo dục,SEARCH,2026-02-16T22:00:00+00:00
user-0172,498,Khởi nghiệp,VIEW,2026-02-17T00:00:00+00:00
user-0143,440,Y tế,VIEW,2026-02-17T02:00:00+00:00
user-0255,240,Khởi nghiệp,VIEW,2026-02-17T04:00:00+00:00
user-0073,454,Giáo dục,VIEW,2026-02-17T06:00:00+00:00
user-0019,720,Văn hóa,VIEW,2026-02-17T08:00:00+00:00
user-0182,568,Văn hóa,FOLLOW,2026-02-17T10:00:00+00:00
user-0139,438,Công nghệ,VIEW,2026-02-17T12:00:00+00:00
user-0250,716,Giáo dục,VIEW,2026-02-17T14:00:00+00:00
user-0134,592,Môi trường,SEARCH,2026-02-17T16:00:00+00:00
user-0117,563,Giáo dục,SEARCH,2026-02-17T18:00:00+00:00
user-0207,843,Công nghệ,SEARCH,2026-02-17T20:00:00+00:00
user-0178,946,Giáo dục,SEARCH,2026-02-17T22:00:00+00:00
user-0101,194,Môi trường,VIEW,2026-02-18T00:00:00+00:00
user-0071,265,Khởi nghiệp,SEARCH,2026-02-18T02:00:00+00:00
user-0079,926,Y tế,VIEW,2026-02-18T04:00:00+00:00
user-0077,214,Công nghệ,FOLLOW,2026-02-18T06:00:00+00:00
user-0217,147,Công nghệ,FOLLOW,2026-02-18T08:00:00+00:00
user-0121,146,Khởi nghiệp,SEARCH,2026-02-18T10:00:00+00:00
user-0133,946,Giáo dục,FOLLOW,2026-02-18T12:00:00+00:00
user-0199,325,Môi trường,SEARCH,2026-02-18T14:00:00+00:00
user-0083,374,Y tế,VIEW,2026-02-18T16:00:00+00:00
user-0160,316,Văn hóa,VIEW,2026-02-18T18:00:00+00:00
user-0099,441,Y tế,SEARCH,2026-02-18T20:00:00+00:00
user-0015,897,Môi trường,VIEW,2026-02-18T22:00:00+00:00
user-0263,65,Văn hóa,CONTRIBUTE,2026-02-19T00:00:00+00:00
user-0258,718,Công nghệ,SEARCH,2026-02-19T02:00:00+00:00
user-0291,926,Y tế,VIEW,2026-02-19T04:00:00+00:00
user-0115,159,Y tế,SEARCH,2026-02-19T06:00:00+00:00
user-0229,882,Khởi nghiệp,VIEW,2026-02-19T08:00:00+00:00
user-0271,690,Môi trường,VIEW,2026-02-19T10:00:00+00:00
user-0062,352,Khởi nghiệp,SEARCH,2026-02-19T12:00:00+00:00
user-0193,645,Khởi nghiệp,SEARCH,2026-02-19T14:00:00+00:00
user-0128,859,Môi trường,FOLLOW,2026-02-19T16:00:00+00:00
user-0074,250,Công nghệ,FOLLOW,2026-02-19T18:00:00+00:00
user-0217,466,Môi trường,CONTRIBUTE,2026-02-19T20:00:00+00:00
user-0086,498,Khởi nghiệp,SEARCH,2026-02-19T22:00:00+00:00
user-0083,770,Khởi nghiệp,FOLLOW,2026-02-20T00:00:00+00:00
user-0292,677,Y tế,SEARCH,2026-02-20T02:00:00+00:00
user-0291,720,Văn hóa,VIEW,2026-02-20T04:00:00+00:00
user-0069,581,Giáo dục,VIEW,2026-02-20T06:00:00+00:00
user-0008,688,Công nghệ,FOLLOW,2026-02-20T08:00:00+00:00
user-0002,735,Môi trường,VIEW,2026-02-20T10:00:00+00:00
user-0106,764,Khởi nghiệp,VIEW,2026-02-20T12:00:00+00:00
user-0073,243,Y tế,VIEW,2026-02-20T14:00:00+00:00
user-0054,804,Y tế,CONTRIBUTE,2026-02-20T16:00:00+00:00
user-0237,647,Giáo dục,FOLLOW,2026-02-20T18:00:00+00:00
user-0241,370,Văn hóa,SEARCH,2026-02-20T20:00:00+00:00
user-0275,798,Công nghệ,FOLLOW,2026-02-20T22:00:00+00:00
user-0071,665,Giáo dục,SEARCH,2026-02-21T00:00:00+00:00
user-0106,125,Khởi nghiệp,VIEW,2026-02-21T02:00:00+00:00
user-0055,437,Văn hóa,SEARCH,2026-02-21T04:00:00+00:00
user-0179,554,Công nghệ,SEARCH,2026-02-21T06:00:00+00:00
user-0121,189,Khởi nghiệp,SEARCH,2026-02-21T08:00:00+00:00
user-0243,165,Y tế,SEARCH,2026-02-21T10:00:00+00:00
user-0118,62,Công nghệ,SEARCH,2026-02-21T12:00:00+00:00
user-0217,276,Công nghệ,SEARCH,2026-02-21T14:00:00+00:00
user-0173,611,Văn hóa,SEARCH,2026-02-21T16:00:00+00:00
user-0142,137,Khởi nghiệp,VIEW,2026-02-21T18:00:00+00:00
user-0159,82,Khởi nghiệp,SEARCH,2026-02-21T20:00:00+00:00
user-0192,635,Giáo dục,VIEW,2026-02-21T22:00:00+00:00
user-0198,35,Văn hóa,VIEW,2026-02-22T00:00:00+00:00
user-0298,611,Văn hóa,VIEW,2026-02-22T02:00:00+00:00
user-0258,758,Công nghệ,VIEW,2026-02-22T04:00:00+00:00
user-0122,847,Giáo dục,FOLLOW,2026-02-22T06:00:00+00:00
user-0276,200,Y tế,SEARCH,2026-02-22T08:00:00+00:00
user-0238,725,Khởi nghiệp,VIEW,2026-02-22T10:00:00+00:00
user-0249,390,Môi trường,VIEW,2026-02-22T12:00:00+00:00
user-0233,978,Công nghệ,VIEW,2026-02-22T14:00:00+00:00
user-0012,800,Môi trường,SEARCH,2026-02-22T16:00:00+00:00
user-0264,254,Y tế,SEARCH,2026-02-22T18:00:00+00:00
user-0183,544,Giáo dục,SEARCH,2026-02-22T20:00:00+00:00
user-0147,465,Giáo dục,FOLLOW,2026-02-22T22:00:00+00:00
user-0249,259,Môi trường,FOLLOW,2026-02-23T00:00:00+00:00
user-0039,450,Công nghệ,VIEW,2026-02-23T02:00:00+00:00
user-0184,272,Công nghệ,SEARCH,2026-02-23T04:00:00+00:00
user-0171,375,Công nghệ,VIEW,2026-02-23T06:00:00+00:00
user-0145,774,Khởi nghiệp,FOLLOW,2026-02-23T08:00:00+00:00
user-0086,398,Văn hóa,FOLLOW,2026-02-23T10:00:00+00:00
user-0164,743,Giáo dục,VIEW,2026-02-23T12:00:00+00:00
user-0216,442,Khởi nghiệp,SEARCH,2026-02-23T14:00:00+00:00
user-0075,251,Văn hóa,CONTRIBUTE,2026-02-23T16:00:00+00:00
user-0035,90,Môi trường,SEARCH,2026-02-23T18:00:00+00:00
user-0141,316,Văn hóa,SEARCH,2026-02-23T20:00:00+00:00
user-0029,366,Y tế,SEARCH,2026-02-23T22:00:00+00:00
user-0103,306,Môi trường,VIEW,2026-02-24T00:00:00+00:00
user-0092,944,Môi trường,SEARCH,2026-02-24T02:00:00+00:00
user-0120,995,Khởi nghiệp,VIEW,2026-02-24T04:00:00+00:00
user-0154,643,Khởi nghiệp,VIEW,2026-02-24T06:00:00+00:00
user-0109,380,Văn hóa,VIEW,2026-02-24T08:00:00+00:00
user-0117,553,Văn hóa,VIEW,2026-02-24T10:00:00+00:00
user-0004,367,Khởi nghiệp,SEARCH,2026-02-24T12:00:00+00:00
user-0057,404,Môi trường,VIEW,2026-02-24T14:00:00+00:00
user-0206,176,Môi trường,CONTRIBUTE,2026-02-24T16:00:00+00:00
user-0264,894,Giáo dục,VIEW,2026-02-24T18:00:00+00:00
user-0135,393,Y tế,VIEW,2026-02-24T20:00:00+00:00
user-0177,533,Văn hóa,VIEW,2026-02-24T22:00:00+00:00
user-0206,197,Văn hóa,SEARCH,2026-02-25T00:00:00+00:00
user-0109,95,Công nghệ,VIEW,2026-02-25T02:00:00+00:00
user-0124,941,Y tế,CONTRIBUTE,2026-02-25T04:00:00+00:00
user-0120,277,Văn hóa,SEARCH,2026-02-25T06:00:00+00:00
user-0115,81,Giáo dục,VIEW,2026-02-25T08:00:00+00:00
user-0196,684,Khởi nghiệp,FOLLOW,2026-02-25T10:00:00+00:00
user-0268,151,Khởi nghiệp,VIEW,2026-02-25T12:00:00+00:00
user-0005,64,Y tế,VIEW,2026-02-25T14:00:00+00:00
user-0074,488,Giáo dục,SEARCH,2026-02-25T16:00:00+00:00
user-0235,348,Giáo dục,FOLLOW,2026-02-25T18:00:00+00:00
user-0151,287,Khởi nghiệp,VIEW,2026-02-25T20:00:00+00:00
user-0015,17,Môi trường,VIEW,2026-02-25T22:00:00+00:00
user-0196,69,Khởi nghiệp,VIEW,2026-02-26T00:00:00+00:00
user-0045,707,Giáo dục,SEARCH,2026-02-26T02:00:00+00:00
user-0175,446,Văn hóa,SEARCH,2026-02-26T04:00:00+00:00
user-0119,745,Giáo dục,SEARCH,2026-02-26T06:00:00+00:00
user-0187,795,Giáo dục,SEARCH,2026-02-26T08:00:00+00:00
user-0125,901,Văn hóa,SEARCH,2026-02-26T10:00:00+00:00
user-0021,222,Giáo dục,SEARCH,2026-02-26T12:00:00+00:00
user-0069,82,Khởi nghiệp,VIEW,2026-02-26T14:00:00+00:00
user-0137,995,Khởi nghiệp,FOLLOW,2026-02-26T16:00:00+00:00
user-0110,564,Công nghệ,SEARCH,2026-02-26T18:00:00+00:00
user-0179,548,Giáo dục,VIEW,2026-02-26T20:00:00+00:00
user-0064,780,Môi trường,SEARCH,2026-02-26T22:00:00+00:00
user-0268,361,Khởi nghiệp,VIEW,2026-02-27T00:00:00+00:00
user-0220,763,Môi trường,SEARCH,2026-02-27T02:00:00+00:00
user-0106,146,Khởi nghiệp,SEARCH,2026-02-27T04:00:00+00:00
user-0182,624,Công nghệ,VIEW,2026-02-27T06:00:00+00:00
user-0020,524,Y tế,VIEW,2026-02-27T08:00:00+00:00
user-0266,175,Giáo dục,VIEW,2026-02-27T10:00:00+00:00
user-0014,524,Y tế,FOLLOW,2026-02-27T12:00:00+00:00
user-0294,197,Văn hóa,FOLLOW,2026-02-27T14:00:00+00:00
user-0142,829,Khởi nghiệp,VIEW,2026-02-27T16:00:00+00:00
user-0095,830,Văn hóa,SEARCH,2026-02-27T18:00:00+00:00
user-0101,421,Môi trường,SEARCH,2026-02-27T20:00:00+00:00
user-0035,925,Văn hóa,FOLLOW,2026-02-27T22:00:00+00:00
user-0204,818,Môi trường,VIEW,2026-02-28T00:00:00+00:00
user-0148,719,Y tế,FOLLOW,2026-02-28T02:00:00+00:00
user-0203,981,Giáo dục,SEARCH,2026-02-28T04:00:00+00:00
user-0047,811,Công nghệ,FOLLOW,2026-02-28T06:00:00+00:00
user-0247,674,Công nghệ,VIEW,2026-02-28T08:00:00+00:00
user-0062,443,Môi trường,VIEW,2026-02-28T10:00:00+00:00
user-0176,535,Môi trường,VIEW,2026-02-28T12:00:00+00:00
user-0177,297,Văn hóa,VIEW,2026-02-28T14:00:00+00:00
user-0201,668,Môi trường,VIEW,2026-02-28T16:00:00+00:00
user-0282,692,Khởi nghiệp,CONTRIBUTE,2026-02-28T18:00:00+00:00
user-0147,87,Văn hóa,VIEW,2026-02-28T20:00:00+00:00
user-0069,42,Giáo dục,SEARCH,2026-02-28T22:00:00+00:00
user-0082,851,Y tế,SEARCH,2026-03-01T00:00:00+00:00
user-0015,371,Môi trường,CONTRIBUTE,2026-03-01T02:00:00+00:00
user-0055,657,Công nghệ,VIEW,2026-03-01T04:00:00+00:00
user-0183,751,Y tế,VIEW,2026-03-01T06:00:00+00:00
user-0218,489,Văn hóa,VIEW,2026-03-01T08:00:00+00:00
user-0244,780,Môi trường,SEARCH,2026-03-01T10:00:00+00:00
user-0002,244,Y tế,VIEW,2026-03-01T12:00:00+00:00
user-0287,336,Giáo dục,FOLLOW,2026-03-01T14:00:00+00:00
user-0045,593,Môi trường,VIEW,2026-03-01T16:00:00+00:00
user-0075,159,Y tế,SEARCH,2026-03-01T18:00:00+00:00
user-0041,66,Y tế,SEARCH,2026-03-01T20:00:00+00:00
user-0035,531,Môi trường,VIEW,2026-03-01T22:00:00+00:00
user-0232,288,Môi trường,VIEW,2026-03-02T00:00:00+00:00
user-0018,882,Khởi nghiệp,SEARCH,2026-03-02T02:00:00+00:00
user-0113,2,Y tế,SEARCH,2026-03-02T04:00:00+00:00
user-0104,389,Khởi nghiệp,VIEW,2026-03-02T06:00:00+00:00
user-0274,832,Môi trường,SEARCH,2026-03-02T08:00:00+00:00
user-0230,841,Khởi nghiệp,VIEW,2026-03-02T10:00:00+00:00
user-0202,34,Môi trường,CONTRIBUTE,2026-03-02T12:00:00+00:00
user-0155,140,Văn hóa,SEARCH,2026-03-02T14:00:00+00:00
user-0271,77,Y tế,SEARCH,2026-03-02T16:00:00+00:00
user-0063,854,Giáo dục,SEARCH,2026-03-02T18:00:00+00:00
user-0121,774,Khởi nghiệp,VIEW,2026-03-02T20:00:00+00:00
user-0138,597,Khởi nghiệp,SEARCH,2026-03-02T22:00:00+00:00
user-0037,254,Y tế,SEARCH,2026-03-03T00:00:00+00:00
user-0241,609,Y tế,VIEW,2026-03-03T02:00:00+00:00
user-0064,404,Môi trường,SEARCH,2026-03-03T04:00:00+00:00
user-0094,959,Văn hóa,SEARCH,2026-03-03T06:00:00+00:00
user-0130,250,Công nghệ,VIEW,2026-03-03T08:00:00+00:00
user-0136,480,Giáo dục,VIEW,2026-03-03T10:00:00+00:00
user-0029,968,Y tế,VIEW,2026-03-03T12:00:00+00:00
user-0285,937,Môi trường,FOLLOW,2026-03-03T14:00:00+00:00
user-0157,942,Khởi nghiệp,VIEW,2026-03-03T16:00:00+00:00
user-0175,472,Khởi nghiệp,VIEW,2026-03-03T18:00:00+00:00
user-0069,757,Khởi nghiệp,VIEW,2026-03-03T20:00:00+00:00
user-0176,567,Văn hóa,VIEW,2026-03-03T22:00:00+00:00
user-0285,986,Giáo dục,VIEW,2026-03-04T00:00:00+00:00
user-0027,641,Công nghệ,VIEW,2026-03-04T02:00:00+00:00
user-0047,247,Văn hóa,VIEW,2026-03-04T04:00:00+00:00
user-0073,825,Y tế,CONTRIBUTE,2026-03-04T06:00:00+00:00
user-0245,32,Khởi nghiệp,VIEW,2026-03-04T08:00:00+00:00
user-0027,590,Y tế,FOLLOW,2026-03-04T10:00:00+00:00
user-0181,712,Văn hóa,VIEW,2026-03-04T12:00:00+00:00
user-0081,146,Khởi nghiệp,FOLLOW,2026-03-04T14:00:00+00:00
user-0150,265,Khởi nghiệp,VIEW,2026-03-04T16:00:00+00:00
user-0256,929,Y tế,VIEW,2026-03-04T18:00:00+00:00
user-0149,45,Khởi nghiệp,VIEW,2026-03-04T20:00:00+00:00
user-0123,965,Văn hóa,VIEW,2026-03-04T22:00:00+00:00
user-0143,816,Môi trường,FOLLOW,2026-03-05T00:00:00+00:00
user-0102,791,Văn hóa,VIEW,2026-03-05T02:00:00+00:00
user-0073,713,Y tế,VIEW,2026-03-05T04:00:00+00:00
user-0020,380,Văn hóa,VIEW,2026-03-05T06:00:00+00:00
user-0114,334,Giáo dục,FOLLOW,2026-03-05T08:00:00+00:00
user-0203,386,Giáo dục,CONTRIBUTE,2026-03-05T10:00:00+00:00
user-0159,378,Y tế,VIEW,2026-03-05T12:00:00+00:00
user-0054,379,Công nghệ,SEARCH,2026-03-05T14:00:00+00:00
user-0176,199,Môi trường,FOLLOW,2026-03-05T16:00:00+00:00
user-0083,828,Văn hóa,SEARCH,2026-03-05T18:00:00+00:00
user-0053,660,Công nghệ,SEARCH,2026-03-05T20:00:00+00:00
user-0029,590,Y tế,SEARCH,2026-03-05T22:00:00+00:00
user-0078,703,Công nghệ,VIEW,2026-03-06T00:00:00+00:00
user-0068,737,Văn hóa,VIEW,2026-03-06T02:00:00+00:00
user-0044,868,Công nghệ,VIEW,2026-03-06T04:00:00+00:00
user-0190,328,Văn hóa,VIEW,2026-03-06T06:00:00+00:00
user-0177,298,Văn hóa,VIEW,2026-03-06T08:00:00+00:00
user-0209,721,Y tế,SEARCH,2026-03-06T10:00:00+00:00
user-0291,138,Y tế,SEARCH,2026-03-06T12:00:00+00:00
user-0057,890,Văn hóa,VIEW,2026-03-06T14:00:00+00:00
user-0294,668,Môi trường,VIEW,2026-03-06T16:00:00+00:00
user-0157,642,Công nghệ,VIEW,2026-03-06T18:00:00+00:00
user-0150,971,Khởi nghiệp,VIEW,2026-03-06T20:00:00+00:00
user-0058,105,Văn hóa,VIEW,2026-03-06T22:00:00+00:00
user-0268,699,Khởi nghiệp,VIEW,2026-03-07T00:00:00+00:00
user-0161,451,Văn hóa,SEARCH,2026-03-07T02:00:00+00:00
user-0210,117,Môi trường,VIEW,2026-03-07T04:00:00+00:00
user-0178,281,Giáo dục,SEARCH,2026-03-07T06:00:00+00:00
user-0033,234,Công nghệ,VIEW,2026-03-07T08:00:00+00:00
user-0070,214,Công nghệ,FOLLOW,2026-03-07T10:00:00+00:00
user-0017,51,Giáo dục,VIEW,2026-03-07T12:00:00+00:00
user-0033,126,Công nghệ,VIEW,2026-03-07T14:00:00+00:00
user-0211,304,Giáo dục,VIEW,2026-03-07T16:00:00+00:00
user-0070,863,Công nghệ,VIEW,2026-03-07T18:00:00+00:00
user-0122,778,Giáo dục,VIEW,2026-03-07T20:00:00+00:00
user-0016,707,Giáo dục,VIEW,2026-03-07T22:00:00+00:00
user-0228,832,Môi trường,VIEW,2026-03-08T00:00:00+00:00
user-0029,770,Khởi nghiệp,SEARCH,2026-03-08T02:00:00+00:00
user-0234,20,Văn hóa,SEARCH,2026-03-08T04:00:00+00:00
user-0248,895,Công nghệ,FOLLOW,2026-03-08T06:00:00+00:00
user-0277,622,Văn hóa,FOLLOW,2026-03-08T08:00:00+00:00
user-0086,995,Khởi nghiệp,VIEW,2026-03-08T10:00:00+00:00
user-0118,163,Khởi nghiệp,VIEW,2026-03-08T12:00:00+00:00
user-0218,365,Môi trường,VIEW,2026-03-08T14:00:00+00:00
user-0181,634,Giáo dục,FOLLOW,2026-03-08T16:00:00+00:00
user-0105,988,Khởi nghiệp,SEARCH,2026-03-08T18:00:00+00:00
user-0157,206,Y tế,FOLLOW,2026-03-08T20:00:00+00:00
user-0246,877,Môi trường,VIEW,2026-03-08T22:00:00+00:00
user-0029,232,Y tế,VIEW,2026-03-09T00:00:00+00:00
user-0169,856,Giáo dục,VIEW,2026-03-09T02:00:00+00:00
user-0030,127,Giáo dục,VIEW,2026-03-09T04:00:00+00:00
user-0274,780,Môi trường,SEARCH,2026-03-09T06:00:00+00:00
user-0132,853,Khởi nghiệp,VIEW,2026-03-09T08:00:00+00:00
user-0272,397,Công nghệ,SEARCH,2026-03-09T10:00:00+00:00
user-0077,711,Giáo dục,SEARCH,2026-03-09T12:00:00+00:00
user-0270,143,Môi trường,SEARCH,2026-03-09T14:00:00+00:00
user-0192,976,Giáo dục,VIEW,2026-03-09T16:00:00+00:00
user-0105,670,Công nghệ,SEARCH,2026-03-09T18:00:00+00:00
user-0017,412,Y tế,VIEW,2026-03-09T20:00:00+00:00
user-0010,711,Giáo dục,FOLLOW,2026-03-09T22:00:00+00:00
user-0156,186,Giáo dục,FOLLOW,2026-03-10T00:00:00+00:00
user-0239,711,Giáo dục,VIEW,2026-03-10T02:00:00+00:00
user-0115,699,Khởi nghiệp,SEARCH,2026-03-10T04:00:00+00:00
user-0027,159,Y tế,SEARCH,2026-03-10T06:00:00+00:00
user-0260,800,Môi trường,SEARCH,2026-03-10T08:00:00+00:00
user-0006,916,Giáo dục,VIEW,2026-03-10T10:00:00+00:00
user-0087,305,Công nghệ,VIEW,2026-03-10T12:00:00+00:00
user-0068,192,Văn hóa,VIEW,2026-03-10T14:00:00+00:00
user-0020,825,Y tế,SEARCH,2026-03-10T16:00:00+00:00
user-0002,485,Y tế,VIEW,2026-03-10T18:00:00+00:00
user-0083,192,Văn hóa,FOLLOW,2026-03-10T20:00:00+00:00
user-0128,455,Y tế,VIEW,2026-03-10T22:00:00+00:00
user-0100,973,Khởi nghiệp,VIEW,2026-03-11T00:00:00+00:00
user-0207,183,Y tế,VIEW,2026-03-11T02:00:00+00:00
user-0129,820,Khởi nghiệp,CONTRIBUTE,2026-03-11T04:00:00+00:00
user-0031,255,Văn hóa,VIEW,2026-03-11T06:00:00+00:00
user-0041,742,Công nghệ,VIEW,2026-03-11T08:00:00+00:00
user-0134,372,Môi trường,SEARCH,2026-03-11T10:00:00+00:00
user-0214,883,Khởi nghiệp,SEARCH,2026-03-11T12:00:00+00:00
user-0278,521,Môi trường,SEARCH,2026-03-11T14:00:00+00:00
user-0159,853,Khởi nghiệp,VIEW,2026-03-11T16:00:00+00:00
user-0174,51,Giáo dục,FOLLOW,2026-03-11T18:00:00+00:00
user-0144,822,Môi trường,VIEW,2026-03-11T20:00:00+00:00
user-0177,869,Văn hóa,VIEW,2026-03-11T22:00:00+00:00
user-0035,730,Văn hóa,CONTRIBUTE,2026-03-12T00:00:00+00:00
user-0081,51,Giáo dục,VIEW,2026-03-12T02:00:00+00:00
user-0283,222,Giáo dục,VIEW,2026-03-12T04:00:00+00:00
user-0096,702,Y tế,CONTRIBUTE,2026-03-12T06:00:00+00:00
user-0091,772,Công nghệ,VIEW,2026-03-12T08:00:00+00:00
user-0149,805,Khởi nghiệp,VIEW,2026-03-12T10:00:00+00:00
user-0098,135,Văn hóa,VIEW,2026-03-12T12:00:00+00:00
user-0114,105,Văn hóa,SEARCH,2026-03-12T14:00:00+00:00
user-0240,337,Y tế,FOLLOW,2026-03-12T16:00:00+00:00
user-0290,697,Công nghệ,FOLLOW,2026-03-12T18:00:00+00:00
user-0150,283,Văn hóa,SEARCH,2026-03-12T20:00:00+00:00
user-0064,985,Y tế,VIEW,2026-03-12T22:00:00+00:00
user-0008,657,Công nghệ,VIEW,2026-03-13T00:00:00+00:00
user-0251,240,Khởi nghiệp,VIEW,2026-03-13T02:00:00+00:00
user-0225,862,Giáo dục,VIEW,2026-03-13T04:00:00+00:00
user-0173,813,Khởi nghiệp,CONTRIBUTE,2026-03-13T06:00:00+00:00
user-0102,302,Công nghệ,VIEW,2026-03-13T08:00:00+00:00
user-0242,495,Môi trường,SEARCH,2026-03-13T10:00:00+00:00
user-0106,479,Khởi nghiệp,VIEW,2026-03-13T12:00:00+00:00
user-0079,602,Giáo dục,SEARCH,2026-03-13T14:00:00+00:00
user-0197,310,Y tế,FOLLOW,2026-03-13T16:00:00+00:00
user-0050,433,Khởi nghiệp,VIEW,2026-03-13T18:00:00+00:00
user-0285,93,Môi trường,CONTRIBUTE,2026-03-13T20:00:00+00:00
user-0049,262,Y tế,SEARCH,2026-03-13T22:00:00+00:00
user-0019,184,Văn hóa,SEARCH,2026-03-14T00:00:00+00:00
user-0003,538,Giáo dục,VIEW,2026-03-14T02:00:00+00:00
user-0026,248,Y tế,VIEW,2026-03-14T04:00:00+00:00
user-0135,109,Môi trường,CONTRIBUTE,2026-03-14T06:00:00+00:00
user-0026,695,Môi trường,SEARCH,2026-03-14T08:00:00+00:00
user-0095,195,Y tế,CONTRIBUTE,2026-03-14T10:00:00+00:00
user-0068,493,Văn hóa,SEARCH,2026-03-14T12:00:00+00:00
user-0123,102,Giáo dục,SEARCH,2026-03-14T14:00:00+00:00
user-0270,679,Văn hóa,SEARCH,2026-03-14T16:00:00+00:00
user-0196,599,Khởi nghiệp,VIEW,2026-03-14T18:00:00+00:00
user-0144,980,Khởi nghiệp,FOLLOW,2026-03-14T20:00:00+00:00
user-0285,303,Khởi nghiệp,VIEW,2026-03-14T22:00:00+00:00
user-0035,231,Môi trường,SEARCH,2026-03-15T00:00:00+00:00
user-0238,823,Công nghệ,SEARCH,2026-03-15T02:00:00+00:00
user-0285,240,Khởi nghiệp,SEARCH,2026-03-15T04:00:00+00:00
user-0199,520,Môi trường,VIEW,2026-03-15T06:00:00+00:00
user-0200,485,Y tế,VIEW,2026-03-15T08:00:00+00:00
user-0068,724,Giáo dục,CONTRIBUTE,2026-03-15T10:00:00+00:00
user-0257,663,Văn hóa,SEARCH,2026-03-15T12:00:00+00:00
user-0144,621,Khởi nghiệp,SEARCH,2026-03-15T14:00:00+00:00
user-0177,197,Văn hóa,FOLLOW,2026-03-15T16:00:00+00:00
user-0135,780,Môi trường,SEARCH,2026-03-15T18:00:00+00:00
user-0146,389,Khởi nghiệp,VIEW,2026-03-15T20:00:00+00:00
user-0246,372,Môi trường,VIEW,2026-03-15T22:00:00+00:00
user-0139,250,Công nghệ,FOLLOW,2026-03-16T00:00:00+00:00
user-0236,992,Giáo dục,VIEW,2026-03-16T02:00:00+00:00
user-0107,434,Môi trường,VIEW,2026-03-16T04:00:00+00:00
user-0069,9,Môi trường,CONTRIBUTE,2026-03-16T06:00:00+00:00
user-0235,405,Giáo dục,VIEW,2026-03-16T08:00:00+00:00
user-0120,475,Khởi nghiệp,SEARCH,2026-03-16T10:00:00+00:00
user-0027,13,Y tế,FOLLOW,2026-03-16T12:00:00+00:00
user-0179,788,Y tế,SEARCH,2026-03-16T14:00:00+00:00
user-0119,4,Khởi nghiệp,VIEW,2026-03-16T16:00:00+00:00
user-0184,63,Khởi nghiệp,SEARCH,2026-03-16T18:00:00+00:00
user-0117,838,Văn hóa,FOLLOW,2026-03-16T20:00:00+00:00
user-0017,138,Y tế,VIEW,2026-03-16T22:00:00+00:00
user-0031,824,Giáo dục,SEARCH,2026-03-17T00:00:00+00:00
user-0102,233,Giáo dục,SEARCH,2026-03-17T02:00:00+00:00
user-0105,742,Công nghệ,FOLLOW,2026-03-17T04:00:00+00:00
user-0190,957,Văn hóa,FOLLOW,2026-03-17T06:00:00+00:00
user-0267,93,Môi trường,VIEW,2026-03-17T08:00:00+00:00
user-0126,61,Giáo dục,SEARCH,2026-03-17T10:00:00+00:00
user-0168,457,Khởi nghiệp,SEARCH,2026-03-17T12:00:00+00:00
user-0219,386,Giáo dục,VIEW,2026-03-17T14:00:00+00:00
user-0282,336,Giáo dục,FOLLOW,2026-03-17T16:00:00+00:00
user-0092,25,Môi trường,SEARCH,2026-03-17T18:00:00+00:00
user-0020,327,Văn hóa,SEARCH,2026-03-17T20:00:00+00:00
user-0184,14,Môi trường,VIEW,2026-03-17T22:00:00+00:00
user-0089,697,Công nghệ,VIEW,2026-03-18T00:00:00+00:00
user-0069,837,Khởi nghiệp,VIEW,2026-03-18T02:00:00+00:00
user-0148,532,Văn hóa,SEARCH,2026-03-18T04:00:00+00:00
user-0215,166,Công nghệ,VIEW,2026-03-18T06:00:00+00:00
user-0234,279,Văn hóa,FOLLOW,2026-03-18T08:00:00+00:00
user-0072,257,Công nghệ,SEARCH,2026-03-18T10:00:00+00:00
user-0165,529,Giáo dục,VIEW,2026-03-18T12:00:00+00:00
user-0228,364,Giáo dục,VIEW,2026-03-18T14:00:00+00:00
user-0072,125,Khởi nghiệp,SEARCH,2026-03-18T16:00:00+00:00
user-0257,97,Văn hóa,VIEW,2026-03-18T18:00:00+00:00
user-0145,186,Giáo dục,SEARCH,2026-03-18T20:00:00+00:00
user-0043,261,Khởi nghiệp,VIEW,2026-03-18T22:00:00+00:00
user-0194,94,Công nghệ,VIEW,2026-03-19T00:00:00+00:00
user-0280,778,Giáo dục,VIEW,2026-03-19T02:00:00+00:00
user-0166,717,Văn hóa,SEARCH,2026-03-19T04:00:00+00:00
user-0125,251,Văn hóa,CONTRIBUTE,2026-03-19T06:00:00+00:00
user-0283,49,Giáo dục,FOLLOW,2026-03-19T08:00:00+00:00
user-0264,245,Công nghệ,FOLLOW,2026-03-19T10:00:00+00:00
user-0023,543,Khởi nghiệp,FOLLOW,2026-03-19T12:00:00+00:00
user-0209,848,Khởi nghiệp,VIEW,2026-03-19T14:00:00+00:00
user-0282,257,Công nghệ,SEARCH,2026-03-19T16:00:00+00:00
user-0090,322,Khởi nghiệp,SEARCH,2026-03-19T18:00:00+00:00
user-0038,396,Y tế,SEARCH,2026-03-19T20:00:00+00:00
user-0002,565,Môi trường,VIEW,2026-03-19T22:00:00+00:00
user-0157,552,Công nghệ,VIEW,2026-03-20T00:00:00+00:00
user-0160,763,Môi trường,SEARCH,2026-03-20T02:00:00+00:00
user-0105,623,Công nghệ,FOLLOW,2026-03-20T04:00:00+00:00
user-0177,578,Khởi nghiệp,SEARCH,2026-03-20T06:00:00+00:00
user-0074,164,Công nghệ,SEARCH,2026-03-20T08:00:00+00:00
user-0250,114,Khởi nghiệp,VIEW,2026-03-20T10:00:00+00:00
user-0101,992,Giáo dục,VIEW,2026-03-20T12:00:00+00:00
user-0288,703,Công nghệ,SEARCH,2026-03-20T14:00:00+00:00
user-0264,165,Y tế,VIEW,2026-03-20T16:00:00+00:00
user-0194,271,Khởi nghiệp,VIEW,2026-03-20T18:00:00+00:00
user-0031,836,Giáo dục,FOLLOW,2026-03-20T20:00:00+00:00
user-0152,1,Giáo dục,FOLLOW,2026-03-20T22:00:00+00:00
user-0136,364,Giáo dục,VIEW,2026-03-21T00:00:00+00:00
user-0200,659,Y tế,SEARCH,2026-03-21T02:00:00+00:00
user-0071,534,Khởi nghiệp,VIEW,2026-03-21T04:00:00+00:00
user-0028,276,Công nghệ,VIEW,2026-03-21T06:00:00+00:00
user-0140,910,Giáo dục,VIEW,2026-03-21T08:00:00+00:00
user-0019,431,Văn hóa,VIEW,2026-03-21T10:00:00+00:00
user-0288,352,Khởi nghiệp,SEARCH,2026-03-21T12:00:00+00:00
user-0093,414,Khởi nghiệp,VIEW,2026-03-21T14:00:00+00:00
user-0255,740,Y tế,VIEW,2026-03-21T16:00:00+00:00
user-0140,794,Y tế,VIEW,2026-03-21T18:00:00+00:00
user-0195,175,Giáo dục,FOLLOW,2026-03-21T20:00:00+00:00
user-0191,582,Môi trường,CONTRIBUTE,2026-03-21T22:00:00+00:00
user-0067,881,Khởi nghiệp,VIEW,2026-03-22T00:00:00+00:00
user-0248,501,Công nghệ,VIEW,2026-03-22T02:00:00+00:00
user-0086,20,Văn hóa,VIEW,2026-03-22T04:00:00+00:00
user-0050,271,Khởi nghiệp,VIEW,2026-03-22T06:00:00+00:00
user-0197,248,Y tế,SEARCH,2026-03-22T08:00:00+00:00
user-0288,775,Công nghệ,SEARCH,2026-03-22T10:00:00+00:00
user-0039,564,Công nghệ,VIEW,2026-03-22T12:00:00+00:00
user-0006,153,Công nghệ,VIEW,2026-03-22T14:00:00+00:00
user-0260,224,Công nghệ,SEARCH,2026-03-22T16:00:00+00:00
user-0171,812,Khởi nghiệp,VIEW,2026-03-22T18:00:00+00:00
user-0103,634,Giáo dục,FOLLOW,2026-03-22T20:00:00+00:00
user-0187,541,Văn hóa,VIEW,2026-03-22T22:00:00+00:00
user-0277,646,Khởi nghiệp,VIEW,2026-03-23T00:00:00+00:00
user-0014,237,Y tế,CONTRIBUTE,2026-03-23T02:00:00+00:00
user-0143,730,Văn hóa,VIEW,2026-03-23T04:00:00+00:00
user-0020,949,Văn hóa,VIEW,2026-03-23T06:00:00+00:00
user-0190,412,Y tế,FOLLOW,2026-03-23T08:00:00+00:00
user-0272,464,Công nghệ,VIEW,2026-03-23T10:00:00+00:00
user-0270,390,Môi trường,SEARCH,2026-03-23T12:00:00+00:00
user-0022,380,Văn hóa,CONTRIBUTE,2026-03-23T14:00:00+00:00
user-0204,37,Khởi nghiệp,VIEW,2026-03-23T16:00:00+00:00
user-0229,957,Văn hóa,VIEW,2026-03-23T18:00:00+00:00
user-0044,639,Công nghệ,SEARCH,2026-03-23T20:00:00+00:00
user-0097,834,Công nghệ,VIEW,2026-03-23T22:00:00+00:00
user-0227,425,Giáo dục,SEARCH,2026-03-24T00:00:00+00:00
user-0279,607,Văn hóa,FOLLOW,2026-03-24T02:00:00+00:00
user-0025,704,Y tế,VIEW,2026-03-24T04:00:00+00:00
user-0220,682,Môi trường,CONTRIBUTE,2026-03-24T06:00:00+00:00
user-0159,362,Khởi nghiệp,VIEW,2026-03-24T08:00:00+00:00
user-0250,425,Giáo dục,VIEW,2026-03-24T10:00:00+00:00
user-0297,30,Giáo dục,VIEW,2026-03-24T12:00:00+00:00
user-0150,59,Y tế,VIEW,2026-03-24T14:00:00+00:00
user-0055,838,Văn hóa,SEARCH,2026-03-24T16:00:00+00:00
user-0096,784,Y tế,CONTRIBUTE,2026-03-24T18:00:00+00:00
user-0065,29,Văn hóa,CONTRIBUTE,2026-03-24T20:00:00+00:00
user-0177,829,Khởi nghiệp,VIEW,2026-03-24T22:00:00+00:00
user-0246,537,Môi trường,SEARCH,2026-03-25T00:00:00+00:00
user-0057,446,Văn hóa,CONTRIBUTE,2026-03-25T02:00:00+00:00
user-0179,23,Giáo dục,VIEW,2026-03-25T04:00:00+00:00
user-0088,610,Công nghệ,VIEW,2026-03-25T06:00:00+00:00
user-0196,507,Khởi nghiệp,SEARCH,2026-03-25T08:00:00+00:00
user-0155,345,Công nghệ,VIEW,2026-03-25T10:00:00+00:00
user-0071,425,Giáo dục,VIEW,2026-03-25T12:00:00+00:00
user-0058,58,Văn hóa,FOLLOW,2026-03-25T14:00:00+00:00
user-0184,10,Môi trường,VIEW,2026-03-25T16:00:00+00:00
user-0046,601,Môi trường,VIEW,2026-03-25T18:00:00+00:00
user-0065,348,Giáo dục,FOLLOW,2026-03-25T20:00:00+00:00
user-0119,741,Giáo dục,FOLLOW,2026-03-25T22:00:00+00:00
user-0294,38,Khởi nghiệp,CONTRIBUTE,2026-03-26T00:00:00+00:00
user-0223,679,Văn hóa,SEARCH,2026-03-26T02:00:00+00:00
user-0003,217,Giáo dục,CONTRIBUTE,2026-03-26T04:00:00+00:00
user-0107,465,Giáo dục,VIEW,2026-03-26T06:00:00+00:00
user-0261,39,Văn hóa,VIEW,2026-03-26T08:00:00+00:00
user-0232,557,Khởi nghiệp,FOLLOW,2026-03-26T10:00:00+00:00
user-0117,679,Văn hóa,VIEW,2026-03-26T12:00:00+00:00
user-0054,775,Công nghệ,VIEW,2026-03-26T14:00:00+00:00
user-0042,343,Khởi nghiệp,VIEW,2026-03-26T16:00:00+00:00
user-0015,101,Môi trường,SEARCH,2026-03-26T18:00:00+00:00
user-0059,140,Văn hóa,VIEW,2026-03-26T20:00:00+00:00
user-0018,594,Môi trường,SEARCH,2026-03-26T22:00:00+00:00
user-0004,966,Công nghệ,VIEW,2026-03-27T00:00:00+00:00
user-0118,696,Khởi nghiệp,VIEW,2026-03-27T02:00:00+00:00
user-0191,561,Khởi nghiệp,SEARCH,2026-03-27T04:00:00+00:00
user-0033,407,Công nghệ,SEARCH,2026-03-27T06:00:00+00:00
user-0197,111,Công nghệ,VIEW,2026-03-27T08:00:00+00:00
user-0123,558,Công nghệ,SEARCH,2026-03-27T10:00:00+00:00
user-0202,217,Giáo dục,VIEW,2026-03-27T12:00:00+00:00
user-0201,928,Công nghệ,SEARCH,2026-03-27T14:00:00+00:00
user-0137,805,Khởi nghiệp,VIEW,2026-03-27T16:00:00+00:00
user-0087,325,Môi trường,VIEW,2026-03-27T18:00:00+00:00
user-0120,848,Khởi nghiệp,SEARCH,2026-03-27T20:00:00+00:00
user-0133,425,Giáo dục,VIEW,2026-03-27T22:00:00+00:00
user-0116,151,Khởi nghiệp,FOLLOW,2026-03-28T00:00:00+00:00
user-0050,781,Khởi nghiệp,VIEW,2026-03-28T02:00:00+00:00
user-0239,963,Khởi nghiệp,VIEW,2026-03-28T04:00:00+00:00
user-0143,113,Giáo dục,SEARCH,2026-03-28T06:00:00+00:00
user-0161,307,Môi trường,FOLLOW,2026-03-28T08:00:00+00:00
user-0142,520,Môi trường,VIEW,2026-03-28T10:00:00+00:00
user-0186,981,Giáo dục,SEARCH,2026-03-28T12:00:00+00:00
user-0141,109,Môi trường,SEARCH,2026-03-28T14:00:00+00:00
user-0031,729,Khởi nghiệp,VIEW,2026-03-28T16:00:00+00:00
user-0253,981,Giáo dục,FOLLOW,2026-03-28T18:00:00+00:00
user-0287,992,Giáo dục,VIEW,2026-03-28T20:00:00+00:00
user-0114,282,Giáo dục,VIEW,2026-03-28T22:00:00+00:00
user-0273,912,Y tế,FOLLOW,2026-03-29T00:00:00+00:00
user-0228,170,Giáo dục,SEARCH,2026-03-29T02:00:00+00:00
user-0010,531,Môi trường,FOLLOW,2026-03-29T04:00:00+00:00
user-0140,824,Giáo dục,VIEW,2026-03-29T06:00:00+00:00
user-0106,550,Khởi nghiệp,FOLLOW,2026-03-29T08:00:00+00:00
user-0177,220,Văn hóa,VIEW,2026-03-29T10:00:00+00:00
user-0033,476,Môi trường,VIEW,2026-03-29T12:00:00+00:00
user-0129,133,Khởi nghiệp,VIEW,2026-03-29T14:00:00+00:00
user-0181,97,Văn hóa,CONTRIBUTE,2026-03-29T16:00:00+00:00
user-0205,821,Khởi nghiệp,FOLLOW,2026-03-29T18:00:00+00:00
user-0141,398,Văn hóa,FOLLOW,2026-03-29T20:00:00+00:00
user-0227,276,Công nghệ,SEARCH,2026-03-29T22:00:00+00:00
user-0106,475,Khởi nghiệp,VIEW,2026-03-30T00:00:00+00:00
user-0300,279,Văn hóa,FOLLOW,2026-03-30T02:00:00+00:00
user-0134,14,Môi trường,SEARCH,2026-03-30T04:00:00+00:00
user-0102,106,Văn hóa,FOLLOW,2026-03-30T06:00:00+00:00
user-0198,483,Y tế,VIEW,2026-03-30T08:00:00+00:00
user-0193,531,Môi trường,VIEW,2026-03-30T10:00:00+00:00
user-0169,795,Giáo dục,VIEW,2026-03-30T12:00:00+00:00
user-0222,734,Giáo dục,VIEW,2026-03-30T14:00:00+00:00
user-0247,43,Công nghệ,VIEW,2026-03-30T16:00:00+00:00
user-0052,689,Công nghệ,VIEW,2026-03-30T18:00:00+00:00
user-0124,201,Y tế,VIEW,2026-03-30T20:00:00+00:00
user-0185,948,Văn hóa,FOLLOW,2026-03-30T22:00:00+00:00
user-0010,910,Giáo dục,SEARCH,2026-03-31T00:00:00+00:00
user-0070,178,Công nghệ,VIEW,2026-03-31T02:00:00+00:00
user-0070,339,Công nghệ,VIEW,2026-03-31T04:00:00+00:00
user-0022,779,Công nghệ,VIEW,2026-03-31T06:00:00+00:00
user-0120,956,Khởi nghiệp,SEARCH,2026-03-31T08:00:00+00:00
user-0210,516,Khởi nghiệp,FOLLOW,2026-03-31T10:00:00+00:00
user-0070,951,Văn hóa,FOLLOW,2026-03-31T12:00:00+00:00
user-0128,710,Môi trường,FOLLOW,2026-03-31T14:00:00+00:00
user-0022,131,Công nghệ,VIEW,2026-03-31T16:00:00+00:00
user-0038,527,Y tế,VIEW,2026-03-31T18:00:00+00:00
user-0141,509,Văn hóa,VIEW,2026-03-31T20:00:00+00:00
user-0154,89,Khởi nghiệp,VIEW,2026-03-31T22:00:00+00:00
user-0120,925,Văn hóa,FOLLOW,2026-04-01T00:00:00+00:00
user-0274,67,Môi trường,SEARCH,2026-04-01T02:00:00+00:00
user-0293,320,Công nghệ,FOLLOW,2026-04-01T04:00:00+00:00
user-0295,934,Văn hóa,SEARCH,2026-04-01T06:00:00+00:00
user-0208,113,Giáo dục,VIEW,2026-04-01T08:00:00+00:00
user-0069,360,Công nghệ,VIEW,2026-04-01T10:00:00+00:00
user-0214,876,Văn hóa,VIEW,2026-04-01T12:00:00+00:00
user-0186,857,Giáo dục,VIEW,2026-04-01T14:00:00+00:00
user-0181,778,Giáo dục,SEARCH,2026-04-01T16:00:00+00:00
user-0022,73,Công nghệ,SEARCH,2026-04-01T18:00:00+00:00
user-0203,198,Giáo dục,SEARCH,2026-04-01T20:00:00+00:00
user-0063,67,Môi trường,VIEW,2026-04-01T22:00:00+00:00
user-0139,999,Khởi nghiệp,VIEW,2026-04-02T00:00:00+00:00
user-0185,174,Văn hóa,FOLLOW,2026-04-02T02:00:00+00:00
user-0033,782,Y tế,FOLLOW,2026-04-02T04:00:00+00:00
user-0172,268,Khởi nghiệp,VIEW,2026-04-02T06:00:00+00:00
user-0283,233,Giáo dục,FOLLOW,2026-04-02T08:00:00+00:00
user-0206,482,Văn hóa,FOLLOW,2026-04-02T10:00:00+00:00
user-0163,218,Giáo dục,SEARCH,2026-04-02T12:00:00+00:00
user-0062,377,Môi trường,FOLLOW,2026-04-02T14:00:00+00:00
user-0215,493,Văn hóa,CONTRIBUTE,2026-04-02T16:00:00+00:00
user-0047,696,Khởi nghiệp,VIEW,2026-04-02T18:00:00+00:00
user-0280,246,Khởi nghiệp,VIEW,2026-04-02T20:00:00+00:00
user-0033,664,Công nghệ,SEARCH,2026-04-02T22:00:00+00:00
user-0043,925,Văn hóa,SEARCH,2026-04-03T00:00:00+00:00
user-0078,883,Khởi nghiệp,SEARCH,2026-04-03T02:00:00+00:00
user-0264,610,Công nghệ,SEARCH,2026-04-03T04:00:00+00:00
user-0276,35,Văn hóa,VIEW,2026-04-03T06:00:00+00:00
user-0257,860,Văn hóa,FOLLOW,2026-04-03T08:00:00+00:00
user-0137,812,Khởi nghiệp,SEARCH,2026-04-03T10:00:00+00:00
user-0166,882,Khởi nghiệp,SEARCH,2026-04-03T12:00:00+00:00
user-0265,842,Khởi nghiệp,VIEW,2026-04-03T14:00:00+00:00
user-0263,309,Giáo dục,FOLLOW,2026-04-03T16:00:00+00:00
user-0100,842,Khởi nghiệp,SEARCH,2026-04-03T18:00:00+00:00
user-0084,318,Khởi nghiệp,VIEW,2026-04-03T20:00:00+00:00
user-0271,231,Môi trường,FOLLOW,2026-04-03T22:00:00+00:00
user-0064,735,Môi trường,VIEW,2026-04-04T00:00:00+00:00
user-0110,452,Công nghệ,VIEW,2026-04-04T02:00:00+00:00
user-0244,592,Môi trường,SEARCH,2026-04-04T04:00:00+00:00
user-0213,795,Giáo dục,VIEW,2026-04-04T06:00:00+00:00
user-0006,572,Giáo dục,SEARCH,2026-04-04T08:00:00+00:00
user-0023,85,Giáo dục,SEARCH,2026-04-04T10:00:00+00:00
user-0119,218,Giáo dục,VIEW,2026-04-04T12:00:00+00:00
user-0007,897,Môi trường,VIEW,2026-04-04T14:00:00+00:00
user-0085,560,Giáo dục,VIEW,2026-04-04T16:00:00+00:00
user-0238,881,Khởi nghiệp,VIEW,2026-04-04T18:00:00+00:00
user-0032,964,Khởi nghiệp,VIEW,2026-04-04T20:00:00+00:00
user-0207,21,Văn hóa,FOLLOW,2026-04-04T22:00:00+00:00
user-0063,577,Giáo dục,VIEW,2026-04-05T00:00:00+00:00
user-0135,9,Môi trường,VIEW,2026-04-05T02:00:00+00:00
user-0236,46,Y tế,SEARCH,2026-04-05T04:00:00+00:00
user-0288,40,Khởi nghiệp,FOLLOW,2026-04-05T06:00:00+00:00
user-0152,71,Giáo dục,FOLLOW,2026-04-05T08:00:00+00:00
user-0072,271,Khởi nghiệp,SEARCH,2026-04-05T10:00:00+00:00
user-0015,594,Môi trường,SEARCH,2026-04-05T12:00:00+00:00
user-0001,184,Văn hóa,VIEW,2026-04-05T14:00:00+00:00
user-0104,163,Khởi nghiệp,VIEW,2026-04-05T16:00:00+00:00
user-0243,587,Y tế,FOLLOW,2026-04-05T18:00:00+00:00
user-0025,200,Y tế,SEARCH,2026-04-05T20:00:00+00:00
user-0060,518,Văn hóa,VIEW,2026-04-05T22:00:00+00:00
user-0177,39,Văn hóa,SEARCH,2026-04-06T00:00:00+00:00
user-0227,927,Y tế,SEARCH,2026-04-06T02:00:00+00:00
user-0178,894,Giáo dục,SEARCH,2026-04-06T04:00:00+00:00
user-0279,86,Văn hóa,VIEW,2026-04-06T06:00:00+00:00
user-0104,98,Giáo dục,VIEW,2026-04-06T08:00:00+00:00
user-0013,160,Văn hóa,SEARCH,2026-04-06T10:00:00+00:00
user-0004,430,Công nghệ,SEARCH,2026-04-06T12:00:00+00:00
user-0300,105,Văn hóa,VIEW,2026-04-06T14:00:00+00:00
user-0139,427,Công nghệ,VIEW,2026-04-06T16:00:00+00:00
user-0233,520,Môi trường,VIEW,2026-04-06T18:00:00+00:00
user-0188,515,Y tế,SEARCH,2026-04-06T20:00:00+00:00
user-0102,716,Giáo dục,VIEW,2026-04-06T22:00:00+00:00
user-0071,902,Khởi nghiệp,VIEW,2026-04-07T00:00:00+00:00
user-0288,125,Khởi nghiệp,VIEW,2026-04-07T02:00:00+00:00
user-0140,878,Công nghệ,VIEW,2026-04-07T04:00:00+00:00
user-0211,860,Văn hóa,VIEW,2026-04-07T06:00:00+00:00
user-0233,674,Công nghệ,FOLLOW,2026-04-07T08:00:00+00:00
user-0170,758,Công nghệ,VIEW,2026-04-07T10:00:00+00:00
user-0022,850,Văn hóa,SEARCH,2026-04-07T12:00:00+00:00
user-0151,593,Môi trường,VIEW,2026-04-07T14:00:00+00:00
user-0168,144,Y tế,SEARCH,2026-04-07T16:00:00+00:00
user-0270,600,Văn hóa,VIEW,2026-04-07T18:00:00+00:00
user-0182,720,Văn hóa,VIEW,2026-04-07T20:00:00+00:00
user-0007,143,Môi trường,FOLLOW,2026-04-07T22:00:00+00:00
user-0139,442,Khởi nghiệp,VIEW,2026-04-08T00:00:00+00:00
user-0270,937,Môi trường,SEARCH,2026-04-08T02:00:00+00:00
user-0253,279,Văn hóa,SEARCH,2026-04-08T04:00:00+00:00
user-0298,702,Y tế,FOLLOW,2026-04-08T06:00:00+00:00
user-0169,592,Môi trường,VIEW,2026-04-08T08:00:00+00:00
user-0252,673,Công nghệ,FOLLOW,2026-04-08T10:00:00+00:00
user-0278,161,Khởi nghiệp,SEARCH,2026-04-08T12:00:00+00:00
user-0254,556,Giáo dục,FOLLOW,2026-04-08T14:00:00+00:00
user-0126,720,Văn hóa,SEARCH,2026-04-08T16:00:00+00:00
user-0088,311,Y tế,SEARCH,2026-04-08T18:00:00+00:00
user-0002,545,Môi trường,VIEW,2026-04-08T20:00:00+00:00
user-0174,418,Văn hóa,SEARCH,2026-04-08T22:00:00+00:00
user-0181,87,Văn hóa,FOLLOW,2026-04-09T00:00:00+00:00
user-0273,130,Công nghệ,VIEW,2026-04-09T02:00:00+00:00
user-0093,271,Khởi nghiệp,VIEW,2026-04-09T04:00:00+00:00
user-0011,581,Giáo dục,SEARCH,2026-04-09T06:00:00+00:00
user-0227,463,Y tế,SEARCH,2026-04-09T08:00:00+00:00
user-0134,79,Môi trường,VIEW,2026-04-09T10:00:00+00:00
user-0046,755,Công nghệ,FOLLOW,2026-04-09T12:00:00+00:00
user-0250,770,Khởi nghiệp,VIEW,2026-04-09T14:00:00+00:00
user-0271,817,Y tế,VIEW,2026-04-09T16:00:00+00:00
user-0245,226,Khởi nghiệp,SEARCH,2026-04-09T18:00:00+00:00
user-0272,962,Khởi nghiệp,VIEW,2026-04-09T20:00:00+00:00
user-0107,123,Môi trường,VIEW,2026-04-09T22:00:00+00:00
user-0279,266,Môi trường,VIEW,2026-04-10T00:00:00+00:00
user-0043,283,Văn hóa,VIEW,2026-04-10T02:00:00+00:00
user-0118,535,Môi trường,VIEW,2026-04-10T04:00:00+00:00
user-0295,308,Văn hóa,FOLLOW,2026-04-10T06:00:00+00:00
user-0167,393,Y tế,SEARCH,2026-04-10T08:00:00+00:00
user-0265,698,Môi trường,SEARCH,2026-04-10T10:00:00+00:00
user-0214,850,Văn hóa,VIEW,2026-04-10T12:00:00+00:00
user-0254,884,Công nghệ,SEARCH,2026-04-10T14:00:00+00:00
user-0076,195,Y tế,VIEW,2026-04-10T16:00:00+00:00
user-0088,305,Công nghệ,SEARCH,2026-04-10T18:00:00+00:00
user-0094,987,Giáo dục,SEARCH,2026-04-10T20:00:00+00:00
user-0120,422,Văn hóa,SEARCH,2026-04-10T22:00:00+00:00
user-0266,87,Văn hóa,VIEW,2026-04-11T00:00:00+00:00
user-0271,551,Môi trường,VIEW,2026-04-11T02:00:00+00:00
user-0177,660,Công nghệ,VIEW,2026-04-11T04:00:00+00:00
user-0069,868,Công nghệ,VIEW,2026-04-11T06:00:00+00:00
user-0051,934,Văn hóa,VIEW,2026-04-11T08:00:00+00:00
user-0059,964,Khởi nghiệp,CONTRIBUTE,2026-04-11T10:00:00+00:00
user-0277,649,Khởi nghiệp,SEARCH,2026-04-11T12:00:00+00:00
user-0256,420,Khởi nghiệp,VIEW,2026-04-11T14:00:00+00:00
user-0023,880,Môi trường,SEARCH,2026-04-11T16:00:00+00:00
user-0010,116,Môi trường,VIEW,2026-04-11T18:00:00+00:00
user-0007,409,Văn hóa,VIEW,2026-04-11T20:00:00+00:00
user-0029,275,Môi trường,VIEW,2026-04-11T22:00:00+00:00
user-0267,425,Giáo dục,VIEW,2026-04-12T00:00:00+00:00
user-0169,759,Môi trường,VIEW,2026-04-12T02:00:00+00:00
user-0115,459,Y tế,SEARCH,2026-04-12T04:00:00+00:00
user-0006,560,Giáo dục,VIEW,2026-04-12T06:00:00+00:00
user-0260,73,Công nghệ,SEARCH,2026-04-12T08:00:00+00:00
user-0137,552,Công nghệ,SEARCH,2026-04-12T10:00:00+00:00
user-0059,88,Khởi nghiệp,VIEW,2026-04-12T12:00:00+00:00
user-0102,795,Giáo dục,VIEW,2026-04-12T14:00:00+00:00
user-0257,840,Văn hóa,VIEW,2026-04-12T16:00:00+00:00
user-0060,388,Văn hóa,SEARCH,2026-04-12T18:00:00+00:00
user-0135,816,Môi trường,VIEW,2026-04-12T20:00:00+00:00
user-0200,839,Y tế,FOLLOW,2026-04-12T22:00:00+00:00
user-0288,90,Môi trường,VIEW,2026-04-13T00:00:00+00:00
user-0012,471,Y tế,VIEW,2026-04-13T02:00:00+00:00
user-0133,602,Giáo dục,VIEW,2026-04-13T04:00:00+00:00
user-0131,401,Môi trường,SEARCH,2026-04-13T06:00:00+00:00
user-0066,47,Giáo dục,VIEW,2026-04-13T08:00:00+00:00
user-0118,406,Môi trường,VIEW,2026-04-13T10:00:00+00:00
user-0178,937,Môi trường,FOLLOW,2026-04-13T12:00:00+00:00
user-0171,956,Khởi nghiệp,SEARCH,2026-04-13T14:00:00+00:00
user-0122,460,Môi trường,SEARCH,2026-04-13T16:00:00+00:00
user-0146,484,Văn hóa,VIEW,2026-04-13T18:00:00+00:00
user-0090,807,Y tế,VIEW,2026-04-13T20:00:00+00:00
user-0130,231,Môi trường,VIEW,2026-04-13T22:00:00+00:00
user-0013,942,Khởi nghiệp,SEARCH,2026-04-14T00:00:00+00:00
user-0198,977,Văn hóa,FOLLOW,2026-04-14T02:00:00+00:00
user-0137,338,Công nghệ,VIEW,2026-04-14T04:00:00+00:00
user-0151,663,Văn hóa,CONTRIBUTE,2026-04-14T06:00:00+00:00
user-0239,829,Khởi nghiệp,VIEW,2026-04-14T08:00:00+00:00
user-0291,534,Khởi nghiệp,SEARCH,2026-04-14T10:00:00+00:00
user-0074,658,Công nghệ,VIEW,2026-04-14T12:00:00+00:00
user-0227,353,Y tế,VIEW,2026-04-14T14:00:00+00:00
user-0222,896,Giáo dục,VIEW,2026-04-14T16:00:00+00:00
user-0277,974,Khởi nghiệp,FOLLOW,2026-04-14T18:00:00+00:00
user-0241,906,Văn hóa,VIEW,2026-04-14T20:00:00+00:00
user-0204,574,Môi trường,CONTRIBUTE,2026-04-14T22:00:00+00:00
user-0210,909,Môi trường,VIEW,2026-04-15T00:00:00+00:00
user-0089,971,Khởi nghiệp,SEARCH,2026-04-15T02:00:00+00:00
user-0143,711,Giáo dục,VIEW,2026-04-15T04:00:00+00:00
user-0235,586,Giáo dục,FOLLOW,2026-04-15T06:00:00+00:00
user-0155,884,Công nghệ,VIEW,2026-04-15T08:00:00+00:00
user-0005,648,Môi trường,SEARCH,2026-04-15T10:00:00+00:00
user-0065,65,Văn hóa,VIEW,2026-04-15T12:00:00+00:00
user-0293,273,Văn hóa,VIEW,2026-04-15T14:00:00+00:00
user-0110,576,Công nghệ,SEARCH,2026-04-15T16:00:00+00:00
user-0278,286,Công nghệ,VIEW,2026-04-15T18:00:00+00:00
user-0153,435,Môi trường,VIEW,2026-04-15T20:00:00+00:00
user-0184,470,Giáo dục,SEARCH,2026-04-15T22:00:00+00:00
user-0114,345,Công nghệ,SEARCH,2026-04-16T00:00:00+00:00
user-0080,228,Môi trường,FOLLOW,2026-04-16T02:00:00+00:00
user-0079,563,Giáo dục,SEARCH,2026-04-16T04:00:00+00:00
user-0062,458,Môi trường,CONTRIBUTE,2026-04-16T06:00:00+00:00
user-0137,502,Công nghệ,FOLLOW,2026-04-16T08:00:00+00:00
user-0268,643,Khởi nghiệp,VIEW,2026-04-16T10:00:00+00:00
user-0080,451,Văn hóa,FOLLOW,2026-04-16T12:00:00+00:00
user-0227,667,Y tế,VIEW,2026-04-16T14:00:00+00:00
user-0039,870,Công nghệ,VIEW,2026-04-16T16:00:00+00:00
user-0260,426,Môi trường,VIEW,2026-04-16T18:00:00+00:00
user-0106,805,Khởi nghiệp,VIEW,2026-04-16T20:00:00+00:00
user-0222,885,Giáo dục,SEARCH,2026-04-16T22:00:00+00:00
user-0115,887,Văn hóa,FOLLOW,2026-04-17T00:00:00+00:00
user-0205,549,Môi trường,SEARCH,2026-04-17T02:00:00+00:00
user-0121,575,Môi trường,SEARCH,2026-04-17T04:00:00+00:00
user-0256,582,Môi trường,SEARCH,2026-04-17T06:00:00+00:00
user-0029,243,Y tế,VIEW,2026-04-17T08:00:00+00:00
user-0178,893,Giáo dục,VIEW,2026-04-17T10:00:00+00:00
user-0283,212,Giáo dục,SEARCH,2026-04-17T12:00:00+00:00
user-0146,137,Khởi nghiệp,SEARCH,2026-04-17T14:00:00+00:00
user-0136,22,Y tế,VIEW,2026-04-17T16:00:00+00:00
user-0188,357,Môi trường,SEARCH,2026-04-17T18:00:00+00:00
user-0096,515,Y tế,VIEW,2026-04-17T20:00:00+00:00
user-0230,294,Khởi nghiệp,FOLLOW,2026-04-17T22:00:00+00:00
user-0299,305,Công nghệ,VIEW,2026-04-18T00:00:00+00:00
user-0090,597,Khởi nghiệp,VIEW,2026-04-18T02:00:00+00:00
user-0194,852,Công nghệ,SEARCH,2026-04-18T04:00:00+00:00
user-0293,895,Công nghệ,VIEW,2026-04-18T06:00:00+00:00
user-0260,944,Môi trường,FOLLOW,2026-04-18T08:00:00+00:00
user-0298,439,Công nghệ,VIEW,2026-04-18T10:00:00+00:00
user-0113,875,Y tế,VIEW,2026-04-18T12:00:00+00:00
user-0294,526,Văn hóa,FOLLOW,2026-04-18T14:00:00+00:00
user-0193,93,Môi trường,VIEW,2026-04-18T16:00:00+00:00
user-0130,484,Văn hóa,SEARCH,2026-04-18T18:00:00+00:00
user-0001,298,Văn hóa,VIEW,2026-04-18T20:00:00+00:00
user-0119,538,Giáo dục,VIEW,2026-04-18T22:00:00+00:00
user-0097,573,Môi trường,VIEW,2026-04-19T00:00:00+00:00
user-0004,942,Khởi nghiệp,FOLLOW,2026-04-19T02:00:00+00:00
user-0072,971,Khởi nghiệp,VIEW,2026-04-19T04:00:00+00:00
user-0003,824,Giáo dục,SEARCH,2026-04-19T06:00:00+00:00
user-0151,680,Khởi nghiệp,VIEW,2026-04-19T08:00:00+00:00
user-0261,818,Môi trường,VIEW,2026-04-19T10:00:00+00:00
user-0228,634,Giáo dục,VIEW,2026-04-19T12:00:00+00:00
user-0236,587,Y tế,FOLLOW,2026-04-19T14:00:00+00:00
user-0288,256,Khởi nghiệp,VIEW,2026-04-19T16:00:00+00:00
user-0070,974,Khởi nghiệp,SEARCH,2026-04-19T18:00:00+00:00
user-0298,672,Y tế,FOLLOW,2026-04-19T20:00:00+00:00
user-0205,992,Giáo dục,VIEW,2026-04-19T22:00:00+00:00
user-0052,999,Khởi nghiệp,FOLLOW,2026-04-20T00:00:00+00:00
user-0040,546,Y tế,VIEW,2026-04-20T02:00:00+00:00
user-0070,164,Công nghệ,VIEW,2026-04-20T04:00:00+00:00
user-0273,272,Công nghệ,FOLLOW,2026-04-20T06:00:00+00:00
user-0173,328,Văn hóa,CONTRIBUTE,2026-04-20T08:00:00+00:00
user-0250,956,Khởi nghiệp,VIEW,2026-04-20T10:00:00+00:00
user-0124,901,Văn hóa,SEARCH,2026-04-20T12:00:00+00:00
user-0032,428,Văn hóa,CONTRIBUTE,2026-04-20T14:00:00+00:00
user-0113,702,Y tế,VIEW,2026-04-20T16:00:00+00:00
user-0189,961,Y tế,VIEW,2026-04-20T18:00:00+00:00
user-0029,215,Môi trường,VIEW,2026-04-20T20:00:00+00:00
user-0139,658,Công nghệ,VIEW,2026-04-20T22:00:00+00:00
user-0040,12,Văn hóa,SEARCH,2026-04-21T00:00:00+00:00
user-0197,761,Y tế,FOLLOW,2026-04-21T02:00:00+00:00
user-0237,469,Y tế,CONTRIBUTE,2026-04-21T04:00:00+00:00
user-0130,55,Công nghệ,FOLLOW,2026-04-21T06:00:00+00:00
user-0059,451,Văn hóa,VIEW,2026-04-21T08:00:00+00:00
user-0151,87,Văn hóa,FOLLOW,2026-04-21T10:00:00+00:00
user-0126,132,Giáo dục,VIEW,2026-04-21T12:00:00+00:00
user-0038,203,Y tế,SEARCH,2026-04-21T14:00:00+00:00
user-0028,208,Giáo dục,FOLLOW,2026-04-21T16:00:00+00:00
user-0009,959,Văn hóa,SEARCH,2026-04-21T18:00:00+00:00
user-0286,499,Giáo dục,FOLLOW,2026-04-21T20:00:00+00:00
user-0200,136,Y tế,SEARCH,2026-04-21T22:00:00+00:00
user-0073,480,Giáo dục,SEARCH,2026-04-22T00:00:00+00:00
user-0187,704,Y tế,VIEW,2026-04-22T02:00:00+00:00
user-0282,178,Công nghệ,VIEW,2026-04-22T04:00:00+00:00
user-0033,145,Công nghệ,SEARCH,2026-04-22T06:00:00+00:00
user-0070,7,Công nghệ,VIEW,2026-04-22T08:00:00+00:00
user-0129,759,Môi trường,SEARCH,2026-04-22T10:00:00+00:00
user-0109,965,Văn hóa,VIEW,2026-04-22T12:00:00+00:00
user-0244,263,Khởi nghiệp,CONTRIBUTE,2026-04-22T14:00:00+00:00
user-0079,212,Giáo dục,SEARCH,2026-04-22T16:00:00+00:00
user-0009,31,Y tế,VIEW,2026-04-22T18:00:00+00:00
user-0229,768,Y tế,VIEW,2026-04-22T20:00:00+00:00
user-0275,792,Công nghệ,SEARCH,2026-04-22T22:00:00+00:00
user-0205,109,Môi trường,VIEW,2026-04-23T00:00:00+00:00
user-0003,711,Giáo dục,VIEW,2026-04-23T02:00:00+00:00
user-0045,178,Công nghệ,SEARCH,2026-04-23T04:00:00+00:00
user-0066,140,Văn hóa,VIEW,2026-04-23T06:00:00+00:00
user-0111,895,Công nghệ,VIEW,2026-04-23T08:00:00+00:00
user-0173,649,Khởi nghiệp,FOLLOW,2026-04-23T10:00:00+00:00
user-0077,636,Công nghệ,SEARCH,2026-04-23T12:00:00+00:00
user-0086,567,Văn hóa,VIEW,2026-04-23T14:00:00+00:00
user-0120,962,Khởi nghiệp,SEARCH,2026-04-23T16:00:00+00:00
user-0083,676,Văn hóa,VIEW,2026-04-23T18:00:00+00:00
user-0158,667,Y tế,FOLLOW,2026-04-23T20:00:00+00:00
user-0253,94,Công nghệ,SEARCH,2026-04-23T22:00:00+00:00
user-0021,812,Khởi nghiệp,VIEW,2026-04-24T00:00:00+00:00
user-0296,672,Y tế,SEARCH,2026-04-24T02:00:00+00:00
user-0039,360,Công nghệ,VIEW,2026-04-24T04:00:00+00:00
user-0010,602,Giáo dục,FOLLOW,2026-04-24T06:00:00+00:00
user-0061,678,Y tế,VIEW,2026-04-24T08:00:00+00:00
user-0199,832,Môi trường,VIEW,2026-04-24T10:00:00+00:00
user-0164,534,Khởi nghiệp,SEARCH,2026-04-24T12:00:00+00:00
user-0007,989,Giáo dục,VIEW,2026-04-24T14:00:00+00:00
user-0243,498,Khởi nghiệp,VIEW,2026-04-24T16:00:00+00:00
user-0246,909,Môi trường,VIEW,2026-04-24T18:00:00+00:00
user-0276,96,Y tế,SEARCH,2026-04-24T20:00:00+00:00
user-0275,366,Y tế,SEARCH,2026-04-24T22:00:00+00:00
user-0141,957,Văn hóa,SEARCH,2026-04-25T00:00:00+00:00
user-0294,128,Văn hóa,SEARCH,2026-04-25T02:00:00+00:00
user-0073,864,Giáo dục,SEARCH,2026-04-25T04:00:00+00:00
user-0170,796,Khởi nghiệp,FOLLOW,2026-04-25T06:00:00+00:00
user-0068,612,Văn hóa,VIEW,2026-04-25T08:00:00+00:00
user-0055,305,Công nghệ,VIEW,2026-04-25T10:00:00+00:00
user-0035,914,Môi trường,SEARCH,2026-04-25T12:00:00+00:00
user-0259,761,Y tế,VIEW,2026-04-25T14:00:00+00:00
user-0188,382,Môi trường,SEARCH,2026-04-25T16:00:00+00:00
user-0106,569,Khởi nghiệp,SEARCH,2026-04-25T18:00:00+00:00
user-0267,458,Môi trường,VIEW,2026-04-25T20:00:00+00:00
user-0281,150,Văn hóa,VIEW,2026-04-25T22:00:00+00:00
user-0271,138,Y tế,VIEW,2026-04-26T00:00:00+00:00
user-0031,681,Khởi nghiệp,VIEW,2026-04-26T02:00:00+00:00
user-0149,361,Khởi nghiệp,FOLLOW,2026-04-26T04:00:00+00:00
user-0203,406,Môi trường,FOLLOW,2026-04-26T06:00:00+00:00
user-0178,155,Y tế,SEARCH,2026-04-26T08:00:00+00:00
user-0036,887,Văn hóa,VIEW,2026-04-26T10:00:00+00:00
user-0128,521,Môi trường,FOLLOW,2026-04-26T12:00:00+00:00
user-0141,441,Y tế,VIEW,2026-04-26T14:00:00+00:00
user-0061,298,Văn hóa,CONTRIBUTE,2026-04-26T16:00:00+00:00
user-0230,749,Khởi nghiệp,VIEW,2026-04-26T18:00:00+00:00
user-0243,974,Khởi nghiệp,VIEW,2026-04-26T20:00:00+00:00
user-0018,482,Văn hóa,SEARCH,2026-04-26T22:00:00+00:00
user-0072,615,Khởi nghiệp,SEARCH,2026-04-27T00:00:00+00:00
user-0139,55,Công nghệ,SEARCH,2026-04-27T02:00:00+00:00
user-0149,148,Giáo dục,SEARCH,2026-04-27T04:00:00+00:00
user-0076,768,Y tế,SEARCH,2026-04-27T06:00:00+00:00
user-0123,966,Công nghệ,SEARCH,2026-04-27T08:00:00+00:00
user-0133,495,Môi trường,SEARCH,2026-04-27T10:00:00+00:00
user-0157,320,Công nghệ,VIEW,2026-04-27T12:00:00+00:00
user-0057,813,Khởi nghiệp,FOLLOW,2026-04-27T14:00:00+00:00
user-0026,660,Công nghệ,SEARCH,2026-04-27T16:00:00+00:00
user-0152,146,Khởi nghiệp,VIEW,2026-04-27T18:00:00+00:00
user-0252,579,Văn hóa,SEARCH,2026-04-27T20:00:00+00:00
user-0061,720,Văn hóa,VIEW,2026-04-27T22:00:00+00:00
user-0217,614,Môi trường,CONTRIBUTE,2026-04-28T00:00:00+00:00
user-0118,38,Khởi nghiệp,VIEW,2026-04-28T02:00:00+00:00
user-0107,365,Môi trường,FOLLOW,2026-04-28T04:00:00+00:00
user-0250,273,Văn hóa,SEARCH,2026-04-28T06:00:00+00:00
user-0183,572,Giáo dục,VIEW,2026-04-28T08:00:00+00:00
user-0257,984,Công nghệ,SEARCH,2026-04-28T10:00:00+00:00
user-0038,424,Y tế,VIEW,2026-04-28T12:00:00+00:00
user-0011,867,Công nghệ,VIEW,2026-04-28T14:00:00+00:00
user-0032,192,Văn hóa,VIEW,2026-04-28T16:00:00+00:00
user-0107,435,Môi trường,SEARCH,2026-04-28T18:00:00+00:00
user-0214,962,Khởi nghiệp,FOLLOW,2026-04-28T20:00:00+00:00
user-0290,607,Văn hóa,FOLLOW,2026-04-28T22:00:00+00:00
user-0076,440,Y tế,VIEW,2026-04-29T00:00:00+00:00
user-0250,641,Công nghệ,SEARCH,2026-04-29T02:00:00+00:00
user-0037,672,Y tế,SEARCH,2026-04-29T04:00:00+00:00
user-0244,922,Môi trường,CONTRIBUTE,2026-04-29T06:00:00+00:00
user-0110,400,Giáo dục,FOLLOW,2026-04-29T08:00:00+00:00
user-0259,203,Y tế,SEARCH,2026-04-29T10:00:00+00:00
user-0235,674,Công nghệ,VIEW,2026-04-29T12:00:00+00:00
user-0056,696,Khởi nghiệp,VIEW,2026-04-29T14:00:00+00:00
user-0063,231,Môi trường,VIEW,2026-04-29T16:00:00+00:00
user-0225,132,Giáo dục,VIEW,2026-04-29T18:00:00+00:00
user-0235,309,Giáo dục,FOLLOW,2026-04-29T20:00:00+00:00
user-0042,429,Khởi nghiệp,VIEW,2026-04-29T22:00:00+00:00
user-0211,398,Văn hóa,SEARCH,2026-04-30T00:00:00+00:00
user-0031,757,Khởi nghiệp,VIEW,2026-04-30T02:00:00+00:00
user-0161,605,Môi trường,VIEW,2026-04-30T04:00:00+00:00
user-0061,554,Công nghệ,CONTRIBUTE,2026-04-30T06:00:00+00:00
user-0086,467,Y tế,VIEW,2026-04-30T08:00:00+00:00
user-0021,762,Y tế,VIEW,2026-04-30T10:00:00+00:00
user-0091,73,Công nghệ,VIEW,2026-04-30T12:00:00+00:00
user-0012,599,Khởi nghiệp,VIEW,2026-04-30T14:00:00+00:00
user-0055,860,Văn hóa,FOLLOW,2026-04-30T16:00:00+00:00
user-0009,872,Y tế,FOLLOW,2026-04-30T18:00:00+00:00
user-0125,383,Y tế,VIEW,2026-04-30T20:00:00+00:00
user-0275,737,Văn hóa,VIEW,2026-04-30T22:00:00+00:00
user-0268,866,Khởi nghiệp,SEARCH,2026-05-01T00:00:00+00:00
user-0083,506,Văn hóa,SEARCH,2026-05-01T02:00:00+00:00
user-0239,488,Giáo dục,VIEW,2026-05-01T04:00:00+00:00
user-0080,441,Y tế,VIEW,2026-05-01T06:00:00+00:00
user-0081,898,Giáo dục,SEARCH,2026-05-01T08:00:00+00:00
user-0251,493,Văn hóa,VIEW,2026-05-01T10:00:00+00:00
user-0114,896,Giáo dục,VIEW,2026-05-01T12:00:00+00:00
user-0006,584,Y tế,VIEW,2026-05-01T14:00:00+00:00
user-0268,805,Khởi nghiệp,FOLLOW,2026-05-01T16:00:00+00:00
user-0020,644,Y tế,SEARCH,2026-05-01T18:00:00+00:00
user-0098,372,Môi trường,SEARCH,2026-05-01T20:00:00+00:00
user-0284,306,Môi trường,SEARCH,2026-05-01T22:00:00+00:00
user-0236,20,Văn hóa,SEARCH,2026-05-02T00:00:00+00:00
user-0244,458,Môi trường,SEARCH,2026-05-02T02:00:00+00:00
user-0181,86,Văn hóa,VIEW,2026-05-02T04:00:00+00:00
user-0206,840,Văn hóa,VIEW,2026-05-02T06:00:00+00:00
user-0243,921,Khởi nghiệp,VIEW,2026-05-02T08:00:00+00:00
user-0204,265,Khởi nghiệp,SEARCH,2026-05-02T10:00:00+00:00
user-0136,242,Giáo dục,VIEW,2026-05-02T12:00:00+00:00
user-0124,740,Y tế,VIEW,2026-05-02T14:00:00+00:00
user-0098,913,Y tế,FOLLOW,2026-05-02T16:00:00+00:00
user-0082,861,Giáo dục,VIEW,2026-05-02T18:00:00+00:00
user-0282,291,Giáo dục,VIEW,2026-05-02T20:00:00+00:00
user-0023,406,Môi trường,SEARCH,2026-05-02T22:00:00+00:00
user-0110,44,Giáo dục,VIEW,2026-05-03T00:00:00+00:00
user-0196,105,Văn hóa,VIEW,2026-05-03T02:00:00+00:00
user-0144,922,Môi trường,SEARCH,2026-05-03T04:00:00+00:00
user-0163,213,Giáo dục,VIEW,2026-05-03T06:00:00+00:00
user-0189,318,Khởi nghiệp,SEARCH,2026-05-03T08:00:00+00:00
user-0143,586,Giáo dục,VIEW,2026-05-03T10:00:00+00:00
user-0179,59,Y tế,CONTRIBUTE,2026-05-03T12:00:00+00:00
user-0035,90,Môi trường,SEARCH,2026-05-03T14:00:00+00:00
user-0164,520,Môi trường,VIEW,2026-05-03T16:00:00+00:00
user-0170,507,Khởi nghiệp,VIEW,2026-05-03T18:00:00+00:00
user-0081,553,Văn hóa,SEARCH,2026-05-03T20:00:00+00:00
user-0271,903,Môi trường,FOLLOW,2026-05-03T22:00:00+00:00
user-0215,497,Văn hóa,VIEW,2026-05-04T00:00:00+00:00
user-0181,499,Giáo dục,VIEW,2026-05-04T02:00:00+00:00
user-0144,129,Khởi nghiệp,SEARCH,2026-05-04T04:00:00+00:00
user-0092,194,Môi trường,SEARCH,2026-05-04T06:00:00+00:00
user-0115,847,Giáo dục,SEARCH,2026-05-04T08:00:00+00:00
user-0189,942,Khởi nghiệp,VIEW,2026-05-04T10:00:00+00:00
user-0231,500,Công nghệ,SEARCH,2026-05-04T12:00:00+00:00
user-0293,41,Khởi nghiệp,SEARCH,2026-05-04T14:00:00+00:00
user-0154,348,Giáo dục,VIEW,2026-05-04T16:00:00+00:00
user-0295,112,Công nghệ,SEARCH,2026-05-04T18:00:00+00:00
user-0144,574,Môi trường,VIEW,2026-05-04T20:00:00+00:00
user-0122,594,Môi trường,SEARCH,2026-05-04T22:00:00+00:00
user-0100,670,Công nghệ,VIEW,2026-05-05T00:00:00+00:00
user-0047,318,Khởi nghiệp,SEARCH,2026-05-05T02:00:00+00:00
user-0250,118,Văn hóa,CONTRIBUTE,2026-05-05T04:00:00+00:00
user-0149,847,Giáo dục,VIEW,2026-05-05T06:00:00+00:00
user-0082,716,Giáo dục,SEARCH,2026-05-05T08:00:00+00:00
user-0045,627,Giáo dục,VIEW,2026-05-05T10:00:00+00:00
user-0113,938,Khởi nghiệp,VIEW,2026-05-05T12:00:00+00:00
user-0071,683,Công nghệ,VIEW,2026-05-05T14:00:00+00:00
user-0006,368,Giáo dục,VIEW,2026-05-05T16:00:00+00:00
user-0233,876,Văn hóa,SEARCH,2026-05-05T18:00:00+00:00
user-0259,630,Y tế,VIEW,2026-05-05T20:00:00+00:00
user-0227,846,Công nghệ,FOLLOW,2026-05-05T22:00:00+00:00
user-0218,401,Môi trường,CONTRIBUTE,2026-05-06T00:00:00+00:00
user-0040,812,Khởi nghiệp,VIEW,2026-05-06T02:00:00+00:00
user-0033,230,Y tế,SEARCH,2026-05-06T04:00:00+00:00
user-0279,106,Văn hóa,VIEW,2026-05-06T06:00:00+00:00
user-0282,147,Công nghệ,VIEW,2026-05-06T08:00:00+00:00
user-0048,772,Công nghệ,FOLLOW,2026-05-06T10:00:00+00:00
user-0115,125,Khởi nghiệp,FOLLOW,2026-05-06T12:00:00+00:00
user-0244,802,Môi trường,VIEW,2026-05-06T14:00:00+00:00
user-0206,712,Văn hóa,VIEW,2026-05-06T16:00:00+00:00
user-0087,671,Giáo dục,VIEW,2026-05-06T18:00:00+00:00
user-0220,724,Giáo dục,SEARCH,2026-05-06T20:00:00+00:00
user-0192,515,Y tế,VIEW,2026-05-06T22:00:00+00:00
user-0159,246,Khởi nghiệp,SEARCH,2026-05-07T00:00:00+00:00
user-0126,343,Khởi nghiệp,VIEW,2026-05-07T02:00:00+00:00
user-0130,327,Văn hóa,VIEW,2026-05-07T04:00:00+00:00
user-0227,211,Công nghệ,SEARCH,2026-05-07T06:00:00+00:00
user-0069,911,Công nghệ,SEARCH,2026-05-07T08:00:00+00:00
user-0283,935,Công nghệ,VIEW,2026-05-07T10:00:00+00:00
user-0218,255,Văn hóa,SEARCH,2026-05-07T12:00:00+00:00
user-0120,685,Văn hóa,VIEW,2026-05-07T14:00:00+00:00
user-0248,760,Công nghệ,CONTRIBUTE,2026-05-07T16:00:00+00:00
user-0049,788,Y tế,SEARCH,2026-05-07T18:00:00+00:00
user-0116,654,Khởi nghiệp,CONTRIBUTE,2026-05-07T20:00:00+00:00
user-0218,118,Văn hóa,SEARCH,2026-05-07T22:00:00+00:00
user-0130,758,Công nghệ,VIEW,2026-05-08T00:00:00+00:00
user-0088,638,Giáo dục,VIEW,2026-05-08T02:00:00+00:00
user-0081,495,Môi trường,VIEW,2026-05-08T04:00:00+00:00
user-0220,482,Văn hóa,VIEW,2026-05-08T06:00:00+00:00
user-0135,103,Môi trường,FOLLOW,2026-05-08T08:00:00+00:00
user-0248,962,Khởi nghiệp,VIEW,2026-05-08T10:00:00+00:00
user-0231,783,Y tế,SEARCH,2026-05-08T12:00:00+00:00
user-0261,388,Văn hóa,VIEW,2026-05-08T14:00:00+00:00
user-0112,115,Y tế,FOLLOW,2026-05-08T16:00:00+00:00
user-0165,862,Giáo dục,SEARCH,2026-05-08T18:00:00+00:00
user-0237,183,Y tế,VIEW,2026-05-08T20:00:00+00:00
user-0035,747,Công nghệ,SEARCH,2026-05-08T22:00:00+00:00
user-0072,764,Khởi nghiệp,VIEW,2026-05-09T00:00:00+00:00
user-0045,807,Y tế,VIEW,2026-05-09T02:00:00+00:00
user-0007,523,Văn hóa,FOLLOW,2026-05-09T04:00:00+00:00
user-0085,130,Công nghệ,SEARCH,2026-05-09T06:00:00+00:00
user-0192,795,Giáo dục,SEARCH,2026-05-09T08:00:00+00:00
user-0017,176,Môi trường,SEARCH,2026-05-09T10:00:00+00:00
user-0298,157,Môi trường,VIEW,2026-05-09T12:00:00+00:00
user-0180,56,Khởi nghiệp,CONTRIBUTE,2026-05-09T14:00:00+00:00
user-0129,126,Công nghệ,SEARCH,2026-05-09T16:00:00+00:00
user-0287,222,Giáo dục,SEARCH,2026-05-09T18:00:00+00:00
user-0077,810,Công nghệ,SEARCH,2026-05-09T20:00:00+00:00
user-0155,826,Công nghệ,VIEW,2026-05-09T22:00:00+00:00
user-0158,348,Giáo dục,FOLLOW,2026-05-10T00:00:00+00:00
user-0114,707,Giáo dục,VIEW,2026-05-10T02:00:00+00:00
user-0143,593,Môi trường,SEARCH,2026-05-10T04:00:00+00:00
user-0173,329,Văn hóa,VIEW,2026-05-10T06:00:00+00:00
user-0244,735,Môi trường,VIEW,2026-05-10T08:00:00+00:00
user-0064,372,Môi trường,VIEW,2026-05-10T10:00:00+00:00
user-0149,967,Môi trường,VIEW,2026-05-10T12:00:00+00:00
user-0009,585,Y tế,SEARCH,2026-05-10T14:00:00+00:00
user-0158,35,Văn hóa,VIEW,2026-05-10T16:00:00+00:00
user-0059,370,Văn hóa,SEARCH,2026-05-10T18:00:00+00:00
user-0023,178,Công nghệ,FOLLOW,2026-05-10T20:00:00+00:00
user-0073,331,Y tế,SEARCH,2026-05-10T22:00:00+00:00
user-0275,72,Giáo dục,VIEW,2026-05-11T00:00:00+00:00
user-0275,564,Công nghệ,VIEW,2026-05-11T02:00:00+00:00
user-0266,753,Giáo dục,CONTRIBUTE,2026-05-11T04:00:00+00:00
user-0086,149,Văn hóa,VIEW,2026-05-11T06:00:00+00:00
user-0138,813,Khởi nghiệp,VIEW,2026-05-11T08:00:00+00:00
user-0287,45,Khởi nghiệp,SEARCH,2026-05-11T10:00:00+00:00
user-0266,395,Giáo dục,VIEW,2026-05-11T12:00:00+00:00
user-0047,708,Khởi nghiệp,VIEW,2026-05-11T14:00:00+00:00
user-0090,839,Y tế,SEARCH,2026-05-11T16:00:00+00:00
user-0146,423,Khởi nghiệp,VIEW,2026-05-11T18:00:00+00:00
user-0125,678,Y tế,VIEW,2026-05-11T20:00:00+00:00
user-0006,377,Môi trường,VIEW,2026-05-11T22:00:00+00:00
user-0218,574,Môi trường,FOLLOW,2026-05-12T00:00:00+00:00
user-0173,645,Khởi nghiệp,SEARCH,2026-05-12T02:00:00+00:00
user-0080,641,Công nghệ,SEARCH,2026-05-12T04:00:00+00:00
user-0109,320,Công nghệ,VIEW,2026-05-12T06:00:00+00:00
user-0249,525,Giáo dục,VIEW,2026-05-12T08:00:00+00:00
user-0224,700,Môi trường,FOLLOW,2026-05-12T10:00:00+00:00
user-0271,905,Môi trường,VIEW,2026-05-12T12:00:00+00:00
user-0006,854,Giáo dục,VIEW,2026-05-12T14:00:00+00:00
user-0235,670,Công nghệ,VIEW,2026-05-12T16:00:00+00:00
user-0119,540,Giáo dục,VIEW,2026-05-12T18:00:00+00:00
user-0035,745,Giáo dục,VIEW,2026-05-12T20:00:00+00:00
user-0134,93,Môi trường,VIEW,2026-05-12T22:00:00+00:00
user-0280,420,Khởi nghiệp,VIEW,2026-05-13T00:00:00+00:00
user-0082,229,Giáo dục,SEARCH,2026-05-13T02:00:00+00:00
user-0289,58,Văn hóa,VIEW,2026-05-13T04:00:00+00:00
user-0287,45,Khởi nghiệp,SEARCH,2026-05-13T06:00:00+00:00
user-0252,939,Khởi nghiệp,FOLLOW,2026-05-13T08:00:00+00:00
user-0136,548,Giáo dục,VIEW,2026-05-13T10:00:00+00:00
user-0177,779,Công nghệ,SEARCH,2026-05-13T12:00:00+00:00
user-0022,147,Công nghệ,VIEW,2026-05-13T14:00:00+00:00
user-0026,573,Môi trường,VIEW,2026-05-13T16:00:00+00:00
user-0013,362,Khởi nghiệp,SEARCH,2026-05-13T18:00:00+00:00
user-0181,717,Văn hóa,VIEW,2026-05-13T20:00:00+00:00
user-0074,852,Công nghệ,VIEW,2026-05-13T22:00:00+00:00
user-0025,711,Giáo dục,SEARCH,2026-05-14T00:00:00+00:00
user-0273,332,Công nghệ,VIEW,2026-05-14T02:00:00+00:00
user-0180,170,Giáo dục,VIEW,2026-05-14T04:00:00+00:00
user-0265,599,Khởi nghiệp,SEARCH,2026-05-14T06:00:00+00:00
user-0108,258,Văn hóa,CONTRIBUTE,2026-05-14T08:00:00+00:00
user-0179,441,Y tế,VIEW,2026-05-14T10:00:00+00:00
user-0030,74,Giáo dục,SEARCH,2026-05-14T12:00:00+00:00
user-0119,486,Công nghệ,VIEW,2026-05-14T14:00:00+00:00
user-0074,239,Giáo dục,SEARCH,2026-05-14T16:00:00+00:00
user-0291,393,Y tế,VIEW,2026-05-14T18:00:00+00:00
user-0174,665,Giáo dục,FOLLOW,2026-05-14T20:00:00+00:00
user-0014,90,Môi trường,CONTRIBUTE,2026-05-14T22:00:00+00:00
user-0117,197,Văn hóa,VIEW,2026-05-15T00:00:00+00:00
user-0053,298,Văn hóa,VIEW,2026-05-15T02:00:00+00:00
user-0287,830,Văn hóa,FOLLOW,2026-05-15T04:00:00+00:00
user-0106,326,Khởi nghiệp,FOLLOW,2026-05-15T06:00:00+00:00
user-0183,585,Y tế,VIEW,2026-05-15T08:00:00+00:00
user-0229,806,Y tế,SEARCH,2026-05-15T10:00:00+00:00
user-0097,773,Giáo dục,VIEW,2026-05-15T12:00:00+00:00
user-0219,213,Giáo dục,VIEW,2026-05-15T14:00:00+00:00
user-0232,93,Môi trường,VIEW,2026-05-15T16:00:00+00:00
user-0081,147,Công nghệ,SEARCH,2026-05-15T18:00:00+00:00
user-0150,504,Môi trường,SEARCH,2026-05-15T20:00:00+00:00
user-0076,817,Y tế,FOLLOW,2026-05-15T22:00:00+00:00
