contribution_count_1h,failed_payment_count,total_payment_count,device_shared_accounts,amount_z_score,ip_country_changes,new_account_days,profile_change_frequency,is_anomaly
0.0,0,4,0,-1.5003573510103756,0,142.0704924552606,0,0
0.0,0,1,0,-0.7096804459479487,0,374.4320389431352,1,0
1.0,0,3,0,0.22224472736981982,0,174.13285525129925,0,0
0.0,0,2,0,-1.301996230334006,0,368.9169385831363,0,0
1.0,0,0,0,0.49742983247178146,0,113.1484599642171,0,0
0.0,0,1,0,0.0066043454999199225,1,155.51833945424903,0,0
2.0,0,1,0,1.5728061083668503,0,353.30376574603235,0,0
1.0,0,1,0,1.230900343949522,1,267.9573444486564,0,0
0.0,0,1,0,1.2672072710949687,0,222.10540302424965,0,0
0.0,0,2,0,-0.3436843913230314,1,50.01788925379081,0,0
0.0,0,1,1,-1.2089854933119193,1,173.86830650300266,0,0
0.0,0,2,0,-0.6274299197150445,1,250.8545359512631,2,0
1.0,0,0,0,-1.0701299124274273,0,97.56695526916752,0,0
0.0,0,0,0,1.2370917965435462,0,365.60310376435746,0,0
0.0,1,0,0,0.7224008982405995,0,47.02313574412702,0,0
0.0,0,3,0,0.06605468991512324,0,365.9986120220706,0,0
0.0,0,1,0,-0.275043872201748,0,99.56819646758458,0,0
0.0,0,1,1,0.5857825827141442,0,195.36626096806145,0,0
1.0,0,1,0,1.005803301771476,0,88.21063433263566,0,0
1.0,0,1,0,1.2919303420116384,1,178.5168914650297,0,0
0.0,0,0,0,0.2016371613799245,0,395.9237749477716,1,0
1.0,0,0,1,0.725247974972527,0,68.29672153663263,0,0
0.0,0,4,1,-0.7895144427306974,1,185.32212098958146,0,0
1.0,0,2,0,-0.709472887392371,1,165.56961953785233,1,0
0.0,0,2,0,0.48822135082997,0,131.74775422397744,0,0
1.0,0,2,0,1.4929214195258993,0,344.5366342555665,0,0
0.0,0,1,0,0.8780473681665262,0,225.91286796134918,0,0
0.0,0,6,0,-0.4255363051353614,0,288.0855775433546,0,0
1.0,0,0,0,-0.4316606012270298,0,163.1244542680825,0,0
2.0,0,1,0,-1.4274739921323203,0,355.1488344024379,0,0
0.0,1,2,1,-0.1080131132803788,0,321.3965969699674,0,0
1.0,0,1,0,-0.24630482096791095,1,331.0498614146964,0,0
0.0,0,1,0,1.0969766327816701,0,305.63790924298786,1,0
0.0,0,1,0,-0.5703130060725242,0,28.42735568341538,0,0
1.0,0,4,0,0.48996352048537944,0,223.15254244264824,0,0
0.0,0,4,0,0.7296398660229347,1,68.32441917420789,1,0
1.0,0,3,0,0.27158277751977616,0,232.02979381471928,2,0
0.0,1,0,1,0.20842402921494113,0,196.10982010205922,0,0
0.0,0,5,0,-0.5635717312724364,1,256.7353358199063,0,0
0.0,0,2,0,0.326137597982701,0,110.70373046264685,0,0
1.0,0,4,0,-1.5976303859840137,1,207.75442609356128,0,0
0.0,0,0,0,-0.940042103052514,0,159.09023065765842,0,0
0.0,0,4,0,1.9701459319704293,0,34.406060297765045,1,0
0.0,5,9,0,2.9084908399243767,0,1.507919830346067,0,1
0.0,0,0,0,-1.3850232600559544,0,36.64829154027231,0,0
1.0,0,1,0,0.7560522379244504,0,229.9708283986722,0,0
2.0,0,3,0,0.399281623911548,0,37.27002230645202,0,0
0.0,0,0,0,-1.5273945326575906,0,161.2366621521017,0,0
1.0,0,2,0,-0.3334389946699993,0,39.10434421878375,0,0
0.0,0,0,0,0.9025966669384712,1,332.89652249944817,2,0
1.0,0,3,0,0.5617092445763274,2,25.73740622302429,0,0
0.0,0,2,0,1.6832631042338706,0,251.35378552120082,0,0
1.0,1,0,0,1.826377588814144,0,181.40635163666607,2,0
0.0,0,5,0,-0.9287787719641454,0,85.40404119343377,0,0
0.0,0,2,0,0.4444848710834235,1,25.801934824534328,0,0
0.0,0,1,0,1.696039650919367,0,184.60590308798655,0,0
0.0,0,0,0,0.5524581170262309,0,176.12121947780415,2,0
1.0,0,1,0,-0.860528236731523,0,73.8934592929898,2,0
0.0,0,2,1,0.49061372190499164,0,377.11055923292366,0,0
1.0,1,2,1,1.3371734162049005,1,239.3986105730368,1,0
1.0,0,2,0,1.46431547940505,0,101.47476133719108,0,0
1.0,0,0,0,0.7162656258601389,0,200.30601594693564,1,0
0.0,0,3,2,-0.1225387388319491,0,325.7240664859097,0,0
1.0,0,3,1,0.1451014753579057,1,388.8946593642736,0,0
0.0,0,1,0,-0.15650497776704464,0,379.6566813414377,0,0
0.0,0,3,0,0.1068304020145917,0,186.41669168869225,1,0
0.0,0,4,1,-0.601893172685305,0,39.39629081419159,0,0
1.0,0,1,0,-0.354276630595155,0,60.12359672784179,3,0
1.0,0,3,0,0.013388381778299555,0,377.05866023204453,2,0
0.0,0,3,0,0.01827406642021085,0,178.65789441242165,0,0
1.0,0,0,0,0.08840593414941356,0,209.14631241309266,2,0
0.0,0,2,0,1.483201070749952,0,93.52046331643116,0,0
0.0,0,3,0,0.41690039934789236,0,50.91512390120744,0,0
1.0,0,2,0,-0.959657680043908,0,292.85845643168756,0,0
1.0,0,3,0,0.35238435533915874,0,313.8130766615825,0,0
1.0,1,5,0,-0.8946131086188999,0,25.118411587262866,0,0
1.0,0,2,0,-0.277442914611448,2,64.24599617091474,0,0
0.0,0,4,0,-0.19721261641317323,0,47.154198368877786,0,0
1.0,0,0,0,-0.5700006636705297,0,249.70621141593418,0,0
0.0,0,2,0,-0.511476983195588,0,51.45253696504642,0,0
0.0,0,4,9,3.658662839104482,4,1.908548896425498,0,1
0.0,0,2,0,0.00440273671482616,0,347.34512510920257,2,0
0.0,0,0,0,0.6613360016927509,0,28.60539349476693,0,0
1.0,0,3,0,1.2678160587946352,1,128.91554582608512,0,0
0.0,0,1,0,-0.1746708564203147,0,368.5056188430697,1,0
1.0,0,0,1,-0.07519241070786625,0,370.33414487318,0,0
0.0,0,4,1,-0.11608782400603979,0,101.23671325013963,1,0
2.0,0,0,0,-2.556450348863569,0,230.29703147989477,0,0
0.0,0,1,0,0.9263474304329464,0,58.367708704952655,0,0
2.0,0,1,0,0.6224668056736564,0,115.78623919802153,2,0
0.0,1,3,0,-0.9093633753740646,0,179.03694343189537,1,0
0.0,0,2,0,0.8621351070918835,1,291.93775149653237,0,0
1.0,0,0,1,-0.733875179228218,0,252.95315464890646,0,0
0.0,0,5,0,-1.2531212047626301,0,248.25427321856648,0,0
0.0,0,3,0,0.9317860474611024,0,326.46530672079155,0,0
1.0,0,1,0,-0.7853195156248076,1,239.56820270287585,0,0
1.0,0,1,0,-0.22468683107389015,1,326.6541862549066,0,0
0.0,0,2,0,-0.05322178946199133,0,30.124498285419428,0,0
0.0,0,3,1,0.38319056683905506,1,73.41646760652468,0,0
0.0,0,2,0,0.11702208971656598,0,240.5743090131812,0,0
0.0,0,1,0,0.7895758705037877,0,321.43471549834607,0,0
0.0,0,2,0,0.27698178769652865,0,303.7370931952085,0,0
0.0,0,6,0,0.508986834971561,0,289.06275770891267,1,0
0.0,0,2,0,0.9754932567500689,0,398.8499057677912,0,0
2.0,0,1,0,1.153754643094408,0,76.18737928309304,0,0
0.0,0,1,0,0.1280838979946288,0,302.16246229205035,0,0
0.0,0,0,1,-1.672073987756059,0,220.5341272507733,0,0
1.0,0,2,1,-0.6768286974616973,0,74.65176485226594,0,0
3.0,0,1,1,-0.38987525519000155,0,296.31072981662106,0,0
1.0,0,3,1,1.2820509948087782,1,210.70216962533706,0,0
23.228735038843688,0,2,0,4.768654972232866,0,1.0225615697941648,0,1
0.0,0,2,0,-0.5186431288821411,0,345.92690878066685,0,0
0.0,0,4,1,0.8018217372480276,0,336.9062213955711,0,0
0.0,0,1,0,-0.19873905643953027,0,148.4434571392013,0,0
0.0,0,2,0,0.3590682367615102,0,290.8946646564351,1,0
2.0,0,1,0,-0.3466028561446743,0,391.88274216239415,0,0
0.0,0,2,0,-0.9294488736467175,0,242.37981763890969,0,0
0.0,1,1,0,0.6533865538783094,0,93.58980651604894,0,0
1.0,0,1,0,0.022890454195766678,0,86.99987193630423,0,0
1.0,0,1,0,0.9026153556575237,0,339.0174206890871,1,0
0.0,0,2,0,0.8472724764769242,0,111.41070436890972,0,0
0.0,0,1,0,0.3299760815102116,0,283.48837753213144,1,0
3.0,0,1,0,0.3853859920052868,0,306.0225996330172,0,0
0.0,0,3,0,-0.7520093158653322,0,284.4167240966386,0,0
1.0,0,2,1,0.8231073809578296,0,295.16060139956545,0,0
0.0,0,4,0,1.0231199122581944,0,282.520685617432,0,0
2.0,0,1,0,-1.215809321223059,0,275.0533819660825,0,0
2.0,0,2,1,-1.0294898046649248,0,397.3934013684486,0,0
3.0,0,4,0,0.28675414487423173,0,255.12679944617366,0,0
1.0,1,1,0,0.7586383085158009,0,270.5414185996307,0,0
1.0,0,4,0,1.32787523041777,0,115.34319475698449,0,0
1.0,1,3,0,1.2421758266674099,0,299.37553769969304,0,0
0.0,0,2,1,0.18593421880908217,0,217.73078393884714,0,0
0.0,0,3,0,0.4778267666686617,0,157.76183551075042,0,0
1.0,0,3,0,-0.3836362451115862,0,171.81823860530494,0,0
2.0,0,3,1,1.2952300295890133,1,182.1668474566162,0,0
0.0,0,4,0,0.6175461726522489,0,101.89846189678192,0,0
0.0,0,5,0,-0.06728200187533963,1,334.1472406405623,1,0
0.0,0,1,0,0.16212455261416414,0,93.1462633285972,0,0
0.0,1,2,0,-0.934177132800436,0,358.9277909360151,1,0
0.0,0,2,0,-0.9811660767287267,1,267.5305370653866,0,0
0.0,0,2,0,-1.2243504966158227,1,243.10922786962195,0,0
1.0,0,3,1,-0.8840400523652095,0,277.3651486889027,0,0
0.0,0,4,0,-0.5018490779176271,0,262.61333053171154,0,0
0.0,0,2,0,-0.7602874285452605,0,329.2877173483516,0,0
0.0,0,4,0,-0.3956529105266377,0,224.59572889762168,1,0
0.0,0,2,1,-0.05238783640458812,0,213.77250408530512,0,0
0.0,0,2,0,-0.3532140966404162,1,391.6153640501546,0,0
0.0,0,2,1,0.642256152988149,0,201.0563426723858,0,0
0.0,0,2,0,-0.7579437353331776,0,382.1841238554187,1,0
1.0,0,3,0,0.6448843378752952,0,272.8486124092624,0,0
0.0,0,0,0,-0.7270661766120323,0,76.67425710668704,0,0
0.0,0,1,1,-0.5550535979984607,0,138.53178935715422,0,0
1.0,0,2,0,0.8058195770911516,0,252.21547190699084,0,0
0.0,1,0,1,0.06595185514447213,0,306.56992129654736,0,0
0.0,0,3,0,0.5322462739619586,0,92.526822654226,0,0
0.0,0,0,0,2.133902879820235,0,234.50834394084225,0,0
0.0,0,5,0,0.8171655435482625,0,89.12167414031464,0,0
0.0,0,1,0,-0.20107113532127455,1,179.45019779292411,0,0
0.0,0,3,1,-2.888321505347763,1,334.3364550378035,0,0
0.0,0,0,0,-0.5088532379835459,0,237.79793647915352,1,0
0.0,0,3,0,0.8456861275989485,0,204.0463876621868,1,0
0.0,0,1,1,-0.7961280507766396,0,235.41850310331733,0,0
0.0,0,1,0,0.19704868483170337,0,118.83878878908126,0,0
0.0,0,2,0,-0.14160792980117473,0,213.75357568376006,0,0
0.0,0,3,0,-1.6552646760020515,0,183.89970331727275,0,0
0.0,0,3,0,-0.28516175796243554,0,28.31096271698628,0,0
0.0,0,1,0,-1.2981460529920956,0,168.21170892692632,1,0
0.0,0,2,1,0.34508164153013143,0,117.23938707389478,0,0
1.0,0,1,0,-1.677032253742041,0,124.96873088271622,0,0
1.0,0,4,0,1.4447052251682677,1,158.05266896871123,0,0
0.0,0,1,0,0.040071264806859845,0,90.0494193771343,0,0
2.0,0,5,0,-1.0796761954583252,0,46.83910918639684,0,0
1.0,1,1,0,0.298736832745197,0,193.36309578238033,1,0
0.0,0,3,2,0.015969443072658844,0,393.2741388239563,0,0
0.0,0,0,0,0.23030669160924633,0,287.4839465246157,1,0
1.0,0,1,0,0.43196839258482006,0,356.00672966699005,0,0
0.0,0,0,0,-0.34291196094289206,0,275.38952203154724,0,0
0.0,0,3,2,-0.06460388548772607,0,135.8694699120109,0,0
0.0,0,0,0,0.3991385593171223,0,242.75419212384136,0,0
2.0,0,3,0,0.6042090482298254,0,94.34867055399664,0,0
3.0,0,2,1,0.09580671598258425,0,302.87658743493546,1,0
1.0,0,3,0,0.45166249843927964,0,159.1001290349452,0,0
1.0,0,1,0,-0.29733839778752896,0,148.61587564238118,2,0
2.0,0,2,0,-0.5568195026775185,0,389.6048069649504,0,0
1.0,0,0,0,1.2302569024343708,0,84.24323329311926,2,0
0.0,0,1,0,-0.8077223665263654,0,219.9103698885675,0,0
1.0,0,2,1,0.7602873333297798,0,24.27421113785419,1,0
0.0,0,3,1,0.5788024641443047,1,327.76649884045827,0,0
0.0,0,1,0,0.764578712611588,0,68.31935900213969,0,0
0.0,1,1,0,-0.08158072434469388,0,31.778967927781206,0,0
1.0,0,1,0,-0.12385419198753558,0,274.80552694544315,0,0
1.0,0,2,1,0.13772237158053877,0,220.33607386601983,1,0
0.0,0,0,0,0.9762046562774671,1,49.02536298158258,1,0
0.0,0,0,0,-1.4559071473476106,0,100.30983740629877,1,0
0.0,0,1,0,-1.2694797982476371,0,342.24682156676295,0,0
0.0,0,3,0,0.7911637197518024,0,201.3429776852286,1,0
0.0,0,3,0,0.44584002509214415,0,262.6401821912451,0,0
1.0,0,2,0,0.8558128738013547,0,163.52212643916914,0,0
0.0,0,2,0,1.0428549030247591,0,121.08872404806503,0,0
0.0,0,0,1,-0.37600722103128575,0,287.35542810486663,0,0
1.0,0,4,0,0.08365661817644117,0,152.90694710385932,0,0
0.0,0,3,0,0.45102849758682373,1,379.40686658345635,0,0
0.0,0,1,0,1.36339398290403,0,29.76496777171352,0,0
1.0,0,5,1,-0.24682228166187048,0,77.6607313225459,0,0
0.0,1,2,0,-0.9332942416292896,0,338.59274771670096,0,0
1.0,0,4,0,0.5837657072832872,0,287.1371386823814,0,0
3.0,0,3,0,0.47994406885691304,0,254.48173859409334,0,0
2.0,0,2,1,-0.44985945610032085,1,304.52717525132346,0,0
2.0,0,4,0,1.1470534119645313,0,280.671920561635,0,0
0.0,0,1,1,0.6842675661947507,0,105.60238935101147,0,0
0.0,0,0,0,0.8476991578067086,0,345.154130610294,0,0
0.0,0,4,0,0.8340172534398465,1,262.2118399599516,0,0
0.0,0,2,0,0.5141783737736628,0,235.26486705944356,0,0
0.0,0,3,0,0.1879551515518347,0,350.34937088788536,0,0
0.0,0,2,1,0.12208650521147307,0,385.1457878034408,0,0
0.0,0,2,0,0.489058942522671,0,293.7540452647497,1,0
1.0,0,1,0,-0.730734268668586,1,206.52030373120343,1,0
2.0,0,2,0,0.09218179143596453,0,139.8581378280873,0,0
0.0,1,3,0,-0.8254627585166864,0,204.24689157917328,0,0
3.0,0,3,0,-0.1957221470598164,0,143.56946479701884,0,0
0.0,0,3,0,-0.9400375654996515,0,90.98006342712776,0,0
0.0,0,2,0,-1.3897632085207419,0,86.92960304840383,0,0
1.0,1,0,0,0.36720018294688095,0,392.3153981391231,0,0
0.0,0,2,0,1.9311170534090192,1,369.5656870336219,0,0
0.0,0,2,0,0.03879557300254949,0,337.43661504419146,1,0
0.0,0,2,0,-0.46394139208445734,0,63.96630766388576,0,0
0.0,0,1,0,-0.4982879269768633,0,355.90565180520093,0,0
0.0,0,3,0,0.6259992827843842,0,53.054259211121554,1,0
2.0,0,3,1,0.23330604146123984,0,283.9989411228324,0,0
0.0,0,0,2,-0.30327091312384624,1,25.142501225764853,1,0
3.0,0,3,0,0.7857856392561655,0,102.71385688164335,1,0
0.0,0,4,0,2.053960147501993,1,360.0795627626925,1,0
2.0,0,2,1,-0.7188173418330385,0,225.25790619077642,0,0
1.0,0,3,0,-0.5623481884532759,0,312.99848423550316,0,0
1.0,0,0,0,-0.2029442496301339,0,117.22630773871471,0,0
0.0,0,0,1,0.11760203051889265,0,172.11440742596957,1,0
1.0,0,1,0,-0.5018819538483115,0,65.66698751742356,0,0
0.0,0,0,0,-0.4886914627195397,0,166.64732193453492,0,0
1.0,0,4,0,-1.2613657575646728,1,292.4609935564059,0,0
0.0,0,1,0,-0.07607089042165732,1,241.74852450237725,1,0
0.0,0,2,0,-0.7750006108866122,0,186.10980548107793,0,0
2.0,0,1,0,0.224980094715598,0,128.4834566747216,0,0
0.0,0,2,0,-0.009270028523196186,0,151.74506027234503,1,0
0.0,0,3,0,0.5992203209977743,0,262.1222461029864,0,0
0.0,0,0,0,1.3229613735737862,0,149.0252430073182,1,0
3.0,1,1,0,-0.5996021056082904,0,248.82312508052576,1,0
0.0,0,5,0,-0.023681771264006515,1,386.5052068552024,1,0
0.0,0,1,0,-1.131221077602303,1,116.4698194269535,1,0
0.0,0,3,0,0.4557772230936526,0,172.99489560064558,0,0
0.0,0,2,2,-0.103479803477175,0,286.3585618369227,0,0
2.0,0,2,1,-0.18209028189877693,1,299.278801399804,0,0
1.0,0,0,1,0.5205703996904061,1,393.1344499556462,1,0
0.0,0,3,0,-0.5211242069728932,0,355.81889193224066,0,0
0.0,0,1,0,-1.550467724833692,0,235.29919973754411,1,0
0.0,0,2,0,-0.7774305357186364,0,214.57627317292025,0,0
1.0,0,0,1,-0.45303690186696033,0,161.58090117235116,0,0
0.0,0,4,0,-1.5036890881464091,0,357.93561719352687,2,0
0.0,0,3,0,0.5786030204678546,0,283.95694535410627,0,0
1.0,0,0,1,-0.7775153325654163,1,380.34725300355643,1,0
0.0,0,3,0,0.7437603202200554,0,159.7447878005119,0,0
1.0,0,1,1,-0.5981126403899726,0,206.701337583056,2,0
0.0,0,1,1,-1.1775404792560753,0,95.92154107794542,1,0
1.0,0,1,0,-0.026491428231386695,0,231.42070548133697,1,0
1.0,0,4,0,0.11592159185614044,1,40.818874286467164,0,0
1.0,0,2,0,-0.09724919683832506,0,321.6755860409297,0,0
0.0,0,0,0,-0.6946195604627323,0,237.4105188604106,0,0
1.0,0,4,0,-0.5936779156611476,0,32.3283005972404,0,0
1.0,0,4,0,-0.6084759331662171,0,310.5411776119849,1,0
1.0,0,0,0,-1.0794345601228017,0,223.41464350485268,0,0
1.0,1,0,0,-0.0525437044364936,0,198.12365296368037,1,0
0.0,0,2,0,0.2164999166393725,0,287.92324209504625,0,0
0.0,0,1,0,0.22610929301274885,0,212.19124287215746,0,0
0.0,0,3,0,-0.3128955642702408,0,198.62150421980976,1,0
1.0,0,1,1,1.1858509555505605,0,283.1219178400393,0,0
0.0,0,2,0,-0.4941481198597038,0,183.15217115679292,1,0
0.0,0,3,1,1.202855461424479,0,213.45637179204408,0,0
1.0,0,2,0,-0.4046864064066446,0,238.92389469035288,0,0
1.0,0,3,0,-1.0142589164389928,0,197.0442281494234,1,0
1.0,0,1,0,0.5800403276984374,0,192.94345211436152,0,0
0.0,2,1,0,-1.2307763196435415,0,355.8933008412873,0,0
1.0,0,1,1,1.3361156794930138,0,227.96359232304272,0,0
1.0,0,7,1,-0.4484866569917535,2,170.9289984997998,0,0
1.0,13,22,0,2.764767722521115,1,1.256613037459769,0,1
1.0,0,4,0,0.8404677094237862,0,166.82718473675453,0,0
0.0,0,3,1,0.844961276160777,0,65.08403229180135,0,0
0.0,0,0,0,-0.9815349871808275,0,68.57370048774729,0,0
1.0,0,1,1,0.9025942281113333,0,257.58333215876087,0,0
2.0,0,2,1,0.36455936361502783,1,45.10530240174572,1,0
0.0,0,4,1,-0.034696167177251595,0,399.7401883657671,0,0
0.0,0,2,0,0.06966526030371122,0,224.56385870623023,0,0
1.0,0,1,0,-1.0599709915496371,0,104.96001705360605,0,0
0.0,0,0,1,1.0282995424646484,0,332.3564509042164,0,0
0.0,0,1,0,0.5185318654667276,0,371.5931909213655,0,0
0.0,0,2,0,-0.1400676683976365,0,185.6434757712264,0,0
24.521155955038253,0,4,0,5.1076219385449075,0,0.6103274193566173,0,1
0.0,0,4,0,-0.4105834508988422,0,247.8528886531891,1,0
0.0,0,1,0,-1.3620598540888684,0,330.6186477770559,0,0
1.0,0,1,0,-0.8560925270791394,0,395.57496233864,0,0
1.0,0,1,0,-1.5732958972367597,0,392.12898182839024,1,0
0.0,0,1,0,0.33245712669142685,1,106.89044857331895,0,0
0.0,0,3,0,-0.5231078058432759,0,23.025440016664458,0,0
1.0,0,2,0,-0.5574696443943442,0,102.47442555459858,0,0
0.0,0,2,0,0.5405789744038817,0,198.44708824175248,0,0
0.0,0,5,0,0.39297953802297586,0,78.29707130224051,1,0
1.0,0,1,0,-0.4501161601977627,0,55.90792118698751,1,0
0.0,0,3,2,0.5432385731761187,0,369.11429894947,0,0
1.0,0,2,0,1.592771494180968,0,282.53389355684186,0,0
0.0,0,1,0,0.8093855555846604,0,386.79174177338444,0,0
2.0,0,3,1,0.40359972204421557,0,370.4280459607398,0,0
0.0,0,1,1,-0.030486276840337202,0,320.22831276166295,0,0
0.0,0,2,1,-0.3133631167001192,0,295.6593144369172,0,0
1.0,0,1,0,0.041609382849015074,1,291.25046618482475,0,0
0.0,0,0,1,0.3015532301689456,0,80.36784968049132,0,0
0.0,0,0,0,-0.4321008873236095,0,133.42762171039845,0,0
1.0,0,4,0,1.0970496908244678,0,341.87019386919235,0,0
2.0,0,2,0,-0.8000144828076922,0,87.9130177911855,0,0
0.0,0,3,0,0.30755661856843947,0,73.46435497043993,0,0
0.0,0,2,0,0.532715079150996,0,72.0133965077435,0,0
0.0,0,3,0,0.016634808274368456,1,349.80646020849747,1,0
0.0,0,3,1,0.43244744780930144,0,226.9499093661964,0,0
0.0,0,1,2,1.9528998859362945,0,66.63674750990289,0,0
1.0,0,5,0,1.8249200469282088,1,301.5756358719798,0,0
2.0,0,1,0,-0.5582397401378806,0,57.66915579884692,0,0
0.0,0,1,0,-0.19269606094226915,0,59.921950197439905,4,0
0.0,0,3,0,-0.36169192563954267,1,184.58220601179784,0,0
0.0,0,2,1,0.9005348201955998,0,282.34989539585234,0,0
2.0,0,4,0,-0.16225286109396142,0,219.59346203964517,0,0
1.0,0,2,0,0.061999813789011586,0,382.65154654939107,0,0
0.0,0,3,0,0.6618693849002054,0,141.37017605255824,0,0
0.0,0,0,1,1.1515503351264975,0,240.1455869303462,0,0
0.0,0,2,0,-0.725387090072148,0,275.63116856742437,0,0
0.0,0,4,1,-1.412474784036341,0,141.03983575473046,0,0
1.0,0,6,0,-0.061564297583939144,0,84.72597683243131,0,0
2.0,0,1,0,-0.7962035951546942,0,260.39509188945783,0,0
17.520447995979577,0,3,0,4.957687711593133,0,0.7238174588021138,1,1
2.0,1,1,0,-1.092128010560794,0,85.30090469576558,0,0
2.0,0,4,1,-0.130773138966613,0,306.4503261399454,0,0
2.0,0,2,0,0.4561140392539126,0,320.83749652557765,0,0
0.0,0,1,0,0.3799525630288758,0,90.35759235942592,0,0
1.0,0,3,1,-0.5777374118122403,1,336.96724808264617,0,0
1.0,0,4,0,0.659208495879453,0,339.1483669199728,0,0
2.0,0,2,0,0.07254194623205058,0,143.78628240449092,0,0
1.0,1,5,0,0.3686166554688988,0,380.05560470719496,0,0
2.0,0,3,0,-0.2589389908155628,0,184.97571124969727,0,0
0.0,0,1,0,0.8042326076334432,0,55.988180135371806,0,0
0.0,0,2,0,0.233200277975357,0,266.3257502428022,1,0
1.0,1,1,0,0.2694827561036543,0,48.18721889225556,2,0
1.0,0,2,1,-0.17456898430580778,1,29.5071744521576,0,0
1.0,0,1,0,-0.3857882233592564,0,67.32115248323578,0,0
3.0,0,0,0,-0.14997265049121808,0,203.47470016377537,0,0
0.0,0,1,0,0.2875972371709944,0,342.0175986412773,0,0
0.0,0,4,0,-1.725213867189648,0,339.6426664635804,0,0
0.0,0,4,0,0.47702639808578157,0,74.5164382866547,1,0
2.0,0,1,0,1.414672629283343,1,308.2653183230229,0,0
0.0,0,3,0,0.6601207732285048,0,50.53984849922557,0,0
0.0,1,0,0,0.7171456842897856,0,195.1804416901341,0,0
0.0,0,1,0,0.4283903663806548,1,358.6899331078034,0,0
0.0,0,1,0,0.2035953568379386,1,64.13932288816713,0,0
0.0,0,1,0,-0.1986774851045925,0,276.01006507953576,0,0
1.0,1,3,0,0.16736205591474637,1,348.728882894122,0,0
1.0,0,3,0,0.8589127108805594,0,116.77330839500448,0,0
1.0,0,2,1,0.5324114952200792,0,139.00697670162245,1,0
1.0,0,3,0,-0.8070457712307676,0,338.5676380925036,0,0
0.0,1,1,0,0.19873321289661527,0,189.31997202638433,2,0
1.0,0,1,0,0.41794047737113466,0,61.47504733771017,0,0
2.0,0,1,0,-0.6994749637418827,0,287.3681898154857,0,0
0.0,0,4,1,-0.7304829482771916,1,100.55477217231103,0,0
1.0,0,3,0,-1.1793861051769774,0,240.17988777031096,0,0
0.0,0,2,0,-0.8856329590736067,0,385.97314726727734,1,0
0.0,0,3,1,1.4437822831993108,0,388.6884594667249,0,0
0.0,0,1,0,1.1969853047985777,0,100.78654721378227,0,0
0.0,0,2,0,-0.7789122621248916,0,195.03948275234688,0,0
0.0,0,2,0,1.4456968793361926,0,361.78939861799955,1,0
2.0,0,3,0,0.2489727176375651,0,37.44978523508645,0,0
1.0,0,1,0,-0.017782296001406128,1,396.84301030186816,1,0
39.08439821225296,0,2,0,2.2654291094223002,0,1.9130440035489567,1,1
1.0,0,1,0,-0.30366630434408187,0,355.9908980704656,0,0
0.0,1,2,0,-1.6787098685907438,1,225.78330014292482,0,0
0.0,0,2,0,-0.19510080467195595,1,283.89048743855335,0,0
1.0,0,3,0,-0.5281780642298827,0,295.07263506647394,0,0
0.0,0,2,0,-0.526681973929444,0,399.3504038881055,0,0
2.0,0,2,1,0.34772203385405254,0,33.35262856313065,0,0
0.0,0,2,2,0.18538765445183666,0,155.94461048461076,0,0
1.0,0,3,0,-0.2795115929451612,0,150.0203690829235,0,0
0.0,0,4,1,-0.2904254751374194,0,198.22038911963574,1,0
2.0,0,1,0,0.3473735058700542,1,229.71607138173084,0,0
1.0,0,1,0,0.3619485373366859,0,201.84705530252356,0,0
1.0,0,2,0,-0.5986473353234724,0,131.51351925293227,0,0
0.0,0,1,0,-0.32052197075374783,0,42.49827015139044,0,0
2.0,0,1,0,0.8774368462523722,0,51.13771708940389,0,0
0.0,0,0,0,1.6024261555857586,0,374.6535297942509,1,0
1.0,0,3,0,-0.3500835957554602,0,257.39266689450676,1,0
0.0,0,3,0,0.5931590285504647,0,260.6231807145309,0,0
0.0,1,1,2,-0.4771247236999463,0,279.1458407613692,2,0
0.0,0,1,0,0.3928612123152011,0,332.1750016579564,0,0
0.0,0,4,0,-0.8020849476028963,0,148.05216130742136,0,0
2.0,0,3,0,-0.9100577709603578,0,44.29449227417146,0,0
0.0,0,4,0,-0.7331507485215859,0,399.1008080562576,0,0
0.0,0,2,0,0.5685635739853698,0,142.71085019644354,0,0
0.0,0,4,0,0.21680813191720008,1,80.098286922108,0,0
0.0,1,2,1,-0.0065341892439316086,0,64.34370037215751,0,0
0.0,1,3,0,-1.0841934173162817,0,377.0196746921173,0,0
0.0,0,5,0,0.042493372278678124,0,108.88393000253414,1,0
0.0,0,1,0,0.5472884113865413,0,52.38722041833422,0,0
1.0,0,2,0,-1.4148406404747949,0,278.28660240689373,0,0
1.0,0,1,0,-1.1646675494161975,0,233.52172721950205,0,0
0.0,0,0,1,-0.2591500842887973,0,290.23883718839255,0,0
0.0,0,1,1,0.8010463605635068,0,370.0091164465339,0,0
0.0,1,4,1,-1.0228602550746468,0,216.92219249663643,0,0
1.0,0,4,0,-0.6270094475324273,0,287.99858982685936,0,0
1.0,1,4,0,-0.25844660223188737,1,375.7169061808837,1,0
0.0,0,4,0,0.17845880728433028,0,187.82020754910613,0,0
0.0,0,4,0,-0.044542030388432935,0,95.94164893726742,0,0
2.0,0,0,0,0.5520151190535326,0,56.92725145802867,1,0
0.0,0,1,1,-1.0314146680526266,0,176.93709133620342,0,0
0.0,0,0,0,1.069462701211046,2,68.85253424294822,0,0
1.0,0,0,0,-0.3986260792722094,1,397.0837940989828,0,0
1.0,0,3,0,2.103154898427576,0,189.8350771805508,1,0
1.0,0,4,1,-1.081141480161807,0,130.349124580475,1,0
0.0,0,1,1,1.430626736587653,0,52.308376477875285,0,0
0.0,0,2,0,1.373682946231523,0,175.07893258156622,0,0
1.0,0,0,0,0.3852598877873797,0,199.23280827560836,0,0
0.0,0,1,0,0.10582595445121397,0,220.0733209997672,0,0
0.0,0,3,0,0.3342562973340577,0,208.4140845760914,2,0
1.0,0,3,0,0.3824355692563416,0,271.38274288693697,1,0
1.0,0,1,0,-0.07524251566073006,0,188.52457951928585,1,0
0.0,0,3,0,-0.4101760459140317,0,197.8966538062172,0,0
0.0,0,2,0,0.32911052925955575,0,300.25749741678186,0,0
0.0,0,0,1,-1.9847733576119813,0,145.24748267853823,0,0
2.0,0,1,1,-0.07801451607286349,0,101.09411004909923,0,0
1.0,0,8,0,1.7732105357398422,0,342.4337295479326,0,0
0.0,1,0,1,1.0845205691755948,0,250.42343418870732,0,0
1.0,0,3,0,0.7543640228172874,0,62.823409307902374,0,0
0.0,0,0,1,0.17977788233984643,0,332.3861277596178,0,0
0.0,1,1,1,-0.37365477248200774,0,342.0615178363148,0,0
1.0,0,1,1,0.0940592688899901,0,109.99483883279672,0,0
1.0,0,2,0,-0.9450352487949968,0,62.28690523331142,0,0
0.0,0,1,0,-0.10713734037896908,0,183.73759731038828,0,0
2.0,0,4,0,0.8792063473606506,0,20.901477434140592,0,0
3.0,0,2,0,1.6196478813791195,0,143.2148201736947,0,0
1.0,0,3,0,0.6830542637415561,0,342.80289895004194,0,0
1.0,0,4,0,0.48358222272686097,0,302.0978777874881,1,0
5.0,0,1,0,0.9177638573026088,0,260.6292920478723,0,0
0.0,0,5,0,0.22164515833101534,1,266.00779984330006,0,0
0.0,1,2,0,0.8255248128176546,0,283.3598076331103,0,0
0.0,0,0,1,1.085960740172712,0,189.18241043703898,1,0
0.0,0,0,0,-0.2901286521278376,0,59.37306637838265,0,0
0.0,0,3,1,0.11983716328143346,0,288.65317723998515,0,0
0.0,0,0,0,-0.2811273724067084,0,277.4702458022833,0,0
0.0,0,2,0,-0.45177026729379444,0,374.74605526298126,0,0
0.0,0,2,0,-0.2773633627468979,0,312.4241492414141,0,0
1.0,0,3,0,0.519536323832031,0,66.9360750163707,0,0
0.0,0,2,0,-1.7099422834539089,1,99.8977080053637,0,0
0.0,0,3,2,-0.7330707151176925,0,335.59455664675403,0,0
0.0,0,2,0,0.4602832252742351,1,147.02679747020724,1,0
2.0,0,1,1,1.2334459324769311,0,102.60810943845684,0,0
1.0,0,0,1,1.9484090420303641,0,58.37717599364979,0,0
0.0,0,3,0,-0.8122098601534771,1,100.49231636943236,1,0
0.0,0,2,0,-0.05454994102726568,0,232.39557007736263,0,0
2.0,0,3,0,-0.8236041830113179,0,368.1857806711063,0,0
50.181032762134016,0,2,0,4.0341080851351405,0,1.7961821240757356,0,1
1.0,7,17,0,1.589320734486662,1,1.7883850929862337,0,1
0.0,0,0,1,0.10047196810171993,0,337.97705460464186,0,0
0.0,0,2,0,0.6658045980053244,0,210.7787701564275,1,0
0.0,0,1,0,-0.8273643269912112,0,268.56840340147437,0,0
1.0,0,4,0,-0.08523545573593191,0,153.694012735273,0,0
0.0,0,2,0,-0.3609606792897777,0,140.15505855195636,0,0
1.0,0,1,1,0.5408995770810519,0,239.36458462397044,0,0
2.0,0,1,0,-0.3443012343233622,0,350.28278096740564,0,0
0.0,0,4,0,1.0986198847322053,0,374.494965886017,0,0
2.0,0,0,0,-0.11982408184999833,0,185.36412234229786,0,0
0.0,1,1,0,0.3311758353939553,0,64.70506330900116,1,0
0.0,0,2,0,1.6334482940242996,0,323.09705708509347,0,0
0.0,0,3,1,-0.7621238665660505,0,21.454992914387812,0,0
1.0,0,1,0,-0.8646405324012941,0,61.0625312793273,1,0
0.0,0,0,1,0.5279358789296911,0,310.8212439102915,1,0
0.0,2,0,0,-0.2583996756823034,0,272.6353935304096,0,0
1.0,0,2,0,0.290837534447623,1,314.3504685613851,0,0
0.0,0,2,0,0.004876923025128881,0,65.39765259911135,0,0
0.0,0,2,0,-1.276417573463567,0,21.77544735819289,0,0
0.0,0,2,0,-1.0653300854172156,0,91.95823156507699,0,0
0.0,0,1,1,-0.0024837282196128294,0,247.80454147057242,1,0
0.0,0,1,0,1.2162553625812982,0,67.03983254136344,1,0
31.20535485539553,0,5,0,2.5806964813055724,0,0.07956103565306205,0,1
0.0,0,3,1,0.18892084122124023,2,231.3647336455421,0,0
0.0,0,2,0,0.08299676530051747,0,93.09885897127208,2,0
0.0,0,2,0,-0.43316279776608096,0,398.03462266003345,0,0
1.0,0,2,1,-0.24830123289758588,0,266.1591631235118,0,0
1.0,0,3,1,0.4824369858024903,0,386.8937981155787,0,0
0.0,0,1,0,1.2470582291490353,0,399.20537067287415,0,0
0.0,0,5,0,-0.6934300827725528,0,234.80060626913846,0,0
0.0,0,5,1,-0.08286885730420196,0,171.03988082762768,1,0
0.0,0,1,0,-0.7589308327170768,0,111.90640851983451,1,0
0.0,0,2,0,-1.0316364584436817,1,216.55951831206332,0,0
1.0,0,0,0,-0.11074650730956725,0,314.0225143809853,0,0
2.0,0,3,0,-0.2600853110620739,0,100.3028674666654,0,0
1.0,0,2,1,0.5836875480844286,0,107.5198453408501,0,0
0.0,0,3,0,1.7120929330802301,0,385.57830659206763,0,0
1.0,1,4,1,1.068345513580458,0,370.84837111887174,0,0
0.0,0,4,0,0.7481329986896244,0,112.90836702153878,1,0
1.0,0,2,0,0.12056231794311444,0,265.8599519293231,0,0
0.0,0,3,0,0.11742742283245522,0,216.16957938720466,0,0
1.0,0,3,0,-0.6711038033430522,0,70.67324859100026,1,0
0.0,0,1,0,0.35861809205973527,1,380.96502029747455,0,0
0.0,0,0,1,-0.026314886106073267,0,243.03389207110783,0,0
0.0,0,2,0,-0.5601898768861923,0,166.1926178870794,1,0
1.0,0,4,0,-1.5569311085968063,0,288.2399864266668,0,0
1.0,1,4,0,-0.30203866651134575,0,313.24866069734384,2,0
1.0,0,1,0,-0.015321658893502059,0,243.43481481884425,1,0
0.0,0,2,0,-1.2701075040658338,0,208.34449042475296,0,0
3.0,0,1,0,0.021571635877602562,0,257.35592389290343,0,0
0.0,0,0,1,0.8172536800719357,0,172.41042789113436,1,0
0.0,0,4,1,-0.5603081054268698,0,186.14436173486368,0,0
0.0,0,4,0,-0.18627298822221455,0,193.7832311163937,1,0
0.0,0,4,0,0.058778527572623876,0,262.81471254235385,3,0
0.0,1,2,0,0.7081727763132322,0,343.43767122822567,1,0
0.0,0,1,0,0.24744290551349246,0,382.71235842319567,0,0
0.0,0,1,0,0.6802695845752322,0,358.08939732634116,0,0
0.0,0,4,0,0.4826547731344614,0,189.39257555149692,0,0
1.0,0,0,0,-0.17573071172644583,0,117.65673096272896,0,0
0.0,1,5,0,-0.5000582573065006,0,168.20700442698313,0,0
0.0,0,5,0,-0.6461079521162414,0,38.98349676453218,0,0
0.0,0,3,0,-1.4987181674280228,0,336.11552643785296,0,0
0.0,0,3,0,-1.181512041657452,0,93.95060427551083,2,0
0.0,0,2,1,0.6381955201386867,0,81.89212506390714,1,0
0.0,0,1,0,0.14679276664784416,1,214.81170251219658,0,0
1.0,0,2,0,0.7073654363977141,0,301.92550868123936,0,0
1.0,0,2,1,0.04153375355739385,1,310.12954410516056,0,0
0.0,0,0,0,0.7144199426977649,0,366.8773883018447,1,0
0.0,0,0,0,-0.10173413405817555,0,244.9826255432082,0,0
0.0,0,0,0,0.5777365195582556,1,179.88391297917713,0,0
0.0,0,3,0,0.23208642829418064,0,267.8174727218159,0,0
1.0,1,2,0,0.23080148000126563,0,169.65574529734982,0,0
1.0,0,1,0,-1.2683096827428157,1,120.74342405736803,0,0
0.0,0,5,0,0.4009363829171621,0,94.48317069910594,0,0
1.0,0,2,0,-0.942956895767766,1,298.31713627370465,0,0
0.0,1,2,0,-0.9724916011370621,0,335.41244624443567,1,0
0.0,0,4,0,-0.8538578087161602,0,234.46640800434358,0,0
1.0,0,4,0,-0.06379377309302026,0,117.57612498204811,0,0
0.0,0,2,0,0.31322236575599316,0,349.1836557182739,0,0
0.0,0,3,0,0.208533710904296,0,121.69695944668132,0,0
1.0,1,0,0,-0.47076396458396585,1,80.77374016172251,0,0
0.0,0,2,1,0.21469504220237284,0,373.1685226573731,0,0
2.0,0,3,0,0.4071762503614103,0,332.8307384746567,0,0
0.0,0,3,0,-0.4610958849414476,1,197.13298383331934,1,0
1.0,0,4,1,-0.9048875861250667,0,167.31585037312485,0,0
0.0,0,1,0,-0.46492141942658827,0,63.65628252538282,2,0
56.94579500705725,0,2,0,3.3157250918820695,0,0.1574022817666425,0,1
1.0,0,3,0,-0.026224646543158023,0,390.72455728488893,0,0
0.0,0,2,1,0.11939478774427251,0,286.9585669226864,0,0
0.0,0,3,0,-1.7690718687036011,0,366.32438560213706,0,0
0.0,0,3,0,0.8531776946904375,0,178.74454680395596,0,0
0.0,0,1,0,-0.5475861882439668,0,319.2214159513602,0,0
1.0,0,2,1,-0.12450512800941327,1,95.66930482587783,1,0
2.0,0,3,0,1.181574383001189,0,149.13636059310147,0,0
0.0,0,1,0,-0.24217637691530067,0,345.5109164542403,0,0
0.0,0,1,1,-0.33124924651611076,0,386.8763450363865,0,0
1.0,0,0,1,-0.7536665560588776,0,110.79767504149756,1,0
0.0,0,0,0,0.16566926170277618,0,83.37922418569408,1,0
1.0,0,4,0,-0.7180544753959722,1,249.83213519151883,1,0
1.0,0,0,0,0.4497385169166382,0,300.14809691625123,0,0
0.0,0,5,0,-1.1897251902492545,0,395.6062468734749,0,0
0.0,0,2,0,-1.0871578840797647,0,263.859154273876,0,0
0.0,0,2,0,0.7513156420167398,0,223.41536324015166,1,0
0.0,0,1,0,-0.4663145115577364,1,79.4177516064176,0,0
0.0,0,1,0,1.1498228134869442,0,60.633940759710846,0,0
0.0,0,1,0,0.5232316571188361,0,30.018466621849562,0,0
0.0,0,2,0,-0.35242309103464153,0,189.3013514350227,0,0
1.0,0,4,0,-1.2901410374813167,0,222.49185137471207,1,0
0.0,0,1,3,-1.2309982916845947,0,280.9793174881973,0,0
0.0,0,4,0,0.050951029888057234,1,146.90249216515156,0,0
0.0,0,5,0,-0.409662350141913,0,111.64253919713586,0,0
0.0,0,1,0,1.015765797360811,0,56.73069078127615,1,0
1.0,0,0,0,-0.3798754164122406,0,119.58121363965601,0,0
2.0,0,2,0,0.025951622249309303,0,379.5542852643225,0,0
0.0,0,0,0,0.2924093456062897,0,157.29698803288926,0,0
1.0,0,2,0,-1.2287318539088963,0,121.81250352937053,0,0
1.0,0,3,0,0.9444047549627035,0,143.3400992761815,1,0
0.0,0,1,0,1.0346300138345963,0,132.4073303284822,0,0
0.0,0,4,0,-0.5801238235669153,0,164.45884158746514,0,0
0.0,0,1,0,0.5769019874602116,1,275.3307253272292,0,0
1.0,0,1,0,-0.5330899536359828,0,278.04105783501024,0,0
0.0,0,2,1,-0.2821079766788241,0,253.063947133725,0,0
0.0,0,1,0,-0.48935670520371133,0,129.72463838764014,1,0
0.0,0,0,0,-0.3946768163537164,0,117.83988520795646,0,0
0.0,0,1,0,0.22711770893386204,0,294.48708092725394,0,0
0.0,0,3,0,1.8454006294811105,0,225.93188134770935,0,0
0.0,0,2,0,0.8940902328625484,0,224.51482033881626,0,0
0.0,0,3,0,2.333913199650093,2,52.713204927610306,0,0
0.0,0,2,0,0.2929751347357664,0,355.501604113828,0,0
0.0,0,4,0,-0.1756275465497403,0,277.7392263652942,0,0
0.0,0,1,0,0.25097487880110403,0,111.80885460047224,0,0
0.0,0,2,0,-0.4769947727534296,0,238.5015410498518,0,0
0.0,0,1,0,1.2074883318395369,0,262.07283441444025,0,0
3.0,1,4,0,-1.223795564809655,0,388.79231845889854,1,0
0.0,1,1,1,-0.791537698331416,0,110.64790401698527,1,0
0.0,0,1,0,0.1195538078943873,0,338.64659500368566,0,0
1.0,0,1,0,0.050549525985799704,0,325.7319286076889,0,0
0.0,0,3,0,-0.7505362140981112,0,291.5960555980311,0,0
0.0,0,2,0,-0.08070531052354196,0,396.6811430322405,0,0
1.0,0,2,0,-0.16720627965713009,1,45.761856512743165,1,0
0.0,0,0,1,-0.7285297934517782,0,174.73405106118867,0,0
1.0,1,0,1,0.6486113541817955,0,378.3638457014642,1,0
1.0,0,3,0,0.6977459212700361,0,361.0908773073824,0,0
1.0,0,4,0,0.48601545253191736,0,344.6693605632551,0,0
0.0,0,2,0,-0.455763070874007,0,383.6500629929966,0,0
0.0,0,2,0,0.6212262383439396,0,286.26209322624015,0,0
1.0,0,0,0,1.4589479883545433,0,111.03149921758299,1,0
0.0,0,2,0,0.3923258355967431,0,86.72758608789371,0,0
0.0,0,4,2,-1.3288570177803056,0,295.88425309821116,2,0
0.0,1,2,0,0.7064189639090412,0,293.5556325615934,0,0
0.0,0,2,0,0.22892018219225904,0,253.91194700265586,2,0
1.0,0,1,0,0.32683544255533037,0,125.91089123042643,0,0
2.0,0,4,0,-0.08504013089612253,1,281.1567608225158,0,0
1.0,0,2,1,-0.7363852726105455,0,362.08793551407786,0,0
0.0,0,2,1,1.0987572516991342,1,320.4538621115489,0,0
0.0,0,1,1,-0.706105662419251,0,181.8579101371426,0,0
0.0,0,2,0,-0.9216786046756527,1,114.84834374807339,0,0
0.0,0,3,1,0.5436232917893463,0,312.73874764191083,0,0
0.0,0,2,0,0.184125221168443,0,207.3425126347088,0,0
0.0,0,1,0,-0.738193173237528,0,67.15005540336404,1,0
1.0,0,0,1,1.558919714813779,0,368.5573213607406,0,0
1.0,0,4,15,3.5889370285912756,7,1.70130677117472,0,1
0.0,0,1,0,1.0285048894337923,0,396.00953412827334,0,0
4.0,0,0,0,0.5998955898911194,0,191.81758946780272,2,0
1.0,0,2,1,0.5869279330702032,0,45.986270176218824,0,0
1.0,0,1,0,1.2114181333537812,0,124.82083424929323,0,0
0.0,1,4,0,-0.8674584267452288,0,208.788617461022,0,0
1.0,0,2,0,-0.019559899253036733,0,373.1035188999585,0,0
1.0,0,3,0,-0.9223373122773554,0,175.86901506685504,2,0
3.0,0,0,0,-0.7279813129496681,0,383.55200301521694,0,0
0.0,0,4,0,0.9101575326086597,0,79.08155914467616,0,0
2.0,1,3,0,1.553509780159377,0,327.65002551183704,1,0
0.0,0,3,0,0.23821733961176095,0,362.93803541529843,0,0
0.0,0,0,0,0.29177991162132816,0,60.07796969169931,0,0
0.0,0,4,0,0.2774797702838782,0,42.791138674295084,0,0
0.0,0,2,1,0.6218649135300924,0,167.86275776416306,0,0
2.0,0,2,0,0.42426799752474953,0,314.2757628930412,0,0
1.0,0,2,1,1.0738930780847908,0,172.33508869196427,0,0
1.0,0,1,0,0.46258920150941196,0,203.84904505609757,0,0
1.0,0,1,0,0.6194683413228386,0,379.61506409817696,0,0
2.0,0,1,0,0.671479899315279,0,122.97246720863663,0,0
2.0,1,1,0,-0.8757161579914912,0,49.50230581604095,0,0
0.0,0,1,0,0.5023912903299155,0,204.04925239411787,1,0
0.0,0,4,0,-0.06673698088953409,0,292.1122630761573,1,0
2.0,0,2,0,0.2459822417569103,0,91.04790155053092,0,0
0.0,0,2,0,-0.10599528878428953,0,287.34289261967047,0,0
0.0,0,0,0,-0.04698501815922236,0,342.1449188466762,0,0
0.0,0,3,0,-0.27390901127860545,0,308.9758034788979,0,0
1.0,1,0,0,0.6719812936433067,1,125.65569002871307,0,0
0.0,0,2,0,0.8897618684653766,0,173.86927472388507,2,0
1.0,0,2,0,1.1924630302643062,0,39.265162813507494,0,0
0.0,0,1,0,0.8027756876689426,0,343.9947522033294,1,0
1.0,0,6,0,0.497569564163971,0,393.5693930970154,1,0
0.0,0,7,2,-0.605961221199097,0,255.43678332487866,0,0
0.0,0,2,0,-0.30890983502072045,0,166.54204502813735,2,0
0.0,0,5,0,2.009824144298997,0,363.0400082692512,1,0
0.0,0,3,1,0.48216468350361774,0,120.76785339541605,0,0
0.0,0,5,0,1.0725153613207865,0,312.7437846715758,0,0
2.0,0,1,1,0.33143684099550474,0,335.3592686381358,0,0
2.0,0,0,0,-0.8313330102407154,0,330.7395153842671,1,0
2.0,0,1,1,1.4969742516821014,0,61.84064653923173,0,0
2.0,0,4,0,-1.5409578176661487,0,279.4185389379781,0,0
1.0,0,3,0,0.004107552839287838,0,264.2572869225104,0,0
0.0,0,1,1,-0.26188100015452104,0,395.45385476405346,0,0
0.0,0,3,1,-0.1714943255822577,1,61.5261763750521,0,0
0.0,0,0,0,0.9631306687699595,0,191.35683370502662,0,0
0.0,0,3,1,-1.1503083686313589,1,357.42309905339124,1,0
0.0,0,2,1,0.03666941021147406,0,104.320129513459,0,0
0.0,0,1,0,0.6543557418408088,0,32.11684584485499,0,0
1.0,0,6,0,-0.7365307838524966,0,268.0928578190863,1,0
1.0,0,5,0,0.1365686006867346,0,294.5293701403557,0,0
2.0,0,2,0,1.278097102637184,0,259.5651579630943,0,0
1.0,0,0,0,0.32810193427970114,0,384.6588385670917,0,0
0.0,0,1,0,1.3917900308498705,0,52.793450317743506,0,0
1.0,0,1,0,-0.0772420684578926,0,286.6641394469231,1,0
0.0,0,2,0,-0.34507049763027653,0,37.26492754952506,0,0
1.0,0,1,0,0.15974438733566,0,219.27241112629505,0,0
0.0,0,2,0,0.09995435865761887,0,260.2142618695308,0,0
1.0,0,1,1,0.8855441365894766,1,299.70607392152215,0,0
0.0,0,3,0,-0.5648410386421808,0,383.06896134034184,0,0
1.0,0,1,0,0.15051526256767245,0,112.30246694739967,0,0
2.0,0,2,0,0.7489682780449812,0,218.4673627315372,2,0
1.0,0,2,1,-0.4949462467732204,1,84.44033693133802,0,0
0.0,0,1,0,0.14396843385674093,0,305.7921665736201,0,0
0.0,0,2,0,0.15804469782398126,0,198.64859786017664,0,0
1.0,0,3,0,-0.23858795697253088,2,59.852224053189886,1,0
1.0,0,4,0,0.11815491021510283,1,193.37378422687615,0,0
0.0,0,3,0,-0.7019439146785276,0,320.6294112164326,0,0
0.0,0,2,0,-0.026981574967354722,0,67.99765801276331,0,0
2.0,0,2,0,-0.07574438593950122,0,321.23319179067556,1,0
0.0,0,5,1,-0.09007373568153981,1,255.18528283821578,0,0
2.0,0,5,0,-0.7612167513913266,0,231.0268363616603,0,0
1.0,0,2,0,0.3930261829956566,1,108.88898675945643,0,0
3.0,0,1,1,1.2309099614528272,2,119.87695625321243,1,0
1.0,0,2,0,0.29303994483428913,0,143.84767886311752,1,0
0.0,0,5,1,0.352446037627221,0,202.76770849874893,0,0
0.0,0,0,0,2.1612211696432007,0,80.01551896491898,0,0
1.0,0,3,1,-0.2711112850610424,0,156.46153657091617,0,0
0.0,0,1,2,0.09109903217292432,0,164.69641564710025,0,0
2.0,0,1,0,-1.4753912833622083,0,348.20908596654726,0,0
1.0,0,0,0,1.0174956536646844,0,76.59321726600622,0,0
1.0,0,5,0,-0.9815749924003656,0,156.4050954351818,1,0
3.0,0,0,0,-0.6721180131634827,0,160.6736805236713,2,0
1.0,0,3,0,0.6504580833656283,0,76.06764934310326,0,0
0.0,0,3,1,0.7823245876942262,1,305.108594526666,2,0
0.0,0,2,0,-2.0373773313926304,0,97.52436608972286,2,0
1.0,0,1,1,1.158158452049642,0,365.6483002638147,1,0
1.0,0,3,0,1.0183700631147434,0,285.7197017806554,1,0
1.0,0,1,0,-0.526438591401931,0,296.88223491510394,0,0
0.0,0,2,0,0.4601742374248863,0,315.0541143470806,0,0
3.0,0,4,1,1.4139119214646445,0,165.32481220382806,0,0
0.0,1,3,0,1.5906411070050248,1,103.38054898065138,0,0
2.0,1,3,0,1.1012336783760537,0,100.75727634194644,0,0
2.0,0,0,0,-0.8567746800172474,0,231.89273949572885,0,0
0.0,0,3,0,1.464085072137407,0,163.68913243764598,0,0
1.0,0,1,0,0.5939399227937644,0,82.52662303044846,0,0
2.0,0,1,1,-0.9017824915620475,1,247.21715249673466,0,0
2.0,0,1,0,0.30030610805055474,0,29.468285022118323,0,0
2.0,0,2,0,-0.47969637066100346,0,99.5711743634919,0,0
0.0,0,2,0,0.3035202066124434,0,276.1243980139298,0,0
2.0,0,2,0,-0.4490838324358197,0,311.2303977176149,1,0
0.0,0,4,0,-1.3257763300808272,0,284.94227140898295,1,0
0.0,0,2,1,-0.3263858817561736,0,151.8234691920423,0,0
2.0,0,1,0,0.5578011620139942,1,270.74137487831547,0,0
0.0,0,3,0,-2.1697634606798313,0,203.83721326233945,0,0
0.0,0,1,0,0.4752305537148761,0,22.180837429384958,0,0
0.0,0,2,0,1.5422718026201085,0,241.59482055247454,0,0
0.0,0,1,1,-0.20484059850177583,0,334.48592118466144,0,0
0.0,0,2,0,-1.578640241332069,1,65.3118711885383,1,0
0.0,0,1,0,0.3928987473279126,0,382.07145125190095,0,0
1.0,0,1,0,0.5830551034264682,0,335.18844618986054,0,0
1.0,0,1,0,-0.1337331164731833,0,222.99384050432053,0,0
0.0,0,0,0,0.5834643551598931,0,266.74822857350637,1,0
0.0,0,3,0,0.42890922178926855,1,353.8198046192301,0,0
0.0,0,1,0,0.418837326557727,0,246.2746215323005,0,0
0.0,0,3,0,-0.41612313147545993,0,224.90141963162282,0,0
0.0,0,0,0,0.4950014179137452,0,225.70077503823612,1,0
0.0,0,2,0,-0.22317475786455862,0,185.3894810067805,1,0
0.0,0,1,0,0.6483975931326569,1,294.07055249870575,0,0
0.0,0,0,0,-0.6864220816851196,0,202.42932765853755,0,0
1.0,0,1,1,0.3203491643790442,0,142.8385896195411,0,0
1.0,0,0,0,-0.017554589723227747,0,211.27656490180442,0,0
2.0,0,5,0,-0.23766048322051542,0,364.4832001556449,1,0
0.0,0,0,0,-0.49425405107090814,0,164.9964476796585,0,0
0.0,0,1,1,1.298439449733451,0,195.31820335186455,0,0
0.0,0,1,0,0.33247832295977386,0,149.16246824087727,0,0
1.0,0,5,0,0.8138072955557517,0,151.6261991223818,0,0
0.0,0,2,0,0.5236528786501115,0,367.7723507212205,1,0
0.0,0,1,0,0.2747358509978257,0,233.61288846628298,1,0
0.0,0,3,0,-0.449720701936526,0,243.82452986912648,1,0
0.0,1,1,0,-0.14364985423909227,0,60.31854414534351,0,0
1.0,0,3,0,0.5604703585635294,0,91.90961237950529,1,0
1.0,0,0,0,-0.9313533172812806,1,209.1756414525088,0,0
1.0,0,3,0,0.7246892012444429,0,391.4035317000573,0,0
0.0,0,1,0,1.6855406825937767,0,32.288155135478874,0,0
0.0,0,2,0,0.24734744636493688,2,316.9387889276304,0,0
0.0,0,2,0,0.004624587937105807,0,148.3075262571083,1,0
1.0,0,2,0,-0.708870117496676,0,376.5706373513556,1,0
0.0,0,3,0,-2.2888714123706637,0,115.77840017291305,0,0
1.0,0,1,0,0.7491529838194507,0,147.0552051559764,0,0
1.0,0,1,1,0.17989342332103292,0,162.84910567691244,0,0
0.0,0,2,0,0.23199109364988668,0,110.41654323865347,1,0
0.0,0,1,0,0.056245075482316775,0,263.4149732449122,0,0
2.0,0,2,0,-1.45684895896772,0,251.93171896488352,0,0
0.0,0,4,0,-1.0044079084182704,0,259.1906165808028,1,0
1.0,0,2,0,-1.8986903563061177,1,388.6243722938102,0,0
0.0,0,3,0,-0.6032858352441791,0,333.5594864736565,1,0
0.0,0,1,0,0.567248952158494,0,366.3366354382485,0,0
0.0,0,2,0,-0.4255885984716405,0,209.18256932717838,0,0
0.0,0,0,0,-0.028738204189757494,0,123.75163566840533,0,0
1.0,0,3,1,-0.6831827840335114,0,33.92030665436842,0,0
39.74984011621936,0,1,0,3.6319167707799322,0,1.5627299855740877,0,1
1.0,0,3,0,0.7191425505169885,0,20.033541329195046,0,0
0.0,0,1,0,-0.34288670365531526,0,180.81892076949146,0,0
0.0,0,1,0,0.493891595179195,0,343.2086219304624,0,0
0.0,1,4,1,0.4270230531521768,0,69.15779025085871,1,0
0.0,0,1,0,-0.23411801956835854,0,221.48387427799452,0,0
1.0,0,3,0,-0.5660458222365453,0,106.20712128211365,0,0
0.0,0,2,0,-1.0939377420845156,0,121.01900728638866,0,0
0.0,0,1,0,-0.5998395123551663,0,313.8484066608946,0,0
0.0,0,3,1,-1.0752025617213699,0,178.1381323799675,0,0
0.0,0,2,0,-0.4553920310779269,0,255.9827127914067,0,0
0.0,0,0,0,-1.1951954901262536,0,243.5929981387949,0,0
0.0,1,0,0,-0.014695330080003323,1,129.06957353625927,1,0
0.0,0,1,0,-0.1118823041789112,0,133.32113481614527,0,0
0.0,0,0,0,-0.13981401561670784,0,103.30417561594321,1,0
0.0,0,1,0,-0.038744898378182686,1,343.93467282532896,1,0
2.0,0,0,0,-0.44400164283708876,0,386.1243382997614,1,0
0.0,0,0,0,-1.1765854036465668,0,145.0260151270992,0,0
0.0,0,2,1,0.3506327254838212,0,35.30152415371096,1,0
1.0,0,0,1,0.21492371817830286,0,267.26062037495905,0,0
0.0,0,0,0,1.0075105429580844,0,185.72094582635603,0,0
0.0,0,4,0,-0.7387975945396099,1,113.56008611789954,0,0
0.0,0,1,0,1.4331017032547986,0,360.04615726127867,0,0
1.0,0,0,0,-0.6239645005222335,0,158.26613783450182,0,0
2.0,0,0,0,-1.5040633583817187,0,287.5468027294034,0,0
0.0,0,2,0,0.2021551383230179,0,386.1631159084454,0,0
0.0,0,1,0,-0.5440214360660433,0,88.91257663011365,0,0
1.0,0,1,0,-0.3847494859753724,1,269.46298703660534,0,0
0.0,0,1,0,0.8705698008300277,0,149.33794764597522,0,0
0.0,0,2,0,-0.4129928660717626,0,350.14862613145607,0,0
0.0,0,0,0,0.4234182998609501,0,144.91505440810664,0,0
0.0,0,1,0,0.248795921909042,1,372.8397635620583,0,0
0.0,0,0,0,-0.9137482920080935,0,208.5871064320948,0,0
1.0,0,1,0,-1.0618185291753357,0,398.5005498461437,0,0
0.0,0,1,0,0.834147261164501,0,231.27809202688323,0,0
0.0,0,4,0,0.9956083987376552,0,192.77028712291445,0,0
0.0,0,3,0,-0.6362628076266031,0,166.67956772014176,1,0
1.0,0,3,0,0.15698179016107405,0,302.7831598629487,0,0
1.0,0,3,0,-1.5657774921814835,0,80.04897584150616,0,0
0.0,1,4,1,0.9252716739898453,0,68.60409541514215,0,0
1.0,0,2,0,1.488082724378138,0,181.62437604330034,0,0
0.0,0,2,1,-0.5827285304226967,0,355.6542416684209,0,0
1.0,1,3,0,-0.18183888638604628,0,67.73893238255826,1,0
0.0,0,1,0,0.400577975536671,0,309.52325298143217,0,0
2.0,0,3,0,-0.2745169264685961,0,150.91518374095347,0,0
1.0,0,5,0,-1.1529469262337677,0,311.0166705417675,1,0
1.0,0,2,1,0.15788703140164934,0,184.00230380791479,0,0
1.0,0,3,0,-0.48216423522258867,0,77.06441947900142,0,0
0.0,0,2,0,0.02161200178000686,0,196.83442724919277,1,0
1.0,0,1,0,-1.0025855919650122,0,234.72582255144346,0,0
1.0,1,1,8,3.8187761299352827,3,1.1218202284024537,0,1
1.0,0,3,0,-0.3136153999322324,0,279.4633344120155,1,0
1.0,0,3,2,0.8154808842086742,0,320.1292146422515,0,0
0.0,0,1,0,0.2537402061712179,0,141.30862358161767,0,0
1.0,0,3,1,-0.7076550151157869,0,122.12505227383969,0,0
0.0,0,5,0,0.6974064692584666,0,28.750379148092858,1,0
0.0,0,0,0,0.006804998269457018,0,266.1271535753743,1,0
0.0,0,1,0,1.0729451321353003,0,251.9886833667401,2,0
1.0,0,1,0,0.3398044378274081,0,233.40441137739685,0,0
0.0,0,1,0,0.7861589732938427,1,292.6166953375547,1,0
0.0,0,1,0,1.0570029907718181,0,309.41073174824817,0,0
1.0,0,1,0,-1.3680437271962216,1,193.05687782231462,0,0
1.0,0,3,0,0.0017449348644206883,0,184.63267029116003,1,0
0.0,0,4,0,0.7047489459963828,0,191.1939845420646,0,0
1.0,0,1,0,-0.9964062887018277,1,228.41241294999074,0,0
0.0,0,2,0,0.5657990068879085,0,323.5557754226015,0,0
0.0,0,0,0,-0.3553056062773193,0,165.44382446829877,0,0
0.0,1,1,0,0.8397469639114082,0,137.10618537454388,1,0
0.0,0,3,0,-0.47485833491281354,0,194.05461827610304,0,0
0.0,1,3,0,0.8949935828465541,1,278.2106255812812,0,0
0.0,0,1,0,-1.1198086418185662,0,289.03536095822176,0,0
1.0,0,2,0,1.0775037442593927,0,299.1984285746669,0,0
30.662788171252764,0,1,0,2.5577884904359474,0,0.6451867665943645,1,1
0.0,0,3,0,-0.20019904223297075,0,55.29530508711067,1,0
0.0,0,3,0,0.4337488410000025,0,34.26082414346922,0,0
0.0,0,1,1,-0.2782727229400676,0,112.67879117472032,0,0
0.0,0,0,0,0.677701230127527,1,28.12780793369761,0,0
0.0,0,2,0,-0.587992919715722,0,202.6583458119654,0,0
1.0,0,1,0,-1.3002790276310823,0,236.03715800858842,0,0
0.0,0,1,0,0.13137026147506015,1,55.57664638197099,0,0
1.0,0,0,0,0.4673849228384316,0,353.4953057369719,0,0
0.0,0,2,0,-0.2249369162138967,1,255.7557854584822,0,0
0.0,0,2,0,-0.507131509911484,0,172.4557444260054,1,0
1.0,0,2,0,-0.5653993706288054,0,67.96799420204925,0,0
1.0,0,1,0,-0.14737996642950119,0,71.87811155330803,0,0
0.0,0,3,0,-0.09600588690194468,0,354.6628143403096,0,0
1.0,0,1,0,-0.397830257334996,0,179.12521531256237,0,0
2.0,0,4,0,0.19974369813932547,0,251.42797530807428,2,0
1.0,0,2,0,0.888409524200873,1,384.2762979236163,0,0
2.0,0,5,1,-0.5426112913169742,1,137.19486176330253,0,0
0.0,1,2,0,0.06712279307632649,0,219.61290192021053,1,0
41.57343535488571,0,3,0,4.001091743781341,0,1.3395637352897773,1,1
0.0,0,1,1,2.652983461879538,0,34.10803818724167,0,0
1.0,0,4,0,1.4778248881881852,0,110.97623636932715,1,0
2.0,0,2,0,-0.2609452246157775,0,99.46823544928401,1,0
0.0,0,5,1,0.6316965138179469,0,329.8310486291811,0,0
2.0,0,4,0,-0.2567977733472019,0,50.20650279003672,0,0
0.0,0,3,0,0.6569194308933342,0,343.11830769372017,1,0
0.0,0,1,0,0.8803443586701427,0,244.885061319182,0,0
0.0,0,3,1,-0.1448096081623348,0,25.3531647216684,0,0
1.0,0,3,0,0.15897156107112342,0,295.66928896142434,1,0
0.0,0,3,0,0.34971439196412896,0,37.5488254783985,0,0
0.0,0,2,0,1.1164475802027851,0,302.22923494140497,0,0
1.0,0,2,0,0.06219261695088888,1,237.22921737878815,1,0
1.0,0,2,0,0.28841824314301223,1,176.9813036292094,0,0
1.0,1,0,1,-0.40095107992125867,0,62.633090409075535,0,0
1.0,0,4,0,0.6110795258848153,0,325.4477088732327,2,0
0.0,0,0,0,0.6846477018024126,1,329.42040113583516,1,0
0.0,0,2,0,0.28038604231584024,0,277.0254867674326,0,0
1.0,1,1,1,-0.5183720292837609,0,177.0639127267382,0,0
0.0,0,1,1,-0.27201904110822633,1,226.59690430282777,0,0
0.0,0,0,0,0.24573015807234713,0,178.59636081794994,0,0
0.0,0,2,0,-0.6658489375316998,0,372.0880551986182,0,0
2.0,0,3,0,-0.2393177183156086,0,209.094055397159,1,0
0.0,0,3,0,0.888237534036358,1,53.10580454118715,0,0
1.0,0,1,0,-1.4211423281691273,0,100.39052574482632,1,0
0.0,0,2,0,1.1794539829879132,0,354.08887522780685,0,0
0.0,0,3,0,0.4002852947756182,0,127.50096830782343,1,0
0.0,0,4,0,-0.6373305344000206,0,115.59759833752274,0,0
0.0,0,2,0,1.1605280943777365,0,87.73189208457687,1,0
0.0,0,3,0,-0.9476338723582098,0,351.45694583449534,0,0
0.0,0,3,0,-0.02340899069837916,0,131.4873293787625,1,0
0.0,0,3,0,0.5722190936719238,0,158.8368616326948,0,0
0.0,0,2,0,-0.07647769973449701,0,76.18839673477413,0,0
1.0,0,0,0,-1.1631288831975595,0,338.8019445588466,0,0
0.0,0,1,0,-1.011241822905403,0,132.3421010061724,0,0
1.0,0,1,0,0.38081065747931514,0,96.04631343422598,0,0
0.0,1,3,0,0.11817186711628101,0,244.3306348888134,1,0
1.0,0,2,0,-0.24146803985428034,0,232.34239890069014,0,0
0.0,0,0,0,-0.1586511350294252,0,361.7430523122889,1,0
0.0,0,4,1,-0.923043684148434,0,155.33054994543912,0,0
1.0,0,4,0,-0.5773740628705027,0,296.21089779219005,0,0
0.0,0,1,0,0.2543320671424188,0,153.24827247487974,0,0
1.0,0,3,0,0.2566903194256548,1,112.57708890751744,0,0
0.0,0,3,1,0.9302623996282675,0,114.43996772219931,0,0
0.0,0,4,0,0.3126162080534023,0,297.5704359013318,1,0
1.0,0,1,0,0.9384774449746547,0,298.37143092435593,0,0
1.0,0,1,0,0.7038745924675923,0,27.06677819911063,0,0
0.0,0,5,0,-0.2469680340296422,0,305.17605113059045,2,0
1.0,0,1,1,-0.14274422797195205,0,34.76500966508654,0,0
1.0,0,1,0,-1.0364067225718967,0,205.6654085126844,1,0
0.0,0,2,0,0.7885026334562532,0,25.539991016921086,0,0
1.0,0,4,0,1.0967581356608853,1,350.5892819183082,0,0
0.0,0,4,0,0.5937089487403266,0,238.31861665982905,0,0
0.0,0,1,0,-0.2846913081199205,1,275.144061804324,1,0
0.0,0,2,1,0.16917180832437528,0,56.756444392578956,0,0
1.0,0,0,0,-0.688904619023759,0,148.54307153400077,0,0
1.0,0,2,0,0.31170863969064944,0,378.47525120101966,0,0
0.0,0,3,0,-0.41627404764595294,0,124.40301290885493,0,0
0.0,1,3,2,-0.2182275085375435,0,156.9419692351926,0,0
1.0,1,3,0,-0.3578071790897423,0,34.21622667844657,1,0
0.0,0,3,0,-0.8521895312826276,0,120.4728098828198,0,0
0.0,0,1,0,0.45182354839771643,0,340.7754696916337,0,0
0.0,1,0,0,-1.9140847048040837,0,376.27294699044097,0,0
0.0,0,1,0,0.592894516922187,1,341.744303929666,1,0
0.0,1,4,0,-0.9047645663249361,1,69.05673367632502,0,0
0.0,0,5,1,-1.2650844291349364,0,144.8653914053507,0,0
0.0,0,1,0,-0.7959860556877829,1,257.9157209363382,0,0
0.0,0,0,1,-0.6881697728968755,0,69.34044087585734,0,0
1.0,1,2,0,-0.12347158420983316,0,139.15914359532007,2,0
0.0,0,4,0,1.2983128834042006,0,345.04385658702523,0,0
0.0,0,1,1,0.4301636520232247,0,332.98180436199397,0,0
0.0,0,1,0,1.5853789231755104,0,321.5098777325879,0,0
1.0,0,3,0,0.20995161564908982,0,58.12898212872275,0,0
0.0,0,1,0,0.6708166190519312,0,330.0830240273738,0,0
0.0,0,3,2,0.0379370741145745,0,253.96367701366248,0,0
0.0,0,1,1,1.2484106862823294,0,101.39404251635695,0,0
0.0,0,3,0,0.7618600285723667,0,190.27199585141398,1,0
1.0,0,2,0,-0.29761906531605853,0,199.70058540749974,0,0
1.0,0,2,0,0.22856180714277807,0,372.71329570065365,0,0
0.0,0,2,1,-0.11609608626080024,1,286.66684207557535,0,0
1.0,0,1,0,-1.2453388854681642,0,121.06263793933441,1,0
0.0,0,3,1,-2.4863462462018724,1,84.76022851721615,1,0
0.0,0,2,0,-0.31579466297634345,0,367.4968493701504,0,0
1.0,1,2,1,-0.1906542837443416,0,282.61677611292123,0,0
1.0,0,2,0,0.18771315399597438,0,32.89413988224274,0,0
0.0,0,2,0,1.1862885926914388,1,345.32642425450126,0,0
1.0,1,1,0,-0.5031219673750288,0,151.6361245819132,0,0
0.0,0,1,0,0.5490254513299127,0,70.41764191567316,0,0
0.0,0,5,0,-1.1311688155665738,0,99.96735508016751,0,0
0.0,0,2,0,-1.1071493582904075,0,133.0730448257715,1,0
0.0,0,2,0,1.0546695463749873,0,265.0713799038454,0,0
0.0,0,2,1,-0.45299822037620824,0,168.01211127367318,0,0
2.0,0,3,0,-0.092502171911157,0,67.56231374907227,0,0
1.0,0,1,0,0.6895430475127613,0,136.81130296415898,0,0
0.0,0,1,0,-0.5154697726940499,0,182.25907886550706,1,0
0.0,0,0,0,-0.06578226104207077,0,134.07936899270507,0,0
1.0,0,2,2,-0.8945535876073416,0,275.6082628364927,0,0
0.0,0,3,1,0.011703984580505205,1,90.24047551903641,0,0
2.0,0,4,1,-0.9197613212044802,0,284.9227735871992,0,0
0.0,0,3,1,0.4215035484460513,0,264.6724407621654,1,0
1.0,0,3,1,1.423224456332008,0,143.94679783473967,1,0
0.0,0,4,0,-1.1659585860891974,0,354.81209405915064,0,0
0.0,0,1,0,1.3809588699758357,0,22.138826835228404,2,0
0.0,0,2,0,0.10218966103752841,0,253.8340261319042,0,0
2.0,1,1,0,-0.6419540430944167,0,138.85274667724534,0,0
2.0,0,4,1,0.8731081561487882,0,174.13229763408975,1,0
0.0,0,1,0,1.7276084291639553,0,319.13510129257963,0,0
0.0,0,4,1,0.49131702128211646,1,356.1586741604312,0,0
1.0,0,2,1,1.0624523296705577,0,190.10373302218645,0,0
0.0,0,0,0,0.0733982387790888,0,159.70505918454995,0,0
0.0,0,1,0,-0.4209792699454453,0,333.1785425979603,0,0
1.0,0,3,0,0.42545488645742835,0,210.54601559685074,0,0
1.0,0,4,0,0.05959297613772096,0,159.56004654641626,0,0
1.0,0,2,0,0.08817402582720313,0,313.02086291730814,0,0
0.0,0,2,0,-0.6158264466638065,1,216.10700993800555,1,0
1.0,0,0,0,-0.2637463981992508,0,226.94563622027562,1,0
1.0,0,3,0,0.45470782504302676,0,196.1382180286207,1,0
0.0,0,7,0,0.6208081512104219,0,317.2848361484908,3,0
1.0,0,4,0,0.6558701032558093,0,161.5749912500044,0,0
1.0,0,1,0,0.11679640894481756,0,312.2469773689507,0,0
1.0,0,2,1,-0.5067103428677951,0,48.177215545517896,0,0
0.0,0,1,0,-0.006736582312715718,0,269.9263028368546,0,0
40.72005578165835,0,5,0,3.2926069495997634,0,0.4164219221092069,0,1
0.0,0,2,0,1.8158592748814408,0,232.9948263855654,1,0
1.0,0,0,0,-0.7138285673346725,0,28.23392887056842,0,0
1.0,0,2,0,-0.5006171733735014,0,227.66135519190715,0,0
0.0,0,2,0,0.13641336703583937,1,63.492907641674734,1,0
1.0,0,4,0,0.13810133365068375,1,61.305492098422775,0,0
1.0,0,2,1,-1.007253594214501,0,136.57959640292142,0,0
0.0,0,4,1,-1.009336978645021,0,312.34252181967196,0,0
0.0,0,1,0,0.39105472319775064,0,195.99399354810362,0,0
0.0,0,3,0,0.6962074614466456,1,102.97314115476154,0,0
0.0,0,4,0,-1.0603259082931575,1,293.68476521963936,0,0
1.0,0,2,0,0.32433227201081416,0,75.56961729090523,0,0
1.0,0,1,0,0.47226951353477553,0,300.346030745074,0,0
2.0,0,2,0,-0.897976148075001,0,29.04087850136323,0,0
0.0,0,4,1,-2.2169623052269687,1,24.07675197910173,1,0
1.0,1,1,0,-1.3696924277241074,0,32.16811717276428,0,0
0.0,1,1,0,0.31768488534299516,0,47.25374389651034,0,0
0.0,0,1,1,-1.016256781972622,0,197.93224404526416,0,0
0.0,0,4,1,0.3156258816188165,1,75.80340441613524,0,0
0.0,0,1,2,-1.6305065736119027,1,170.89697222789638,0,0
1.0,0,0,0,0.887244081034499,0,242.50025822298525,0,0
0.0,0,5,0,0.5703340121287264,1,40.22128867994953,2,0
1.0,0,1,0,1.3200799480821335,0,118.99941447302146,0,0
1.0,0,2,0,-1.4376602684588846,0,386.72386826907075,0,0
1.0,1,4,0,0.7297492189398779,0,375.2786443278114,0,0
0.0,0,2,0,-0.6264860068329089,0,129.3331338397984,1,0
0.0,0,2,1,0.7776852862651178,1,265.3503832082828,0,0
0.0,0,1,0,0.2002335303979703,1,301.7802767191634,0,0
0.0,0,2,0,0.6403013374671382,0,213.4910799472698,0,0
1.0,1,1,0,0.9046985083527199,1,157.5687950380629,0,0
1.0,0,3,1,0.5052927426086561,0,26.148169154499527,0,0
1.0,0,2,0,0.24968443470205953,1,282.9220448989167,1,0
0.0,0,5,1,-0.45035649160643926,0,296.12088391936896,0,0
4.0,0,3,0,0.8351847902504332,0,53.32869954955878,1,0
0.0,0,3,0,-0.8729635406242242,0,137.67671963288723,1,0
0.0,0,1,0,0.9148784942724911,0,67.8001072739468,0,0
0.0,0,1,0,0.08527926505513382,1,65.26223553045803,0,0
0.0,0,3,0,-0.9113442536131192,0,181.8194639472749,0,0
0.0,0,0,0,0.8175937000130524,0,241.61366596217584,0,0
1.0,0,2,0,-0.5458903314951201,0,127.22165022272081,0,0
0.0,0,3,0,-0.48444898528798536,0,45.03472416035379,0,0
3.0,0,3,1,0.18180587631283385,0,168.01955788737655,0,0
0.0,0,1,1,-0.7055030982219848,0,259.9562613224897,0,0
0.0,0,1,1,-0.5504721683715172,0,300.6363384556301,1,0
2.0,0,1,0,-0.8811291926713288,0,23.358276999782866,1,0
0.0,0,3,0,1.2774597253733462,0,377.49953807801137,0,0
1.0,0,3,0,-0.507623026157454,1,32.51949084497954,1,0
0.0,0,1,0,-0.8227875990364005,0,253.3042343123838,2,0
2.0,0,0,0,0.3879041548181585,0,372.42722990710905,0,0
3.0,0,1,0,0.3182706080224307,0,193.16829087234436,1,0
2.0,0,2,0,0.6248526883377452,0,209.57564884554944,0,0
1.0,0,1,0,1.241953682781681,0,209.01707415164825,0,0
0.0,0,1,0,0.5299759743912514,0,382.23339900235266,0,0
0.0,0,1,0,0.13710303865996848,0,278.2479363364017,0,0
0.0,0,3,0,1.2076743711956777,0,101.26159335374236,0,0
1.0,0,3,0,0.22290523105939042,0,252.9731360023269,1,0
1.0,0,1,0,-0.0008269599381853966,0,334.6194236275571,1,0
0.0,10,12,0,8.222289423018301,0,0.3460563354381916,1,1
0.0,0,1,0,1.425441893317407,0,186.37149668276618,0,0
1.0,0,1,0,-0.003149087215966806,0,292.88090373762384,0,0
0.0,0,2,1,1.1771308300162433,0,290.52562248967206,0,0
1.0,0,3,0,-0.960023440070755,0,270.62046145507384,0,0
0.0,0,3,0,0.5700818248767117,1,369.7499597400092,2,0
0.0,0,2,0,1.8095287176039783,0,335.9457527248234,0,0
0.0,0,1,0,-0.8865220724699429,0,48.188936962712475,0,0
1.0,0,1,0,0.37677645014708333,0,143.67482955656533,1,0
0.0,0,1,0,0.2700296081592857,0,32.15875742727722,0,0
0.0,0,4,1,-0.45376157892992564,0,278.44648389312755,0,0
0.0,0,2,0,1.0510619767450913,0,271.5141886652139,0,0
1.0,0,4,0,0.8956165708391215,0,283.7826249046588,1,0
0.0,0,2,0,-0.5165968898114364,0,345.60926809220626,0,0
1.0,0,5,0,-0.4687008859691448,0,331.0588831493508,0,0
0.0,0,3,0,0.4024449306957049,0,77.05706259484941,2,0
0.0,1,4,0,-0.12199622657947787,0,329.32714390676426,0,0
1.0,0,1,0,0.34285662961594876,0,390.71562482946894,0,0
0.0,0,3,0,0.9160265707536678,0,69.76535611578618,0,0
1.0,0,3,1,-0.14709687444789268,0,72.39940039654768,0,0
0.0,0,2,0,-0.6296963015044882,0,251.45179446414065,0,0
2.0,0,3,1,-0.40075859675796155,0,369.23772779118286,1,0
0.0,0,1,0,0.23278244522296743,2,205.39924009815556,1,0
0.0,0,2,1,0.3839879634042217,1,227.68522358361304,0,0
0.0,2,3,0,-0.6130974892242662,0,79.45776851542641,0,0
1.0,2,3,0,-0.12020608955660057,0,342.4120705384228,0,0
0.0,0,1,0,0.6479416455276582,0,241.3979387236794,1,0
1.0,0,2,0,0.16882593093561196,0,398.84964435553763,0,0
0.0,0,1,0,-0.588198879859928,0,132.10408674595823,3,0
0.0,0,1,0,2.4526104543340823,0,91.13953732740616,0,0
0.0,0,5,0,-0.12809964842876295,0,321.82132268088066,0,0
0.0,0,2,1,1.7709517133965123,0,215.0946181663623,0,0
1.0,0,3,0,-0.7160662892516305,0,187.46870920707542,1,0
0.0,0,0,0,0.8651112486986693,0,388.36376895407506,0,0
0.0,0,0,0,-1.0816824255248079,0,312.110579599025,0,0
1.0,0,8,1,-0.029069255525637022,0,322.8041529755411,1,0
0.0,0,1,1,1.0962498119187014,0,281.0137306701174,1,0
1.0,0,1,1,-1.1387683270419138,0,248.79191332129608,1,0
1.0,0,2,0,0.24715883069781738,0,165.23004049156998,0,0
0.0,0,0,0,-0.04697889456893759,0,218.79897315342063,0,0
1.0,0,0,0,-0.5372721898022765,0,69.50742834587018,0,0
1.0,0,1,0,0.8626091230410208,0,358.8700949500169,1,0
1.0,0,0,0,0.5573776030582366,0,156.02196021869622,0,0
1.0,0,1,0,-0.14650423474772875,0,33.04186419332463,0,0
0.0,1,2,0,-0.13039692571708936,0,371.56628519099667,0,0
1.0,0,2,0,1.2030261430355962,1,308.7109627591887,0,0
1.0,0,3,0,0.8309064490263005,0,287.5595976061984,0,0
0.0,0,1,0,0.5099735514493141,0,383.3332765143685,0,0
0.0,0,3,0,0.4554205552568041,0,376.6480593926232,0,0
1.0,0,3,0,-1.887109854905462,1,253.6652823184245,1,0
0.0,0,2,0,0.24773568624014664,1,174.8768797829282,0,0
0.0,0,3,0,-0.7361385139837546,0,94.26655689801926,1,0
0.0,0,1,0,-0.7145501817605739,0,394.53566400411097,0,0
1.0,0,0,0,0.7680972724372171,0,376.26728935162254,0,0
1.0,0,2,0,-0.5915985035483516,1,186.58695443926203,0,0
0.0,0,2,1,0.09956960595995257,0,35.414760673456676,0,0
1.0,0,3,0,-0.045330951960900444,0,200.99183147056178,0,0
0.0,1,1,0,-0.1127999928984933,1,70.30198591687406,1,0
0.0,0,3,0,0.5891579606656877,1,62.53559615729503,0,0
1.0,0,1,0,-0.22146821481968681,0,113.0888305253056,0,0
2.0,0,1,0,-1.4194752656993912,0,137.36187130400376,0,0
0.0,0,2,0,0.9100802966220333,0,199.64428619161868,0,0
2.0,0,2,0,0.4881573067199967,0,116.05731040758388,0,0
2.0,0,2,0,-0.5300032991871854,0,398.11215430694773,0,0
0.0,0,3,0,-0.48815805526198885,0,198.07449609009043,0,0
0.0,0,2,0,-0.4035457369476483,1,300.04776382948677,1,0
1.0,0,1,0,0.1076915210067268,0,31.498010470591346,0,0
1.0,0,3,0,1.163933833485293,0,113.66045977448759,1,0
0.0,0,5,0,-1.8186141191013232,1,131.76692699301896,1,0
0.0,0,4,0,-0.4810278308837921,0,336.3989446951881,0,0
0.0,0,1,0,1.727374032196484,0,36.992330361521326,0,0
0.0,0,1,0,0.08611231632303461,0,82.60750981971049,0,0
0.0,0,2,0,-0.5054511813676075,0,199.55559298812136,0,0
1.0,0,2,0,0.21903566023762522,0,354.2475559803235,0,0
0.0,0,2,0,-1.939182447792105,0,315.7787831114863,0,0
0.0,0,0,0,-0.1452676694823942,0,82.67813505055238,0,0
0.0,0,2,0,1.0884166098491723,1,48.98777108860197,0,0
1.0,0,3,0,0.7639725508476409,0,225.09590799240536,0,0
0.0,0,2,0,-1.9035901242953415,0,342.9890841220414,0,0
0.0,0,2,0,0.7168713171160532,0,378.8206111645976,0,0
1.0,0,1,1,0.5952544212831172,2,140.75856730050106,1,0
0.0,0,0,0,0.33681553046794976,0,379.035121685946,1,0
0.0,0,1,0,-1.4579948810677383,0,390.0796147922697,0,0
0.0,0,6,0,-0.8206043419418112,0,353.57369112331776,1,0
0.0,0,2,0,0.4014706553702855,0,114.51777534019344,0,0
1.0,1,2,0,-0.03608255795055039,0,76.03877230997114,1,0
0.0,0,2,0,-1.4209611606470958,0,155.5620549138095,1,0
1.0,0,3,1,-0.22955330036127247,0,115.04286417293339,0,0
0.0,0,2,1,1.0298586699703198,1,166.96445283770595,0,0
1.0,0,2,0,0.7604497507744538,0,162.99490083463027,1,0
0.0,0,1,0,1.6031197353722337,0,98.92384062400498,1,0
1.0,0,1,0,-0.9436237514185131,0,25.312462834640925,1,0
1.0,0,4,0,0.24052477172439382,0,52.72898249505132,0,0
1.0,0,3,0,-0.9130306312544679,1,51.65199154415078,0,0
1.0,2,0,0,1.487896926706453,0,195.01418116892626,1,0
0.0,1,1,0,-1.4513308103015197,0,87.0975994451712,0,0
0.0,0,2,0,0.7232914605528007,0,176.6272111561028,0,0
3.0,0,2,0,-0.3584180497407897,0,113.80890070545105,0,0
1.0,0,3,0,1.1124319132965368,0,120.71565154582396,0,0
3.0,0,5,0,0.9802281585137589,0,119.9354322942929,0,0
0.0,0,0,1,-0.2042253229097516,1,260.73902646713964,0,0
1.0,0,2,0,0.513972033225351,0,53.423809246962705,0,0
0.0,0,4,1,-1.317680293451029,0,22.49178433071763,0,0
0.0,0,3,0,0.587171069724805,0,198.85144313206087,0,0
0.0,0,1,0,1.0512020610251063,1,297.756058695556,0,0
0.0,0,4,0,0.02470141093628852,0,241.01827935310857,1,0
0.0,0,3,0,0.12888331148589316,0,234.2117159146425,0,0
3.0,0,2,0,-0.27380155336031503,1,127.46734630477224,0,0
0.0,0,4,0,-0.46975110099143313,0,384.3462504520217,0,0
0.0,0,2,0,-0.8984857456547453,0,93.86801244850774,1,0
0.0,0,2,0,1.4646651316819446,0,340.1758529893973,0,0
0.0,0,0,0,-0.3707441321135416,0,294.52404814194034,0,0
0.0,0,2,1,0.7010069065573636,0,45.051448137128475,0,0
0.0,0,2,0,0.9272548262275064,0,258.38646808717033,1,0
1.0,0,1,0,-1.0127447263643596,0,86.2547032663015,0,0
0.0,0,2,0,-0.854459318813733,0,137.9855645285039,1,0
0.0,1,1,0,0.19674157210039347,0,218.7132848002371,0,0
0.0,0,1,1,0.3719497308457683,0,163.61762980962422,0,0
0.0,0,1,0,0.9663437633138185,0,57.83645611728037,0,0
0.0,0,3,0,-0.0998247419467071,1,97.52260214169897,0,0
1.0,0,3,0,-0.46238395121637316,0,156.09489270970627,1,0
1.0,0,4,0,1.8175558871264732,0,273.62689636508026,0,0
1.0,0,1,0,-0.3237340519183011,0,134.56617029848542,0,0
0.0,0,2,0,-1.409263569710784,0,304.87196893622837,0,0
0.0,0,2,1,1.11406679133073,0,377.2654300595774,0,0
0.0,0,1,0,-0.44162002831435976,0,71.11137215580351,0,0
2.0,0,4,0,0.342859693287505,0,304.316882679713,0,0
0.0,0,3,0,0.03752828154101611,0,258.527968505678,0,0
1.0,0,3,0,-0.20770543242818063,0,337.68847408780675,0,0
0.0,0,3,1,1.2312509700954881,0,211.5402317843077,0,0
0.0,0,2,0,-0.10303680354421174,0,278.86589917771624,1,0
1.0,0,1,0,-1.1879959862333949,1,97.72569456445282,0,0
0.0,0,1,0,-0.06891074496932002,0,346.1506208406376,0,0
0.0,0,1,0,0.7515214736413216,1,360.3225168951735,0,0
2.0,0,2,0,-0.25936527511325463,0,146.05234125747756,0,0
0.0,0,4,0,0.267023843600842,0,319.83902153018937,0,0
0.0,0,2,1,-0.27563943395705787,0,101.47165133836604,1,0
1.0,0,3,0,2.036744287931444,0,285.19476894044806,1,0
1.0,0,1,0,0.8285106829816926,0,311.1486656842251,0,0
0.0,0,2,0,-0.3271903654745655,0,346.75662922933856,0,0
0.0,0,3,0,1.194360279815001,0,143.87552946392594,0,0
2.0,0,1,0,-0.5501054685013899,0,158.1504614589532,0,0
2.0,0,4,0,-0.024461877085383464,0,332.3574522874778,0,0
1.0,0,3,0,0.650548114205703,2,286.3675714461176,0,0
0.0,0,4,1,-1.2788915062075388,0,254.55441234891975,0,0
1.0,0,4,1,-1.2311175811983386,1,246.2765096048832,1,0
1.0,0,5,0,-0.5056041754162456,0,195.69120894197692,1,0
1.0,0,4,0,0.050281209747409156,0,195.11143715811667,0,0
1.0,0,4,1,0.045027513434558346,0,245.22376363816736,0,0
2.0,0,1,0,0.9652320529026549,1,110.99261920997218,0,0
0.0,0,2,0,0.3105817470501839,0,171.1221011847158,0,0
1.0,0,2,0,0.13031742496042717,0,187.94084617862467,0,0
1.0,1,1,1,-1.4784968800174625,0,170.7517638554788,0,0
1.0,0,5,0,-0.259816993040929,1,256.0583830690496,0,0
0.0,0,2,0,0.7387189123329714,0,396.46468829285783,1,0
0.0,0,2,0,-0.8889993733071289,0,225.83830246496834,1,0
1.0,0,1,1,0.2670779655702449,0,310.6322235282329,0,0
0.0,0,2,1,0.13525540932287808,0,20.60858621453191,0,0
0.0,0,1,0,0.36341883044884127,1,77.96781485810635,1,0
2.0,0,2,0,0.4405447171891543,0,324.24426627925396,0,0
0.0,0,2,0,0.7474968492287383,0,353.13153660727687,1,0
0.0,0,0,3,-0.2996338632335241,0,200.97683087947286,1,0
2.0,1,1,0,0.6898346027290589,0,114.24907540517188,0,0
0.0,0,3,2,0.9982740008160397,0,343.94272684789246,2,0
0.0,0,3,0,-0.3872162491220362,0,57.814809948901654,0,0
0.0,0,3,0,1.2089299752459393,0,147.46943165819548,0,0
2.0,0,1,0,1.7047507897227232,1,391.8510222111344,0,0
1.0,0,5,0,-1.2116878802352695,1,226.91938493745093,0,0
0.0,0,1,0,0.8452965546935094,1,20.254006547006654,0,0
1.0,0,0,1,0.16215164211304461,0,365.8899064945471,0,0
1.0,0,2,0,0.25983362189774634,0,312.60237263538505,0,0
0.0,0,2,0,1.622199656667046,0,361.0608944264981,0,0
0.0,0,4,1,0.850592777786229,0,270.13463219147275,0,0
0.0,0,0,1,0.9121610126920313,1,180.01385499829746,1,0
0.0,0,4,0,0.9123908711975175,0,178.24467363014708,0,0
0.0,0,0,0,-0.7821354747974256,0,241.74102889941736,0,0
0.0,0,3,0,-0.6319435515139706,0,217.19386078903415,0,0
0.0,1,1,0,-0.6996583353686332,0,177.98209190586692,0,0
0.0,0,0,0,-0.2502971475374859,1,286.407743079807,0,0
0.0,0,3,1,-0.13036974750777477,0,370.136506803837,2,0
0.0,0,3,0,-0.14707566192387853,0,363.7213568887157,0,0
0.0,0,1,0,2.216722613743013,0,171.27478949783196,0,0
1.0,0,0,2,-0.5142754277259874,0,230.2512266932908,1,0
0.0,0,3,0,0.5802367436089896,0,378.0107040174272,2,0
2.0,0,1,0,-0.7573754544720803,0,79.71666374249153,0,0
0.0,1,2,0,0.3867583460060604,0,305.2252261338873,0,0
0.0,1,3,0,0.6593322451139899,0,157.62739622576865,0,0
0.0,0,3,1,1.0994100844079928,0,337.06184965608065,1,0
0.0,0,2,0,0.8221283981629132,0,373.8836664015149,0,0
0.0,0,3,1,0.9523471658159682,0,128.899446486381,0,0
0.0,12,9,0,5.297876236016755,0,0.8573640116776571,0,1
0.0,0,2,0,-1.5664709597278825,0,388.095757442029,0,0
1.0,0,1,0,-0.8359728871599332,0,317.15255085433364,0,0
1.0,0,3,0,1.0317256365714111,0,78.91996558810351,0,0
1.0,0,2,0,0.25026399269457916,0,203.2712663277462,0,0
0.0,1,8,0,0.06569645107599427,1,396.81072738129564,0,0
0.0,0,0,0,-1.5753233075734103,0,185.00217304935418,0,0
0.0,0,0,0,-1.4298417992964885,0,20.59369270937433,1,0
0.0,0,1,0,-0.6244880521172923,0,307.66430724767696,0,0
0.0,0,0,1,-0.12613845473112908,0,162.48689111527477,2,0
0.0,0,4,0,-1.539549850265266,0,281.2138225782014,0,0
0.0,0,4,1,-0.6038334496320246,0,45.65051846982379,0,0
1.0,0,3,0,-0.22266589043128115,0,175.87086496480694,0,0
0.0,0,1,0,0.2084284264014619,2,135.47378606864075,1,0
1.0,0,1,0,-0.30809406589326194,1,184.31725183117692,1,0
2.0,0,0,0,1.276788095503585,0,240.55669826394657,1,0
1.0,1,2,1,-0.3373016634279113,0,29.318577172171413,1,0
0.0,0,3,0,-0.4970278171313476,0,115.94457781912557,0,0
0.0,0,3,0,0.2824639063518834,0,241.08627489695203,0,0
1.0,0,2,0,1.6785326524529571,0,227.29882097155343,0,0
0.0,0,3,0,-0.44096135730386776,1,252.515179316307,0,0
0.0,0,2,0,0.44871065623082845,0,347.5801704217337,0,0
1.0,0,1,0,-2.198352080928939,1,176.09950928344895,0,0
0.0,0,2,0,0.2787783632229672,0,55.22450925995201,1,0
0.0,0,1,0,0.23762865015700121,0,82.9403548413658,0,0
0.0,0,6,0,0.7899253922258945,0,57.10930222992078,0,0
1.0,0,5,2,-1.5929561252904214,0,293.931797462693,1,0
0.0,0,2,0,-0.6432968511835333,0,268.6059727680205,0,0
1.0,0,2,0,0.6738294885866924,0,145.92164682907787,1,0
1.0,0,0,0,1.5752313772280733,0,387.19141916457477,0,0
1.0,7,10,0,4.174900122751289,0,0.24463306660895312,0,1
1.0,0,1,0,-0.9510824939411482,0,306.30416906828873,0,0
1.0,0,2,0,-1.0597485268582334,0,392.36371497118483,0,0
0.0,0,1,0,0.6392400340918218,0,222.15908814627187,0,0
0.0,0,5,0,0.44876327850361303,0,278.6323200225678,0,0
0.0,0,2,0,-0.7418004553869761,0,356.4413654421098,0,0
0.0,0,3,0,-0.7059903099107757,0,304.91663726431744,0,0
2.0,0,3,0,-0.8150719719757534,0,335.50342073476367,2,0
0.0,0,3,1,-0.37616347137282014,0,230.0109410336754,0,0
0.0,0,3,0,-0.2645120551027361,1,244.06582942460773,0,0
0.0,0,3,0,-0.5533737596407189,1,243.84559985619512,1,0
0.0,0,4,0,-1.007796784241753,1,390.9664297356341,0,0
0.0,1,0,1,1.2564793282318438,0,222.52557492503266,0,0
0.0,0,3,0,0.7547096928670853,0,163.94439290312957,0,0
0.0,0,4,0,-0.12768241851355913,1,354.63045363859965,0,0
0.0,0,2,0,0.3554397369659181,0,289.2990318057098,0,0
0.0,0,3,0,1.0106347153776347,0,135.02037241623322,0,0
0.0,0,4,0,0.25050257023735156,0,91.67705004901055,0,0
0.0,0,1,0,1.027508175929596,0,147.9151087137198,0,0
1.0,0,3,0,0.010659251786223437,0,343.40164717240356,0,0
1.0,0,3,0,-0.25641379696043426,0,58.89556105467043,1,0
3.0,0,4,0,-0.2546216713787527,0,380.844511427605,0,0
0.0,0,4,0,-1.009927828545223,0,365.76644956727216,0,0
0.0,0,4,0,0.7118596169000561,1,200.770163692296,0,0
0.0,0,1,0,-0.637151621684145,0,193.16840440531027,0,0
0.0,0,0,0,-0.13498674880505074,0,144.36819650284838,0,0
0.0,0,3,1,-1.6535305412904024,0,176.25934121957437,0,0
1.0,0,2,0,1.2538433638014879,1,278.2341500769627,0,0
0.0,0,3,0,-0.15688124886781488,1,335.17839417869266,0,0
0.0,0,1,0,0.2153336754575281,0,144.56387602568893,0,0
0.0,0,6,0,-0.28283717176368944,0,319.55141637585007,0,0
1.0,0,4,0,-0.862522045620993,1,28.823164987579005,2,0
0.0,1,3,1,0.9958141051672537,0,307.8264627889207,2,0
0.0,0,4,0,0.8906148176610419,0,251.2433923257882,0,0
0.0,0,1,0,0.8944586958456631,0,257.20538865051435,0,0
0.0,0,2,0,-0.27423149281051623,0,97.6822175993014,0,0
0.0,0,0,2,-0.5433696666470572,0,277.7043154689188,1,0
0.0,0,1,0,-0.9003348939427822,0,117.11798497649383,1,0
0.0,0,4,1,-0.5683547081821005,0,121.1182085717798,1,0
0.0,0,3,0,0.949502549972854,0,62.04132970481515,1,0
1.0,0,2,1,0.1726442575347572,0,318.2277300603475,0,0
0.0,1,1,1,-1.0161110940545701,0,90.32469461803437,0,0
0.0,0,2,0,-0.2872598345606778,0,398.46299596099533,0,0
0.0,0,4,0,-0.6436341520219241,0,243.61541878189513,0,0
0.0,1,1,0,-0.6774637293827492,0,127.78400393791773,1,0
1.0,0,2,0,-1.4694012477857556,0,106.38797942640198,0,0
1.0,0,3,1,0.03440046625546369,0,288.1768569846795,0,0
0.0,1,4,0,-0.9974501431519753,0,373.11591329519905,0,0
0.0,0,4,0,1.160082135013925,0,173.04914658570837,0,0
0.0,0,1,0,0.5008509507852325,0,343.2663044327729,0,0
0.0,0,1,0,1.467232340909438,0,41.838114542839776,0,0
0.0,0,2,0,1.659485295809756,0,205.15501479862428,0,0
1.0,0,0,0,-0.9781992758698572,1,91.77358278150244,1,0
0.0,0,2,0,0.6993388852549413,0,109.61167460593865,0,0
0.0,0,1,0,0.17304635729831003,0,200.3470054890567,0,0
1.0,0,1,0,0.6449570353322565,1,287.27987473095476,0,0
1.0,0,2,0,0.5267634392348107,1,28.375132893381966,0,0
1.0,0,2,0,1.1508141299962862,0,150.01013386494782,0,0
0.0,0,2,0,0.3505744138640199,0,91.39845590412328,1,0
1.0,0,4,0,0.1341549720112115,0,186.2613067366635,0,0
1.0,0,3,0,-1.6567938199637426,0,115.54042865539508,0,0
1.0,0,1,2,0.7127300490465923,0,99.38928521639579,0,0
0.0,0,1,0,-0.17220260749394992,0,267.09141927752466,0,0
1.0,0,1,0,-2.0811020256483177,0,151.45042391713397,0,0
2.0,0,0,0,1.3473697986544653,0,41.11915881115473,1,0
1.0,0,3,0,0.09582852753654951,0,363.49556068924016,0,0
0.0,0,1,3,-0.5983347722212232,0,208.46094511459071,0,0
0.0,0,3,0,-1.6924399627442335,0,37.53365882131426,0,0
1.0,0,2,0,-0.49127580334688503,1,352.72164896980865,1,0
0.0,0,1,0,1.5790545437379737,0,65.02389142605603,0,0
0.0,0,1,0,0.6135353954151821,0,391.02423872041277,0,0
0.0,0,3,0,0.21052511214176192,0,211.66933037075881,0,0
0.0,0,5,0,0.2449221276446054,0,391.2200950497163,0,0
0.0,0,2,0,0.5222362803473087,1,233.53914908285037,0,0
0.0,0,2,0,0.807942789019238,0,59.05155256232422,0,0
0.0,0,0,0,-0.10315414028826164,0,192.24980497602482,0,0
0.0,0,2,0,1.4750764519112134,0,393.5248315613213,0,0
0.0,0,2,0,0.5198166781480923,1,42.925889664095635,0,0
0.0,1,2,0,-0.09324225228501813,1,81.76819057254743,0,0
1.0,17,19,0,1.702482106995301,0,1.3412988606260894,0,1
1.0,0,1,0,-0.06598572460718982,0,375.04854420367235,1,0
1.0,0,4,1,-0.4206635943087529,2,31.50994852686067,0,0
1.0,0,3,0,1.713670833712971,0,215.6504733094465,0,0
0.0,0,2,0,0.6134082765959583,0,152.31938611630474,0,0
0.0,0,1,0,0.501617770378866,0,142.7448728195186,0,0
0.0,0,4,0,-0.346886128249572,0,241.58220831521646,0,0
0.0,7,16,1,3.415974788505734,0,0.06384672333727037,0,1
1.0,0,1,0,-0.45614290934281887,0,29.861288668519393,2,0
0.0,0,3,0,-0.5614624822260647,0,282.0208310080267,0,0
0.0,0,2,0,-0.6421313535643104,0,178.5797567013768,0,0
1.0,0,2,0,-0.4362765793820505,0,252.85273155093557,1,0
1.0,0,2,0,1.8682617203841525,0,151.80969780029508,0,0
0.0,0,0,0,-0.08159744998183138,0,177.71902891397542,2,0
0.0,0,2,1,0.9301336257107021,0,104.01029327178159,0,0
1.0,0,2,0,-1.3037226578948493,0,251.42599223727268,0,0
0.0,0,2,2,1.4596049840817336,0,125.28225324807732,0,0
0.0,0,1,0,0.002992872673181311,0,392.78656755631806,0,0
1.0,0,2,0,-0.2766759009441419,0,35.24975420910665,0,0
1.0,0,1,0,-0.37320905195529863,0,238.91745364627172,0,0
1.0,0,4,0,-0.4739364389836935,0,331.7510645419897,1,0
0.0,0,4,0,-0.18139099967198885,0,282.1662158378556,1,0
0.0,0,3,0,-0.6451404536892201,0,113.96664039886092,0,0
0.0,0,1,0,-0.27178233887710984,1,386.2458707828751,1,0
0.0,0,0,1,-0.6285541120894325,0,352.46613462543075,0,0
2.0,0,4,0,-0.22105647856601487,1,324.6326560692429,0,0
0.0,1,1,0,0.04496382339559012,0,167.26309845916472,0,0
2.0,0,4,0,-0.9961486273643798,0,272.45939946123656,1,0
1.0,0,2,0,-0.6744325126353093,0,68.05817127912968,0,0
0.0,0,2,0,0.007082879877172846,0,148.19274868006525,1,0
0.0,0,3,0,-1.2052078372658301,0,292.2791370997699,0,0
0.0,0,4,0,-0.9655301412029482,1,288.72503436865037,0,0
0.0,0,1,1,0.7905726312127487,0,169.2827653783053,0,0
0.0,1,1,0,0.7350285434347561,1,112.00972158914045,0,0
1.0,0,1,0,-0.04503470944674112,1,55.401960070355415,0,0
1.0,0,1,0,1.1155107585432802,0,132.5965536825853,1,0
0.0,0,4,0,0.14056465260664336,0,394.1866700350174,0,0
0.0,0,3,0,0.06202503481276064,3,331.52457274398995,1,0
0.0,0,2,0,0.12443197680544882,1,214.41269229677584,0,0
0.0,0,3,0,-0.27194978816185683,0,104.56412544281514,0,0
0.0,0,2,0,-0.12465884987874597,0,284.52535221626937,0,0
0.0,0,1,0,0.8263398822601071,0,82.4819528953883,0,0
0.0,0,1,0,0.33325555928197503,0,164.5215802691223,1,0
0.0,0,2,0,-1.5479908590443523,1,247.00282359476705,1,0
0.0,0,3,0,-1.1566001657312532,0,233.88621156306925,1,0
0.0,0,4,2,0.1872504821728198,0,315.55653092897995,0,0
1.0,0,1,0,-1.1126091648822356,1,342.54902367459994,0,0
0.0,0,1,0,-0.12754035843078243,0,117.13707730575615,1,0
0.0,0,3,0,0.5480503628398339,2,172.0131897075583,1,0
0.0,0,3,1,-0.39646718506054723,2,48.750646975249346,0,0
1.0,0,1,0,0.16153926203603952,0,61.10232639916122,0,0
0.0,0,0,0,-0.4098381490960324,0,144.97958397468295,0,0
25.954196780158327,0,4,1,3.4591476867959083,0,1.9141214296777578,0,1
0.0,0,3,0,-0.1467170227295895,0,43.12483784841942,1,0
0.0,0,2,0,-0.18937490925521488,0,304.03444117994957,1,0
1.0,0,7,0,0.4208449565379384,1,86.39442516324732,1,0
1.0,0,2,1,-1.2465174111433521,0,112.75246076641754,0,0
1.0,0,0,0,-0.15810999511284365,0,311.51781705173295,0,0
3.0,0,0,0,0.9071175704585631,0,185.3283658339167,0,0
0.0,0,1,0,-0.3065263979471347,0,226.73402428664906,0,0
1.0,0,2,2,0.22522619242494035,0,292.6773372592807,0,0
0.0,0,2,0,-0.12294786870940239,0,207.0852467604334,0,0
0.0,0,1,0,0.34635965960074183,0,55.06327802627042,0,0
1.0,0,1,0,1.2520163545184189,1,363.2434850955989,0,0
0.0,0,2,1,0.21526921349770226,1,380.55812983598224,0,0
0.0,0,3,0,0.5463816942945623,0,159.76556750133088,1,0
0.0,0,3,1,0.2592984672049789,0,205.83838453389455,0,0
2.0,0,1,0,-1.059377451305583,0,223.6815628417382,1,0
1.0,0,1,0,-0.38477078888828625,0,258.22430943181973,0,0
0.0,0,2,0,-1.1730749122118056,0,128.22857509241834,0,0
3.0,0,3,0,-0.7218280819927175,0,181.1287032516406,3,0
2.0,0,2,0,0.2831120658266623,1,116.88933276130359,0,0
0.0,0,1,0,-0.24457096511422616,0,178.14579506773225,1,0
1.0,0,2,0,1.4507695180068976,0,177.02390492254514,0,0
0.0,0,5,0,-0.9237297419296326,0,104.954397416347,0,0
0.0,11,18,0,3.314613368038258,0,0.35744483250085257,0,1
0.0,0,1,0,0.5055909441917997,0,163.93448567736093,0,0
0.0,0,3,0,0.5558664394424702,0,98.75966039122639,0,0
1.0,0,1,0,1.082410294792334,0,62.41130884577772,1,0
1.0,0,3,0,0.6499910249036105,0,251.2568743305075,0,0
0.0,0,1,1,0.6587511592194019,0,75.97374690354732,0,0
1.0,0,5,1,-1.1034791592319,0,300.72514805601196,0,0
2.0,0,3,0,-0.9927684923590476,2,181.24914891821587,0,0
0.0,0,0,0,-0.6845480262262357,0,111.10319488708956,1,0
0.0,1,3,0,-0.19971300391758062,0,316.65540616275393,0,0
0.0,0,1,0,1.2433810108225827,0,215.44194771766342,1,0
1.0,0,1,0,-1.143873911369232,0,138.4651256483083,0,0
0.0,0,1,0,0.4429827669556245,0,75.77613770225989,1,0
0.0,0,3,0,-0.8216656059410115,0,153.317291989251,2,0
0.0,0,1,1,-0.23039951909854806,0,322.35917628614095,0,0
3.0,0,2,0,0.5033295716571856,1,308.5186874199343,0,0
0.0,0,2,0,-0.9162377444532228,0,37.66675706477413,0,0
1.0,0,2,0,-0.7153729555858257,0,318.0140933102235,0,0
0.0,0,3,0,0.5678162850287056,0,368.4209368671398,0,0
1.0,0,2,0,-1.0606104064930564,0,219.98052688018885,0,0
2.0,0,1,1,-0.9737118715544469,0,197.76112953109674,0,0
0.0,0,3,1,0.5447827580183062,0,369.87386440262725,1,0
0.0,0,1,0,-1.2237080713369561,0,128.2042650780336,0,0
0.0,0,1,1,-0.4149334193118895,1,298.2703174751299,0,0
1.0,0,5,0,-0.38564671454133204,0,340.4080599881559,1,0
0.0,0,2,0,1.3191995732749637,0,386.4734014442422,1,0
3.0,1,5,0,1.0589513408857172,0,230.119575937297,0,0
0.0,0,1,0,1.7695489039641228,0,300.5516125619818,1,0
0.0,0,1,0,-0.05300419941517266,0,200.3004395296204,0,0
1.0,0,0,0,-0.5621051909235074,0,29.381937387196643,0,0
1.0,0,2,0,-0.09578654364765815,0,294.9172903754189,0,0
0.0,0,1,0,0.04967441438385968,0,50.681873180186344,0,0
1.0,0,1,0,-0.508247473030234,0,45.809832596855216,1,0
1.0,1,0,0,0.596673928293798,1,287.3058814601196,0,0
0.0,0,3,0,-0.60945200158165,0,109.51640384040613,1,0
0.0,0,2,0,1.4026247685472184,0,191.91186951556955,0,0
0.0,0,1,1,0.6923034548875641,0,159.88641297220585,1,0
0.0,0,1,1,0.2327538674491898,0,162.48385079064238,0,0
0.0,0,3,0,-0.09709316618466318,0,41.75616674403412,0,0
1.0,0,4,0,0.02410557586134414,0,398.6156613349741,0,0
1.0,0,3,0,0.5778495481270237,1,351.407640684085,0,0
1.0,0,1,0,-1.1545032409441107,1,246.0668294355373,1,0
2.0,0,1,0,0.4771463642044282,1,238.8264928345848,0,0
0.0,0,1,2,1.1652368851207422,0,270.1452840781234,0,0
0.0,0,2,0,1.0913565370814287,1,343.2213319630963,0,0
0.0,0,2,0,-0.38160838053050794,0,378.3721128685271,0,0
2.0,0,1,1,-0.13107825235342146,0,354.6709791254196,0,0
1.0,0,0,0,0.1521845707251518,0,246.68881681233614,1,0
0.0,0,3,0,-0.33466370387358285,0,89.01827837435872,0,0
0.0,0,2,0,-1.2092786572774799,0,173.32450125945272,0,0
2.0,0,2,9,0.9956397812363056,3,0.55667966124,0,1
0.0,0,0,1,-0.1801431460814309,0,86.87475009745894,0,0
0.0,0,3,0,0.025030120513730797,0,52.16687413417946,0,0
1.0,0,1,0,1.5074949249492815,0,41.77868753364986,0,0
0.0,0,1,0,-0.960808160803628,0,84.65233970655564,1,0
0.0,0,1,0,0.5386445543558457,1,216.02841364495086,1,0
0.0,0,2,0,-0.6749567658330442,0,232.95736539790278,0,0
0.0,0,3,0,-0.96202489159925,0,289.2412488639441,1,0
0.0,0,4,0,0.9819409235103698,0,338.1556098488952,0,0
0.0,0,4,0,-0.927680533217424,1,157.49531567220842,0,0
1.0,0,3,1,-0.5554519629563758,0,382.9133314629028,0,0
0.0,0,2,0,0.9440671411190957,0,315.58964080218715,1,0
2.0,0,1,0,0.20197178204175228,0,393.3639913473172,0,0
1.0,0,4,0,0.4521409647300348,0,217.75460097008173,1,0
2.0,0,0,0,-0.04414278964411403,0,46.977226502567895,0,0
1.0,1,0,0,-0.5712245246425263,0,379.13916383441483,0,0
1.0,0,4,0,0.681082564128409,0,186.77428146842752,2,0
0.0,0,5,0,-0.5334414602377102,0,220.82858007707688,0,0
0.0,0,2,0,0.37990835965207176,0,87.97685428803736,0,0
0.0,0,2,1,-0.19512358046412104,0,110.71089658575123,0,0
0.0,0,3,0,1.9939147461306863,1,309.47124441489757,0,0
0.0,0,0,0,0.21107847013986314,0,282.4671571673816,1,0
0.0,0,2,0,0.5233484042320582,0,346.6684676675879,0,0
1.0,0,1,0,1.1301153822996326,1,361.53788110023135,2,0
0.0,0,2,1,0.21691467383448165,1,334.9512283932473,0,0
1.0,0,3,0,0.0790084291645362,0,264.1630631776512,0,0
0.0,0,1,0,-1.2313777984622185,0,162.03036065333956,2,0
0.0,0,3,0,-0.5719695473562878,1,40.12459956823525,2,0
1.0,1,2,0,0.22847165349353046,0,49.77608210141393,0,0
0.0,0,2,0,-0.8427894233625421,0,55.84985732957162,0,0
0.0,0,2,0,0.9874067935877261,0,107.99329072913545,0,0
0.0,0,3,0,0.1667082853474211,0,100.60214340979599,0,0
2.0,0,2,1,0.5161544202287598,0,220.90392822934683,0,0
2.0,0,4,0,1.2631171432224138,0,288.8533657760762,0,0
0.0,0,3,0,0.6522655359817741,0,112.68447901126385,0,0
45.89830613735886,0,0,0,3.892460824827019,0,0.0986568488849453,0,1
0.0,0,1,19,3.0739948123922516,3,0.16598594894183427,0,1
0.0,0,0,2,-0.9132462624977619,0,153.34998396023005,0,0
0.0,0,3,0,-0.7051229634205229,0,222.6143648304074,0,0
0.0,0,1,0,0.17073711926113477,0,26.2123488867489,1,0
0.0,1,4,0,-0.2947880466252667,0,113.06987554720871,1,0
0.0,0,0,0,1.5434045545191117,0,93.083594751041,1,0
0.0,0,0,1,-0.5078016257893191,0,201.00844486931663,0,0
0.0,0,1,0,-1.511127569629834,0,193.94272814856743,0,0
0.0,0,4,0,0.9092591850072687,0,267.6543583652689,0,0
0.0,0,1,0,-0.5542083044799146,0,202.31832713859998,1,0
0.0,0,1,0,0.5099955913643897,0,211.49677131313962,2,0
0.0,0,3,0,0.07343958474583567,0,90.5908984738706,0,0
0.0,0,2,0,0.27367317313235423,0,52.95707819707782,0,0
0.0,0,2,0,0.014163374023208844,0,143.373172678793,1,0
0.0,0,2,0,-0.039023331765797004,0,20.94106285765484,0,0
0.0,0,2,0,0.5551098267862578,0,207.8001107351718,0,0
0.0,0,2,0,0.2077394159752205,1,293.94656367197354,1,0
0.0,0,3,1,-0.11344833277535392,0,309.3118813586294,0,0
0.0,17,23,0,3.169047156980395,0,0.9337107258968707,0,1
0.0,0,1,0,-1.0580572367062195,0,109.65051131169764,0,0
1.0,0,3,0,-2.1246612885118323,0,280.1501198027928,1,0
0.0,0,0,0,1.283527958529815,1,147.9108940916822,0,0
1.0,0,1,0,-1.4156105282828992,0,260.97326165861205,0,0
0.0,0,4,0,-0.9568806384941247,1,387.17164336341375,1,0
0.0,0,1,0,0.12107704395648869,1,179.07145142177026,0,0
0.0,0,2,0,0.3510231711302542,0,63.03358370764283,0,0
0.0,1,3,1,-0.900642658583996,0,211.66506730897058,0,0
2.0,0,0,1,-1.0291997452312567,0,158.67815396779284,0,0
1.0,0,0,0,-1.3214024034797942,0,119.09259720738632,0,0
0.0,1,3,0,-0.3580012284465845,0,330.3303574159025,0,0
1.0,0,2,0,0.033951762400189864,0,193.76797849733416,0,0
0.0,0,1,0,-0.32423178750420867,1,322.63193392746626,1,0
4.0,0,3,0,0.15039119065281373,1,244.30458251715325,0,0
0.0,0,3,0,0.610738235528717,1,42.47522974370715,0,0
0.0,0,3,0,-0.6519010179752746,0,281.38963797376977,1,0
0.0,0,2,0,-0.9342084790759222,0,152.78239302617504,0,0
0.0,0,1,0,0.6654954020700592,0,306.7972967030391,0,0
0.0,0,5,0,-0.26153548965081147,0,161.1679962841309,0,0
0.0,0,3,0,0.19221268337997124,0,95.35704660165898,0,0
1.0,0,1,0,0.8020810510780927,0,116.94013944498936,2,0
0.0,14,18,0,3.619588518232548,0,1.1805650091895812,0,1
0.0,0,3,0,-0.5565131237476403,0,73.97855656437238,0,0
0.0,0,2,0,0.26685016254913413,1,332.2040212184505,2,0
2.0,0,3,0,-0.5671053021022082,1,41.85682192469165,1,0
0.0,0,7,1,0.03265388613814188,0,374.06123824893183,0,0
0.0,0,1,0,-0.018428195114773154,0,360.85568591092215,0,0
1.0,0,2,0,-0.833626975692763,0,258.0216525746249,1,0
0.0,0,0,0,0.6573757642100096,1,197.6699394238068,0,0
1.0,0,0,0,1.043937102073693,0,381.1970363797226,0,0
2.0,1,3,0,-1.1171970196401395,0,124.80245900571155,0,0
0.0,0,1,0,-0.6283529176970899,1,388.12095188644207,0,0
0.0,0,2,0,2.0376260801651553,0,55.36665153959305,0,0
0.0,0,2,0,0.3325357549763732,0,154.50930973267253,0,0
0.0,0,2,0,0.1588133670791626,0,118.50884848313207,0,0
0.0,0,2,0,-0.4730571109934418,0,287.33849290374525,1,0
0.0,1,3,0,-1.1970846015864447,0,30.752834627296906,1,0
1.0,0,1,0,0.7826145641556996,0,138.68852186454876,0,0
0.0,0,3,1,0.4212630419884608,0,163.9587076269071,0,0
0.0,0,5,1,0.17197744078692723,1,294.84205396214406,1,0
0.0,0,1,1,-1.0753449064281018,0,262.95036803664357,1,0
1.0,1,2,0,1.1184232785678574,0,42.7106808571371,0,0
1.0,0,2,0,1.1388155408168767,0,219.35642523981028,0,0
0.0,0,1,1,-0.35808711702856566,0,226.0575989776261,1,0
0.0,0,3,0,-0.03670558284471006,0,285.39644049030585,0,0
0.0,0,3,0,0.004530268503038166,0,32.73845847018384,0,0
0.0,0,1,0,0.11465667610518332,1,121.48907731386399,0,0
1.0,0,0,0,-1.1895515088649322,1,188.76084218448344,0,0
1.0,0,4,0,-0.6574482520285327,1,385.104834030433,0,0
1.0,1,1,0,-0.22206495057091083,0,43.43048353607804,0,0
0.0,0,1,0,-0.11732232902209627,0,38.19043483548122,0,0
0.0,0,0,0,0.5687085604794891,2,370.27397873786447,0,0
1.0,0,1,0,0.4513010883835902,0,268.5163553347284,0,0
4.0,0,0,1,1.2061330753133297,1,84.55375728174478,0,0
2.0,0,4,0,-1.6876308295969098,0,236.40856973230674,1,0
0.0,0,3,0,0.03867519692577624,0,312.1961401041383,0,0
0.0,0,2,0,-1.8771634733778286,1,28.213122956375813,0,0
0.0,0,3,0,0.6541641279299129,0,279.2238919372788,0,0
0.0,0,2,0,-1.5138350096236763,0,178.6952347013705,0,0
2.0,0,5,0,1.3287775078154005,0,146.07598075603016,0,0
0.0,0,7,2,-0.3221030816411343,0,214.53366985427252,0,0
1.0,1,2,0,0.6558716444968811,0,280.2850134864402,0,0
0.0,0,1,1,0.13720925089715805,0,96.76790505610697,1,0
0.0,0,0,0,-0.49086483537899367,0,37.60378749263405,2,0
0.0,0,0,0,0.00013061231841528077,0,165.50291502578872,0,0
0.0,0,3,0,0.8876589662579518,3,299.69123613710485,0,0
0.0,0,1,1,-1.5705122786543173,0,256.54176349574914,0,0
0.0,0,0,0,-0.2827936925827394,0,334.12421172977054,0,0
1.0,0,0,0,1.143425394728148,0,295.40046104267174,0,0
2.0,1,2,0,0.4343853433211555,0,82.81637901191704,0,0
0.0,0,5,0,-0.0622687239139506,0,390.2122090874124,1,0
1.0,0,4,0,0.17270402258170842,1,111.51456693849175,0,0
0.0,0,3,0,0.8424181975747733,0,157.75896537589355,0,0
0.0,0,1,1,0.04356026483660861,1,116.51848184739906,1,0
1.0,0,3,0,0.09321740687821774,0,370.2015647479695,0,0
1.0,0,1,0,0.7590905418754683,0,330.3804666474558,0,0
1.0,0,3,0,-0.05388512202858223,0,71.29849022396063,0,0
0.0,0,2,0,-0.19253071612670158,1,48.04246668157792,0,0
0.0,0,2,0,-1.1049266264903141,0,332.0867659866967,0,0
1.0,1,3,0,0.0466517127585806,0,100.33406480385374,1,0
0.0,1,3,0,0.7263181971825705,0,83.10921542174512,1,0
0.0,0,2,0,0.42928477191356473,0,290.89982105543584,2,0
2.0,0,2,0,-1.2417534781239614,0,274.6732662756293,0,0
0.0,0,0,0,1.1881818790572127,0,101.46784962242236,0,0
0.0,0,3,0,0.33364097923234987,0,202.99546609525845,0,0
1.0,0,3,0,-0.4871780704487333,0,397.9674020003697,0,0
0.0,0,3,0,0.3758264003698612,0,56.34415860466388,0,0
0.0,0,3,0,0.25975762448576367,1,196.46062765326977,0,0
0.0,0,1,0,0.3926044771357289,3,292.2456032039876,1,0
1.0,0,3,0,0.15052880433277147,0,212.23057012243984,1,0
0.0,0,1,0,0.0012162144980637738,0,173.55139792003888,0,0
0.0,0,1,0,0.42925315104020856,0,186.6720566195938,1,0
0.0,0,0,0,-0.9032206815315805,1,399.6602633361473,0,0
2.0,0,3,0,0.5026731004955827,0,58.943358933775606,2,0
0.0,0,2,0,0.5888722744490497,1,367.9393476011481,0,0
0.0,0,1,0,1.4157472663843507,0,20.904593722215527,0,0
1.0,0,0,0,-1.969245039588782,0,388.48826607847104,0,0
0.0,0,5,1,-0.1589285583383625,0,359.0055945454535,3,0
0.0,1,1,1,-0.19090506356996192,0,241.7051647707494,0,0
0.0,0,4,0,-0.5664698862134399,0,207.51901369549722,0,0
0.0,1,6,0,-0.21199852591197899,0,41.67579228910556,1,0
0.0,0,0,0,-0.2966353185856577,0,356.0134932982009,0,0
1.0,0,2,0,0.10265951767436819,0,349.07790058848866,0,0
1.0,0,1,0,0.19008332535561717,0,27.73847532446117,0,0
2.0,0,0,0,-0.17943509540612562,2,189.43687295450022,1,0
1.0,0,1,0,0.7287545046525659,0,317.2865596288772,0,0
0.0,1,1,0,0.7227044769351858,2,347.41060267142274,1,0
0.0,0,3,2,-0.08060702489847928,0,171.74355094715776,1,0
0.0,0,2,1,-1.858170321049304,0,50.39512669819955,0,0
0.0,0,3,0,-0.5235229929598632,0,310.0707599147869,1,0
1.0,0,1,1,-0.455836834637596,0,302.9570099482079,0,0
1.0,0,3,17,2.7448422108804413,7,0.46810511562479906,0,1
1.0,1,1,0,-0.8418828448024676,0,137.81709131320576,1,0
30.49271255682278,0,1,0,1.321238463755396,0,1.7796642008863806,1,1
0.0,0,3,0,1.0213996936231262,0,281.0826134514935,0,0
2.0,0,3,1,0.3565939479013296,0,149.14090983544247,0,0
0.0,0,1,2,-0.5369846104009716,0,370.2242728642963,1,0
0.0,0,3,0,0.8754082445112662,0,242.30170472476976,0,0
1.0,0,0,0,-0.07656014571091291,1,176.48521845215888,1,0
0.0,0,1,0,-0.2841226064725877,0,148.36852820794027,1,0
0.0,1,1,0,0.4033103957846425,1,63.93926611459892,0,0
2.0,0,1,0,-0.49907077794307275,0,155.22095578827634,0,0
1.0,0,2,1,0.8420098639929293,0,181.48059933686466,0,0
0.0,1,1,0,0.30038592024129745,1,63.18676507812026,0,0
0.0,0,0,0,-0.21446991719862882,0,122.30570542383415,0,0
0.0,0,1,0,1.6212075167155136,0,129.24139860483515,0,0
0.0,0,3,0,0.8319186456871459,1,155.95859493439556,0,0
1.0,0,0,0,0.48713315007565505,0,228.33983669789052,1,0
2.0,0,0,0,-0.3972741358220751,1,365.7856622493433,0,0
1.0,0,2,0,-0.152916577971114,0,225.36216693463064,0,0
3.0,0,2,0,0.1712343548526678,1,34.84221726874152,0,0
0.0,0,2,0,-0.710747492153005,0,266.01387460411337,0,0
0.0,0,2,0,-0.5252278814216342,0,78.81455145611683,0,0
2.0,0,2,0,0.23997691556372103,0,358.04095316564957,0,0
1.0,0,2,1,0.11398346878153975,0,144.5789053686586,0,0
1.0,0,3,0,0.15579388381919976,0,379.920749818888,0,0
0.0,1,1,0,-0.09078000752973779,0,261.5298310252017,1,0
0.0,0,1,0,-0.5421478780968088,0,377.6300008800845,0,0
1.0,0,5,0,-1.2257583003688353,0,272.57574518860156,0,0
2.0,0,5,0,0.27802371388260916,0,221.3102139567443,1,0
0.0,0,0,0,-0.5656278335793856,0,61.84661214379909,1,0
0.0,1,3,1,1.2616733419334798,0,260.54400456559245,1,0
0.0,0,2,0,-0.44460274922000353,0,128.8335075923552,0,0
0.0,0,1,0,-0.9456843286337739,0,248.1179641405081,0,0
0.0,0,2,0,-0.10465846582445111,0,271.6463594085011,0,0
1.0,0,3,0,-0.43879526488657317,0,69.32172255134125,1,0
0.0,0,2,1,0.595246265177627,0,158.80862634408112,1,0
0.0,0,0,18,5.674183559034599,7,1.2957817690118378,1,1
0.0,0,3,0,1.2851636087958942,0,103.72924572664095,0,0
0.0,0,2,0,0.5837660106236767,0,233.4357804408241,0,0
0.0,0,3,0,-0.7913258998763131,0,217.5358853551725,1,0
0.0,0,1,1,-1.244515811648892,0,219.74417704394384,0,0
0.0,0,2,1,2.05344508913562,0,115.09403466480364,0,0
1.0,0,2,0,-0.231818824328752,0,300.75075298168423,1,0
0.0,0,2,0,0.33526555519904616,0,173.4438512132432,0,0
2.0,0,3,1,-0.49391376945884113,0,201.89246122085666,0,0
2.0,0,2,1,-0.0775863996089352,0,171.23361378559667,0,0
1.0,0,1,0,-0.7847251019548095,0,119.73282356050775,0,0
1.0,0,6,0,1.338535979864494,0,333.10035834175113,0,0
1.0,0,4,0,-0.3715206811548045,0,286.2593079259759,1,0
0.0,0,5,0,0.4209591173905592,0,239.63416796555612,0,0
1.0,0,2,0,-1.201246344025037,0,379.14821709011727,0,0
0.0,0,2,0,0.8195075455056827,0,139.42654610400967,0,0
0.0,0,2,1,-0.2855865615593975,0,175.41726684129563,0,0
1.0,0,2,0,0.002227974413209375,1,327.12902857672935,0,0
0.0,0,1,1,0.5369341809881973,0,134.9436504514366,0,0
2.0,0,1,0,-0.4891676734666714,1,163.67202065302206,0,0
0.0,0,2,0,-0.6200201226837728,0,274.9280596302477,0,0
1.0,0,0,0,-1.4052992849065684,0,328.2129071012854,2,0
0.0,0,0,0,-0.1837733171435768,0,32.33618956894026,0,0
1.0,0,2,0,1.001191051997772,0,42.29310223674343,0,0
0.0,0,2,0,0.257500639498568,0,50.09661751065599,0,0
0.0,0,3,0,0.5502574760372172,0,251.66017986947918,1,0
0.0,0,1,0,1.9812349852528905,0,262.7513033206774,0,0
1.0,0,2,0,-1.3034103706657145,1,357.16762233757095,0,0
1.0,0,0,1,-0.317011116142458,0,363.5656652079357,0,0
0.0,1,1,1,-1.1636497002545547,0,61.680606897517855,0,0
1.0,0,1,1,0.454425730148168,1,270.1435653712316,0,0
0.0,0,2,0,-0.1844758043643954,0,384.51390731990625,0,0
1.0,0,0,0,0.9944410911900166,0,211.61429508346006,1,0
0.0,0,1,1,0.26273273009901915,0,163.58071731521483,1,0
1.0,1,2,0,-0.8179657319234255,0,349.9649066679626,0,0
1.0,0,3,1,0.5495915293057578,0,210.47561501094717,0,0
0.0,0,1,0,1.225234926898077,0,232.85156054313484,0,0
0.0,0,1,0,0.4052503202623764,0,64.56837507339182,0,0
0.0,1,1,0,0.011625195980525261,0,391.73861188103257,0,0
1.0,0,1,0,0.46755560210754843,0,291.4215940989404,2,0
0.0,1,4,0,-0.5629731215159287,0,103.3391949123053,0,0
1.0,0,3,0,-0.43967385082293253,0,343.87215902165883,1,0
0.0,1,2,0,0.18014218876958332,0,140.1899685741015,0,0
2.0,0,3,0,-0.8792200935283468,0,43.398242704351155,0,0
0.0,0,1,0,-1.1376499582481256,0,43.182674084861155,0,0
1.0,0,4,0,0.06553124184510975,1,153.2390075693758,1,0
0.0,0,1,1,0.1275345841852187,0,188.55004689991875,0,0
0.0,0,3,0,-0.38989973005944406,0,204.47165145485533,0,0
0.0,0,2,0,0.9056054701992546,0,375.952651584117,0,0
0.0,0,0,0,0.20047199953041994,0,292.3432854902994,0,0
0.0,0,2,0,0.7424660841346059,0,69.77352210665126,0,0
0.0,0,2,1,-0.419835609312963,0,399.20994663664817,0,0
0.0,0,2,0,-0.4910375029590949,0,317.68357313179774,0,0
2.0,0,0,0,0.8141574342401642,0,176.8909503573848,0,0
1.0,1,2,0,0.5701737413260737,0,24.14283744048543,0,0
1.0,0,6,0,-0.2572032876692097,0,165.15916150743564,0,0
2.0,0,2,0,0.00816975642748687,0,263.6786787068927,0,0
0.0,0,1,1,-0.19879108956853506,0,194.94714235335698,1,0
0.0,1,1,0,-0.9887259727722584,0,204.9973654843903,0,0
0.0,0,5,0,-1.1568619001701004,0,24.763228776780018,0,0
0.0,0,0,0,0.10481258525446611,0,82.7720603815227,0,0
3.0,0,1,0,-0.8975744776130725,0,349.8790203360934,1,0
0.0,1,1,0,0.9587371309256452,0,270.9505556848558,0,0
0.0,0,3,0,0.4925388951007086,0,233.5677894689063,0,0
0.0,0,0,0,1.9830332035722418,1,241.05763892237852,0,0
1.0,0,0,1,-0.13819135191165557,0,94.3191409510939,1,0
1.0,0,3,0,1.5180300217587053,0,271.62662827024667,0,0
0.0,1,2,1,-0.37488285462286547,1,21.057054622658246,0,0
1.0,0,2,0,0.2741791997766911,0,153.33929721292884,0,0
0.0,1,2,0,-0.34595285321020164,0,234.1285540555119,0,0
0.0,0,2,0,-0.017247866887926684,0,220.9570218981002,1,0
0.0,0,3,0,-1.4450894237021958,0,43.76448576219407,1,0
0.0,0,2,0,1.4406639678857744,0,227.44964717191255,1,0
0.0,0,2,1,-0.8366665748387796,0,389.34153494952915,0,0
2.0,0,1,0,-0.7249830240924134,1,302.8490392957787,0,0
1.0,0,2,0,1.609170673057869,0,95.032932400743,0,0
0.0,0,2,0,0.5223349527000415,0,215.3002161340797,1,0
1.0,0,1,1,0.6406991166443214,0,103.09769409058067,0,0
0.0,0,1,0,-0.6499225032531976,0,129.12107755878571,0,0
0.0,0,1,0,-0.08885280102388358,0,116.2063799870133,0,0
1.0,0,2,0,-0.6662165222298944,0,114.9495398074995,1,0
0.0,0,1,0,0.5575249791193955,0,229.92386505136196,0,0
0.0,0,1,0,-1.4085231603789947,0,360.6820909741263,1,0
0.0,0,0,0,-0.7441808145457594,0,72.29068438401337,0,0
0.0,0,6,0,-0.1881966046774954,0,381.9247730682949,1,0
1.0,0,2,0,-0.333326816706312,0,23.477356783504806,0,0
1.0,0,1,0,0.5037042239700742,0,181.72301724647278,0,0
1.0,0,0,1,0.6593975465533438,0,262.76107667277097,0,0
0.0,0,1,1,1.3889027475588902,0,217.84758256362213,1,0
0.0,0,3,0,-0.8909160145762993,0,271.10696625804036,0,0
0.0,0,1,0,-0.6499751805143757,0,198.2181940619346,0,0
0.0,0,0,0,-0.3564355569465573,0,79.29196761112459,0,0
0.0,0,2,0,-1.181978451729037,1,128.840816767585,0,0
1.0,0,3,0,0.1280017635751932,0,256.2999337110485,0,0
1.0,0,1,1,-0.29609472319259555,0,278.0574622621601,0,0
0.0,0,5,1,-0.9922934872840596,0,123.90320307146143,0,0
3.0,14,19,1,2.64736008921511,0,0.6243238465215912,1,1
0.0,0,0,0,0.012145840570500638,1,357.2504592308327,0,0
0.0,0,4,0,1.2050408619336668,0,79.65158212968382,2,0
1.0,0,0,0,0.7517560453782455,1,316.61188260458755,1,0
0.0,0,3,0,0.25033320194406716,0,301.78215698558904,0,0
0.0,0,2,0,-0.2684374450000724,0,263.0560136391966,0,0
1.0,0,1,1,0.09452940131615567,1,114.58305142416052,0,0
0.0,0,0,0,1.1820886895188114,1,265.9951585353543,0,0
1.0,0,2,0,-0.11365947138743565,0,349.4565064717386,1,0
2.0,0,1,0,-0.09442746005908602,0,31.50280848849799,1,0
1.0,0,3,0,0.8336461045896,0,159.74167751329796,0,0
0.0,0,2,1,0.015024784583827486,0,36.0629485618436,0,0
1.0,0,0,1,1.620643577984417,0,184.2470107017658,0,0
0.0,0,2,0,0.6978717859824891,1,257.04842517966574,1,0
0.0,0,0,2,-0.6262400637520927,0,310.38120265711916,0,0
0.0,0,2,0,0.13659700941648448,0,253.81905276405107,0,0
1.0,0,1,0,-0.7022917301878442,0,229.38773797644131,0,0
0.0,0,4,1,0.2024054185642628,0,117.5147286740709,0,0
0.0,1,1,0,0.07549810679775426,0,283.3186991405628,0,0
1.0,0,2,0,-0.5026131539724362,0,294.0612142025967,0,0
0.0,0,1,0,-0.14198036845345116,1,362.05878439957894,1,0
2.0,0,1,0,0.31652634823120973,0,346.77716648961285,0,0
0.0,0,4,0,0.30905142821509346,0,32.593685051146174,1,0
1.0,1,1,0,-0.26666473378441585,0,324.86630783870106,0,0
0.0,0,1,0,1.2715094174038448,0,257.1851493668892,0,0
0.0,0,2,0,-0.3101859747495988,0,356.1497020422,0,0
1.0,0,5,0,1.5586218306756514,0,302.86062869839793,0,0
1.0,0,2,0,1.0196428893282858,0,108.50491058264222,0,0
1.0,0,0,0,0.09220611210041434,1,195.96796641567295,0,0
0.0,0,1,1,0.45502392048408224,0,31.109730086996546,0,0
1.0,0,3,1,-1.209596921678466,0,205.80741369106116,1,0
0.0,0,4,0,0.29426010843379014,0,129.25625499442805,0,0
1.0,0,1,11,2.065208665216691,5,1.0942814822511508,2,1
0.0,0,3,0,0.9036946961478156,0,34.170636086494284,1,0
1.0,0,0,0,-0.893958704651082,1,391.2272012690719,0,0
1.0,0,5,0,-1.6442111969678672,0,250.24560835415548,1,0
1.0,0,0,0,-0.57893253069098,0,325.76624059019537,0,0
1.0,0,2,0,0.4512372795554038,0,176.62163556819124,0,0
2.0,0,1,0,0.5001035510944226,0,76.41214246750641,0,0
0.0,0,4,0,-0.012500533227751218,1,190.46374960141145,0,0
2.0,1,3,0,-1.2388068558499965,0,330.9420229633115,0,0
0.0,0,3,7,4.419092942010761,7,0.23779575260702557,0,1
0.0,0,2,0,0.12712368856670817,0,68.15776567962826,1,0
1.0,0,2,0,0.08951578807948181,1,352.64415179394365,0,0
0.0,0,2,0,0.04161277560487882,1,141.4049048226593,0,0
3.0,0,1,0,0.3967448911027859,0,74.15005039240648,0,0
0.0,0,1,0,0.07063271241542916,0,384.53188525973906,1,0
1.0,0,0,0,-0.12124564552042238,0,104.26795858508785,1,0
0.0,0,1,0,1.7140195800130487,0,237.61543278530823,1,0
0.0,0,3,0,1.4697099393205637,0,312.681238602748,0,0
0.0,0,2,0,-0.5716657758349923,0,364.2146756457097,1,0
0.0,0,1,0,0.15294303742471185,0,186.91709726352974,0,0
0.0,0,1,0,0.4652857297271218,1,297.3020657504975,1,0
1.0,0,2,0,-0.2534920044755025,0,119.20458051546333,0,0
1.0,1,0,0,-0.6382648814885021,0,357.37140105363875,1,0
0.0,0,1,0,1.0533857260534247,1,220.77746562787723,1,0
0.0,0,2,0,-0.9661165913008534,0,126.3295860665459,0,0
0.0,0,4,0,0.5066697944464685,0,384.07525273627715,0,0
0.0,0,0,0,-0.45772254301655596,0,369.54330366223405,0,0
0.0,0,0,0,-0.24271992779186136,0,395.5406117641713,1,0
0.0,0,3,0,0.9978385523098116,0,386.61826223033586,1,0
1.0,1,5,0,0.45529681491780516,0,368.43791713383644,0,0
0.0,0,2,0,-0.07379337047735536,1,164.88840778832514,0,0
0.0,0,2,1,-0.7046671715553687,0,173.03316905684304,0,0
0.0,0,1,0,0.23025377727996804,0,202.61248456059494,0,0
0.0,0,4,0,0.07528601825808812,0,168.8069543618176,1,0
1.0,0,2,0,0.06297042046379649,0,277.40128520603616,0,0
0.0,0,1,0,1.286846732615821,0,71.45198783083424,1,0
17.1349571590094,0,1,1,4.680932645856256,0,1.7512064962042482,0,1
0.0,0,2,0,0.5643663908123885,0,325.6264714498098,0,0
0.0,8,3,0,6.118453266539031,0,0.3960733905050524,0,1
2.0,0,2,0,-1.152360569997334,0,366.9031192660309,0,0
1.0,0,1,0,-0.6886112379756715,0,340.83811877149117,0,0
1.0,1,0,0,-1.4054437290737096,0,188.32059762529357,0,0
1.0,0,2,0,-0.7656889798943272,0,285.5982371152849,0,0
0.0,0,3,0,0.17480724474221,0,173.9196765066299,0,0
0.0,0,3,0,0.5556710384525867,0,218.12216337808024,0,0
0.0,0,4,0,-1.32896363779983,0,223.6467954697191,0,0
2.0,0,0,0,0.8689225466600334,1,116.05675066749657,0,0
0.0,0,1,0,-1.8302387136333502,0,287.0156776905096,0,0
0.0,0,1,0,-0.6633022782151354,0,245.56412811334988,0,0
1.0,0,4,0,-0.09216161941779807,0,23.3457035130509,0,0
0.0,1,0,0,-1.1667344404568434,0,101.0951744719219,0,0
2.0,0,4,1,-0.5945637104201923,0,183.37585809171753,0,0
0.0,0,0,0,-0.7057697175899305,0,86.73275140014354,0,0
0.0,0,0,0,-1.2330024080994453,0,245.4996526452805,0,0
2.0,0,0,0,-0.21038000175665658,0,201.91568313045622,0,0
0.0,0,0,0,0.025965108157416147,0,22.204451452498656,0,0
2.0,0,3,0,-0.5752549177266477,0,326.253140210713,0,0
0.0,0,1,0,0.8949410620484388,0,118.217519595674,0,0
0.0,0,2,0,0.5817687215352332,0,343.8583683029913,0,0
0.0,0,3,0,-1.0432985727592343,0,257.09127244937895,1,0
0.0,1,0,1,-0.84408690524385,0,287.90578661305443,0,0
0.0,0,4,0,0.7112184241401167,0,29.439616649630388,1,0
0.0,0,3,1,0.2780297281698951,0,313.97996352032374,0,0
1.0,0,1,0,1.4914799477911793,0,243.40819938625222,1,0
1.0,0,3,1,0.7678303027688163,0,89.2086731034871,0,0
0.0,0,4,0,0.09753457710180607,0,38.094120484440495,0,0
2.0,0,1,0,-0.060947720348084905,0,337.2249389388833,1,0
1.0,0,2,16,2.8464843900098558,3,0.747223489477576,0,1
0.0,0,0,0,-0.5073405584763184,0,191.1675256493924,1,0
1.0,0,1,0,-0.002934716695277191,0,365.7127307633473,1,0
1.0,0,1,0,0.4115141267885829,0,257.15777241213004,0,0
0.0,0,0,0,-0.40969813162066143,1,46.785753084454946,0,0
0.0,0,1,0,-0.5417272110483528,0,64.76615357048611,0,0
0.0,0,0,0,-0.48615400169271283,0,340.5567106633944,0,0
0.0,0,2,0,-1.4855238681833223,0,252.70092331341942,0,0
1.0,0,0,0,0.9172220399406487,0,108.79990321655103,0,0
0.0,0,6,1,-0.9235239294599662,0,49.90435008185561,0,0
1.0,0,1,1,-0.5345630421671839,0,78.99499231767544,0,0
0.0,1,5,1,-0.6391667762477078,0,392.19891522915316,1,0
0.0,0,2,0,-0.6198549131534928,0,106.53628330088874,0,0
1.0,1,1,0,-0.4551815209786203,0,70.44277082415789,0,0
0.0,0,3,0,0.5584607922118889,1,269.93713500720185,0,0
0.0,0,2,0,-0.04090150333578242,0,87.46597317483793,0,0
2.0,0,3,0,-2.0821932545427724,0,40.85043147268421,1,0
1.0,0,1,0,-1.0103521157557636,0,82.45842121572399,0,0
0.0,0,1,0,1.0783078477021342,0,36.25204081762845,0,0
1.0,0,0,0,-0.5630425417864925,0,284.5484640210487,0,0
1.0,0,2,1,-0.31917070472074033,0,66.48623497684522,0,0
1.0,0,1,1,1.435155912676256,0,290.21167982219504,0,0
2.0,0,0,0,-0.0022772899916690993,0,60.99844130190674,0,0
0.0,0,5,1,-0.2754891881836295,0,205.4991215122967,0,0
0.0,0,2,5,4.0695996912919465,4,1.7893890387923839,1,1
0.0,0,1,0,0.6365943990189112,0,97.61486258927972,0,0
0.0,0,1,1,-1.286070408254127,0,367.64791996617623,0,0
0.0,0,3,0,0.5687060415733329,1,333.89554876369226,0,0
1.0,0,2,0,-0.8599654138192284,0,127.22936570993517,0,0
0.0,0,1,0,0.0439372343631364,0,73.24076911445843,1,0
0.0,0,1,0,-1.1580094060154758,1,220.78174196121546,0,0
0.0,0,4,0,0.7609863117641708,0,342.3754192751068,0,0
0.0,0,2,0,0.9006478017295267,0,289.103831749466,1,0
1.0,0,4,0,-0.1143196587965829,0,207.6209760336897,0,0
1.0,0,1,0,-1.1848964364714545,1,67.68168626624015,0,0
0.0,0,1,0,-0.2132935396416445,0,285.98890395085505,0,0
0.0,0,0,0,0.9077803734019648,0,338.9726422661266,0,0
1.0,1,2,1,-0.5779404388461654,1,228.50208160475185,0,0
0.0,0,0,0,-0.9387968341559296,1,146.21513929912777,0,0
1.0,0,1,0,-0.8914793303267253,0,151.61614968649798,0,0
2.0,1,2,1,2.058526052238818,0,85.39125548630655,0,0
1.0,0,2,1,-0.798526693623018,0,390.60497279939466,0,0
1.0,0,2,0,0.6874633784184829,1,238.41006635839267,0,0
0.0,0,2,0,-0.6409043455515737,1,319.0545891122069,0,0
0.0,0,2,0,-0.013820195581755405,0,316.0984314454489,0,0
0.0,1,3,0,0.9929519142854268,0,377.05082933389184,0,0
0.0,0,1,8,4.147357288024882,6,1.2860383689725443,0,1
0.0,0,3,0,1.1381029966903469,0,179.40385377379724,0,0
0.0,0,3,1,0.33633818229344276,0,383.1045357734657,1,0
0.0,0,2,0,-0.008592106456415475,1,322.81404803311466,0,0
0.0,0,2,0,0.46945477576711137,0,206.29234921605766,0,0
0.0,0,0,0,-0.6224460536392799,0,263.49189228116416,0,0
0.0,0,0,0,0.5629484586550547,0,254.81773245575317,0,0
1.0,0,0,0,-0.3919207595137201,0,179.4570237620504,0,0
0.0,0,2,0,0.6772088869370961,0,291.31901069442233,0,0
1.0,0,0,1,-1.5939942065963384,0,215.12540247066627,0,0
0.0,0,4,0,-0.14266343763577333,0,309.1756420752519,0,0
1.0,0,2,0,-1.7797608378025895,0,223.96107495369927,1,0
0.0,0,1,0,0.6273656457950412,0,196.83792942466658,0,0
0.0,0,2,0,-0.6921467079167996,1,348.42885278797974,0,0
1.0,0,2,0,-0.7894055831489416,0,241.22773167936597,0,0
0.0,0,2,0,-1.0271271307161471,0,95.13824260935344,0,0
0.0,0,0,1,-0.3159402528263566,0,105.04317438591723,0,0
0.0,0,2,0,0.4410487919151817,0,183.2938271865211,0,0
0.0,0,0,1,0.3669472178717304,0,128.11863750541505,1,0
0.0,0,1,0,0.5596176889904995,0,64.97107250306391,1,0
1.0,0,0,0,-1.1080583992457422,0,49.450533610119074,0,0
1.0,0,3,0,0.5492895991586764,0,377.8038691740576,0,0
0.0,1,1,0,1.590010293023502,0,191.00544127337614,0,0
0.0,0,1,0,1.0674999808347818,0,288.7506527026398,0,0
0.0,0,2,0,0.12780668435195008,0,200.94859451308466,0,0
0.0,0,4,0,-1.4552944679764517,0,107.00340369143744,1,0
0.0,2,1,1,1.0550209489269033,0,375.51200196829626,0,0
0.0,0,3,0,-0.023934540006074038,0,122.89552491635595,0,0
0.0,0,4,1,1.2248803032147426,0,374.24532901547786,0,0
0.0,0,2,0,0.9944767997451289,1,114.63739165811558,0,0
1.0,0,2,1,-0.5802578129785098,0,219.59489622334368,0,0
2.0,0,1,0,-0.8349814517348444,0,34.4047145465473,0,0
2.0,0,3,0,1.2219825323996192,0,195.96421065417437,0,0
1.0,0,1,0,1.0106120938978984,1,116.15416266705246,0,0
1.0,0,0,0,-1.3302190619264194,0,287.41137382202027,2,0
1.0,1,1,0,0.14474450638397565,0,80.90881600036604,0,0
0.0,0,1,1,0.39523783421991326,0,211.10407892217404,0,0
0.0,0,3,0,-0.49594228372804183,0,281.6759424630388,0,0
0.0,0,2,0,-2.177216135609647,0,124.72039292183155,0,0
0.0,0,1,0,0.13874232942344883,0,105.17123872795018,0,0
0.0,0,4,0,-0.33441306886782285,1,22.278248684481326,1,0
0.0,0,0,1,-0.7261729478656855,0,310.3928091737478,0,0
0.0,0,1,0,-0.7867359867411214,0,187.57446473217325,0,0
0.0,0,5,1,1.1232662420577928,0,279.3711795398093,0,0
1.0,0,2,0,0.6607096390891329,0,245.37903313174098,0,0
0.0,0,2,0,1.2030545897637794,0,242.31068270607807,0,0
0.0,0,5,0,-2.1012016773547653,0,289.08309222006665,0,0
1.0,0,3,0,0.23528027639575333,2,207.70779414617766,1,0
0.0,0,4,1,-0.43732553606086433,0,285.51750011530623,0,0
0.0,0,1,0,-0.18700126125115205,0,102.78079020826434,0,0
0.0,1,2,0,0.5955964226177338,0,327.09206854778165,0,0
0.0,0,3,0,-0.09300881608801427,0,134.94580852760035,0,0
0.0,0,2,0,-0.40077612446246813,0,68.95038713289529,0,0
0.0,0,2,0,0.2406455507876062,1,398.69265384350354,0,0
0.0,0,1,0,0.04000510203973625,0,132.02131889339256,1,0
1.0,0,3,0,-0.4318017191854798,0,172.51760371340322,0,0
0.0,1,5,0,-0.7594682740959389,0,217.99818218783366,0,0
0.0,0,1,0,-0.33294835455878175,0,22.046381719305572,0,0
0.0,0,3,0,0.35136517513800763,0,106.53993894813694,0,0
0.0,0,1,0,-0.969882067173077,0,83.18264921855467,0,0
0.0,0,0,0,-0.3298211188984688,1,150.89134361814962,0,0
1.0,0,1,0,-0.39885260445858955,0,138.93159470948916,0,0
2.0,0,1,0,-0.20482357008424695,1,329.1321233942934,0,0
0.0,0,2,0,-0.5222016982716209,0,65.39021566417934,0,0
0.0,0,4,0,0.8193251630288849,0,330.29778340222936,0,0
0.0,0,2,0,-0.17644856689480426,0,211.64208869637696,0,0
0.0,0,1,0,0.17074453880855778,0,297.48435457254016,0,0
0.0,0,0,1,0.781995092109368,0,21.97298650061665,0,0
0.0,0,1,0,-1.1401317304473717,0,63.07305707583544,0,0
0.0,0,1,0,0.2954628486584495,0,28.581467856515957,1,0
0.0,0,2,0,-0.567482294759378,0,229.17538053581592,0,0
0.0,0,2,0,-0.19326910954952478,1,335.3089202637973,0,0
1.0,0,1,0,-0.09299481149550028,0,217.31184240959186,1,0
0.0,0,4,0,0.2701287188982732,0,118.54501318545209,0,0
0.0,0,3,0,0.5514831761781371,1,95.42619920036731,1,0
1.0,0,2,0,0.38362959475542824,0,32.350719757511094,0,0
1.0,0,3,0,0.5444860920012067,0,248.62586612571548,0,0
1.0,2,2,0,-0.6769391530220079,0,21.164516178605652,0,0
0.0,1,3,0,0.7675504635254973,0,137.31152053043917,1,0
0.0,0,3,0,0.269934527679282,0,47.45018199057168,0,0
0.0,0,3,0,-0.4041857397552412,0,228.0858681885855,0,0
0.0,2,0,1,0.4650204964403344,0,27.034757816800933,2,0
2.0,0,1,0,0.12052039275843984,0,349.95668240765247,0,0
1.0,0,1,1,0.2553136543604519,0,307.98620518964043,0,0
0.0,0,0,0,1.7651656528106185,0,373.33069066711573,0,0
1.0,0,3,0,0.6182202418484718,1,184.8409423201552,0,0
1.0,0,3,0,1.3220592772364759,0,122.34411119284415,1,0
0.0,0,0,0,-0.1943704987266533,0,160.3078026329287,0,0
0.0,0,1,0,-0.18063782881210438,0,138.9993323102873,1,0
0.0,0,3,1,-0.852219748158521,0,239.55272021519346,2,0
1.0,0,1,0,-2.0876258231247893,1,303.8187212578226,1,0
1.0,0,2,0,-0.019537002689873302,0,189.92096055921496,1,0
0.0,0,1,0,0.7573234576391501,0,98.87916225732297,0,0
1.0,0,3,0,0.11941031764452344,0,129.9820126132363,1,0
0.0,1,2,0,-0.7920650030579581,0,53.85616102965467,0,0
0.0,0,0,0,0.6151067778982062,1,134.91040125268904,1,0
0.0,0,4,0,-0.34260368118899076,0,283.05721483060296,0,0
2.0,0,2,0,-1.9460876405452099,1,275.5224115178794,0,0
0.0,0,2,0,-0.8838191096737136,0,348.371278761289,1,0
1.0,0,0,0,-0.775150198402711,0,179.70315209290047,1,0
0.0,1,5,0,0.7333247620501637,1,220.4412149612114,1,0
0.0,0,3,0,0.40510983853199056,0,294.41085756705723,1,0
0.0,1,4,0,-0.16138977624600603,1,88.12477060073674,0,0
2.0,0,1,0,1.9653809626434482,0,276.79088817488076,1,0
1.0,0,0,0,0.38811603393616806,0,272.94865153532743,0,0
1.0,0,3,0,-0.10919589218878752,0,390.87551252876756,0,0
1.0,0,3,0,-0.42125024291793817,0,346.5089931859056,0,0
0.0,0,1,1,0.30465914362450097,0,390.3528128857028,0,0
2.0,0,1,1,2.1195396771330595,1,353.04589570552184,0,0
1.0,0,0,0,0.914521761601985,0,350.18926148567033,0,0
1.0,0,1,0,-0.08417869563900358,1,51.89605369174632,1,0
0.0,0,5,1,-0.6238946476291087,0,22.970595193017445,0,0
1.0,0,3,0,-0.3866862755332625,0,31.273290306873385,0,0
0.0,0,3,0,0.7692211541753583,0,312.1691575712558,0,0
2.0,0,1,0,-0.38466352685118443,1,349.41560487217953,0,0
1.0,0,2,0,-0.45964998322866085,0,155.43794270944028,0,0
1.0,0,3,1,-1.4995084669064718,0,179.41862557224283,0,0
0.0,1,2,1,-1.0106359111949612,0,392.72834112738707,0,0
1.0,0,3,0,-0.41694729510153306,0,326.0989064172924,0,0
0.0,0,4,0,-1.056340892289498,0,155.02921222203096,0,0
0.0,0,4,0,-0.39228701697669743,0,152.54935363569513,0,0
0.0,0,1,0,-0.04708393033640439,0,194.9007962673969,0,0
0.0,0,1,0,-0.814016767196061,0,124.25524220480159,1,0
0.0,0,1,0,-0.34424244168236334,0,235.21113238760336,0,0
0.0,0,1,0,0.07090524649285126,0,228.5710283073155,0,0
1.0,0,0,0,-0.7828532805197481,0,177.97629998152794,0,0
0.0,0,3,0,0.09077602442430222,0,83.1672151737319,0,0
0.0,0,1,1,-1.2796840312885696,0,207.50690841296293,0,0
0.0,0,1,0,0.8116933441734258,0,85.03119774252067,2,0
0.0,0,3,1,-0.5661935842728486,0,68.44788722205848,1,0
